player_id_team,season,player_id,player_name,player_position,team_id,player_image_url
josh-allen-BUF,2026,josh-allen,Josh Allen,QB,BUF,
kyle-allen-BUF,2026,kyle-allen,Kyle Allen,QB,BUF,
alec-anderson-2-BUF,2026,alec-anderson-2,Alec Anderson,OT,BUF,
joe-andreessen-BUF,2026,joe-andreessen,Joe Andreessen,LB,BUF,
tyler-bass-BUF,2026,tyler-bass,Tyler Bass,K,BUF,
skyler-bell-BUF,2026,skyler-bell,Skyler Bell,WR,BUF,
christian-benford-BUF,2026,christian-benford,Christian Benford,CB,BUF,
terrel-bernard-BUF,2026,terrel-bernard,Terrel Bernard,LB,BUF,
cole-bishop-BUF,2026,cole-bishop,Cole Bishop,SAF,BUF,
jude-bowry-BUF,2026,jude-bowry,Jude Bowry,OT,BUF,
nick-broeker-BUF,2026,nick-broeker,Nick Broeker,G,BUF,
spencer-brown-BUF,2026,spencer-brown,Spencer Brown,OT,BUF,
shane-buechele-BUF,2026,shane-buechele,Shane Buechele,QB,BUF,
dewayne-carter-BUF,2026,dewayne-carter,DeWayne Carter,DT,BUF,
bradley-chubb-BUF,2026,bradley-chubb,Bradley Chubb,OLB,BUF,
travis-clayton-BUF,2026,travis-clayton,Travis Clayton,OT,BUF,
keon-coleman-BUF,2026,keon-coleman,Keon Coleman,WR,BUF,
james-cook-BUF,2026,james-cook,James Cook,RB,BUF,
austin-corbett-BUF,2026,austin-corbett,Austin Corbett,G,BUF,
te-cory-couch-BUF,2026,te-cory-couch,Te'Cory Couch,DB,BUF,
lloyd-cushenberry-BUF,2026,lloyd-cushenberry,Lloyd Cushenberry III,C,BUF,
michael-danna-BUF,2026,michael-danna,Michael Danna,LB,BUF,
ray-davis-2-BUF,2026,ray-davis-2,Ray Davis,RB,BUF,
dion-dawkins-BUF,2026,dion-dawkins,Dion Dawkins,OT,BUF,
tommy-doman-BUF,2026,tommy-doman,Tommy Doman Jr.,P,BUF,
greg-dortch-BUF,2026,greg-dortch,Greg Dortch,WR,BUF,
zane-durant-BUF,2026,zane-durant,Zane Durant,DT,BUF,
kaleb-elarms-orr-BUF,2026,kaleb-elarms-orr,Kaleb Elarms-Orr,LB,BUF,
reid-ferguson-BUF,2026,reid-ferguson,Reid Ferguson,LS,BUF,
deaundre-ford-BUF,2026,deaundre-ford,Dee Alford,CB,BUF,
sam-franklin-BUF,2026,sam-franklin,Sam Franklin Jr.,SAF,BUF,
greg-gaines-BUF,2026,greg-gaines,Greg Gaines,DT,BUF,
chauncey-gardner-johnson-BUF,2026,chauncey-gardner-johnson,C.J. Gardner-Johnson,SAF,BUF,
frank-gore-jr-BUF,2026,frank-gore-jr,Frank Gore Jr.,RB,BUF,
stephen-gosnell-BUF,2026,stephen-gosnell,Stephen Gosnell,WR,BUF,
tylan-grable-BUF,2026,tylan-grable,Tylan Grable,OT,BUF,
shaq-thompson-BUF,2026,shaq-thompson,Shaq Thompson,OLB,BUF,
maxwell-hairston-BUF,2026,maxwell-hairston,Maxwell Hairston,CB,BUF,
damar-hamlin-BUF,2026,damar-hamlin,Damar Hamlin,SAF,BUF,
jordan-hancock-BUF,2026,jordan-hancock,Jordan Hancock,CB,BUF,
jackson-hawes-BUF,2026,jackson-hawes,Jackson Hawes,TE,BUF,
mike-hoecht-BUF,2026,mike-hoecht,Michael Hoecht,LB,BUF,
davison-igbinosun-BUF,2026,davison-igbinosun,Davison Igbinosun,CB,BUF,
landon-jackson-BUF,2026,landon-jackson,Landon Jackson,DE,BUF,
keonta-jenkins-BUF,2026,keonta-jenkins,Keonta Jenkins,LB,BUF,
ty-johnson-x3152-BUF,2026,ty-johnson-x3152,Ty Johnson,RB,BUF,
andre-jones-jr-BUF,2026,andre-jones-jr,Andre Jones Jr.,LB,BUF,
anthony-kendall-BUF,2026,anthony-kendall,Anthony Kendall,CB,BUF,
jalon-kilgore-BUF,2026,jalon-kilgore,Jalon Kilgore,SAF,BUF,
dalton-kincaid-BUF,2026,dalton-kincaid,Dalton Kincaid,TE,BUF,
dawson-knox-BUF,2026,dawson-knox,Dawson Knox,TE,BUF,
keleki-latu-BUF,2026,keleki-latu,Keleki Latu,TE,BUF,
chase-lundt-BUF,2026,chase-lundt,Chase Lundt,OT,BUF,
ja-mori-maclin-BUF,2026,ja-mori-maclin,Ja'Mori Maclin,WR,BUF,
phidarian-mathis-BUF,2026,phidarian-mathis,Phidarian Mathis,DT,BUF,
connor-mcgovern-2-BUF,2026,connor-mcgovern-2,Connor McGovern,G,BUF,
d-j-moore-BUF,2026,d-j-moore,DJ Moore,WR,BUF,
ed-oliver-BUF,2026,ed-oliver,Ed Oliver,DT,BUF,
josh-palmer-BUF,2026,josh-palmer,Josh Palmer,WR,BUF,
t-j-parker-BUF,2026,t-j-parker,TJ Parker,LB,BUF,
ar-maj-reed-adams-BUF,2026,ar-maj-reed-adams,Ar'maj Reed-Adams,G,BUF,
gregory-rousseau-BUF,2026,gregory-rousseau,Greg Rousseau,LB,BUF,
t-j-sanders-BUF,2026,t-j-sanders,T.J. Sanders,DT,BUF,
khalil-shakir-BUF,2026,khalil-shakir,Khalil Shakir,WR,BUF,
tyrell-shavers-BUF,2026,tyrell-shavers,Tyrell Shavers,WR,BUF,
trent-sherfield-BUF,2026,trent-sherfield,Trent Sherfield,WR,BUF,
javon-solomon-BUF,2026,javon-solomon,Javon Solomon,LB,BUF,
geno-stone-BUF,2026,geno-stone,Geno Stone,SAF,BUF,
dorian-strong-BUF,2026,dorian-strong,Dorian Strong,CB,BUF,
o-cyrus-torrence-BUF,2026,o-cyrus-torrence,O'Cyrus Torrence,G,BUF,
deone-walker-BUF,2026,deone-walker,Deone Walker,DT,BUF,
kani-walker-BUF,2026,kani-walker,Kani Walker,DB,BUF,
dorian-williams-BUF,2026,dorian-williams,Dorian Williams,LB,BUF,
jedrick-wills-BUF,2026,jedrick-wills,Jedrick Wills,OT,BUF,
devon-achane-MIA,2026,devon-achane,De'Von Achane,RB,MIA,
tucker-addington-MIA,2026,tucker-addington,Tucker Addington,LS,MIA,
liam-anderson-MIA,2026,liam-anderson,Liam Anderson,LB,MIA,
zayne-anderson-MIA,2026,zayne-anderson,Zayne Anderson,SAF,MIA,
gottlieb-ayedze-MIA,2026,gottlieb-ayedze,Gottlieb Ayedze,OT,MIA,
darrell-baker-jr-MIA,2026,darrell-baker-jr,Darrell Baker Jr.,CB,MIA,
robert-beal-jr-MIA,2026,robert-beal-jr,Rob Beal Jr.,DE,MIA,
chris-bell-2-MIA,2026,chris-bell-2,Chris Bell,WR,MIA,
zeek-biggers-MIA,2026,zeek-biggers,Zeek Biggers,DT,MIA,
ethan-bonner-MIA,2026,ethan-bonner,Ethan Bonner,CB,MIA,
julius-brents-MIA,2026,julius-brents,Julius Brents,CB,MIA,
aaron-brewer-2-MIA,2026,aaron-brewer-2,Aaron Brewer,C,MIA,
jordyn-brooks-MIA,2026,jordyn-brooks,Jordyn Brooks,LB,MIA,
major-burns-MIA,2026,major-burns,Major Burns,SAF,MIA,
dj-campbell-MIA,2026,dj-campbell,DJ Campbell,G,MIA,
kevin-coleman-jr-MIA,2026,kevin-coleman-jr,Kevin Coleman Jr.,WR,MIA,
brady-cook-MIA,2026,brady-cook,Brady Cook,QB,MIA,
keith-cooper-MIA,2026,keith-cooper,Keith Cooper Jr.,DE,MIA,
marcellas-dial-MIA,2026,marcellas-dial,Marcellas Dial Jr.,DB,MIA,
caleb-douglas-MIA,2026,caleb-douglas,Caleb Douglas,WR,MIA,
storm-duck-MIA,2026,storm-duck,Storm Duck,CB,MIA,
greg-dulcich-MIA,2026,greg-dulcich,Greg Dulcich,TE,MIA,
clelin-ferrell-x4864-MIA,2026,clelin-ferrell-x4864,Clelin Ferrell,DE,MIA,
amari-gainer-MIA,2026,amari-gainer,Amari Gainer,LB,MIA,
willie-gay-jr-MIA,2026,willie-gay-jr,Willie Gay Jr.,LB,MIA,
chukwuebuka-jason-godrick-MIA,2026,chukwuebuka-jason-godrick,Chukwuebuka Godrick,OT,MIA,
ollie-gordon-ii-MIA,2026,ollie-gordon-ii,Ollie Gordon II,RB,MIA,
kenneth-grant-2-MIA,2026,kenneth-grant-2,Kenneth Grant,DT,MIA,
ronnie-harrison-MIA,2026,ronnie-harrison,Ronnie Harrison,LB,MIA,
dj-herman-MIA,2026,dj-herman,DJ Herman,RB,MIA,
malik-herring-MIA,2026,malik-herring,Malik Herring,DE,MIA,
jarquez-hunter-3-MIA,2026,jarquez-hunter-3,Jarquez Hunter,RB,MIA,
austin-jackson-MIA,2026,austin-jackson,Austin Jackson,OT,MIA,
chris-johnson-8-MIA,2026,chris-johnson-8,Chris Johnson,CB,MIA,
justin-joly-MIA,2026,justin-joly,Justin Joly,TE,MIA,
will-kacmarek-MIA,2026,will-kacmarek,Will Kacmarek,TE,MIA,
jarrett-kingston-MIA,2026,jarrett-kingston,Jarrett Kingston,OT,MIA,
rene-konga-MIA,2026,rene-konga,Rene Konga,DE,MIA,
max-llewellyn-MIA,2026,max-llewellyn,Max Llewellyn,DE,MIA,
kyle-louis-MIA,2026,kyle-louis,Kyle Louis,LB,MIA,
jason-marshall-jr-MIA,2026,jason-marshall-jr,Jason Marshall Jr.,CB,MIA,
kyle-mccord-MIA,2026,kyle-mccord,Kyle McCord,QB,MIA,
rodney-mcgraw-MIA,2026,rodney-mcgraw,Rodney McGraw,DE,MIA,
andrew-meyer-MIA,2026,andrew-meyer,Andrew Meyer,C,MIA,
jordan-miller-3-MIA,2026,jordan-miller-3,Jordan Miller,DT,MIA,
ryan-miller-2-MIA,2026,ryan-miller-2,Ryan Miller,WR,MIA,
trey-moore-MIA,2026,trey-moore,Trey Moore,LB,MIA,
riley-patterson-MIA,2026,riley-patterson,Riley Patterson,K,MIA,
patrick-paul-MIA,2026,patrick-paul,Patrick Paul,OT,MIA,
jordan-phillips-2-MIA,2026,jordan-phillips-2,Jordan Phillips,DT,MIA,
bradley-pinion-MIA,2026,bradley-pinion,Bradley Pinion,P,MIA,
kadyn-proctor-MIA,2026,kadyn-proctor,Kadyn Proctor,OT,MIA,
jalen-reagor-MIA,2026,jalen-reagor,Jalen Reagor,WR,MIA,
chop-robinson-MIA,2026,chop-robinson,Chop Robinson,LB,MIA,
jacob-rodriguez-MIA,2026,jacob-rodriguez,Jacob Rodriguez,LB,MIA,
jonah-savaiinaea-MIA,2026,jonah-savaiinaea,Jonah Savaiinaea,G,MIA,
will-sheppard-MIA,2026,will-sheppard,Will Sheppard,WR,MIA,
zach-sieler-MIA,2026,zach-sieler,Zach Sieler,DE,MIA,
jaylin-simpson-MIA,2026,jaylin-simpson,Jaylin Simpson,CB,MIA,
mazi-smith-MIA,2026,mazi-smith,Mazi Smith,DT,MIA,
michael-taaffe-MIA,2026,michael-taaffe,Michael Taaffe,SAF,MIA,
reese-taylor-MIA,2026,reese-taylor,Reese Taylor,DB,MIA,
jalen-tolbert-MIA,2026,jalen-tolbert,Jalen Tolbert,WR,MIA,
dante-trader-jr-MIA,2026,dante-trader-jr,Dante Trader Jr.,SAF,MIA,
seydou-traore-MIA,2026,seydou-traore,Seydou Traore,TE,MIA,
cole-turner-MIA,2026,cole-turner,Cole Turner,TE,MIA,
josh-uche-MIA,2026,josh-uche,Joshua Uche,LB,MIA,
caedan-wallace-MIA,2026,caedan-wallace,Caedan Wallace,G,MIA,
carlos-washington-MIA,2026,carlos-washington,Carlos Washington,RB,MIA,
malik-washington-MIA,2026,malik-washington,Malik Washington,WR,MIA,
tre-watson-x1104-MIA,2026,tre-watson-x1104,Tre Watson,TE,MIA,
malik-willis-MIA,2026,malik-willis,Malik Willis,QB,MIA,
julius-wood-MIA,2026,julius-wood,Julius Wood,DB,MIA,
jackson-woodard-MIA,2026,jackson-woodard,Jackson Woodard,LB,MIA,
jaylen-wright-MIA,2026,jaylen-wright,Jaylen Wright,RB,MIA,
tanner-arkin-NE,2026,tanner-arkin,Tanner Arkin,TE,NE,
julian-ashby-NE,2026,julian-ashby,Julian Ashby,LS,NE,
bryce-baringer-NE,2026,bryce-baringer,Bryce Baringer,P,NE,
christian-barmore-NE,2026,christian-barmore,Christian Barmore,DT,NE,
andres-borregales-NE,2026,andres-borregales,Andy Borregales,K,NE,
k-j-britt-NE,2026,k-j-britt,K.J. Britt,LB,NE,
ben-brown-2-NE,2026,ben-brown-2,Ben Brown,C,NE,
a-j-brown-NE,2026,a-j-brown,A.J. Brown,WR,NE,
mike-brown-7-NE,2026,mike-brown-7,Mike Brown,SAF,NE,
marcus-bryant-NE,2026,marcus-bryant,Marcus Bryant,OT,NE,
kevin-byard-NE,2026,kevin-byard,Kevin Byard,FS,NE,
will-campbell-NE,2026,will-campbell,Will Campbell,OT,NE,
channing-canada-NE,2026,channing-canada,Channing Canada,CB,NE,
efton-chism-iii-NE,2026,efton-chism-iii,Efton Chism III,WR,NE,
dametrious-crownover-NE,2026,dametrious-crownover,Dametrious Crownover,OT,NE,
carlton-davis-NE,2026,carlton-davis,Carlton Davis III,CB,NE,
elliott-davison-NE,2026,elliott-davison,Elliott Davison,SAF,NE,
tommy-devito-NE,2026,tommy-devito,Tommy DeVito,QB,NE,
kyle-dixon-NE,2026,kyle-dixon,Kyle Dixon,WR,NE,
cameron-dorner-NE,2026,cameron-dorner,Cameron Dorner,WR,NE,
romeo-doubs-NE,2026,romeo-doubs,Romeo Doubs,WR,NE,
demario-douglas-NE,2026,demario-douglas,DeMario Douglas,WR,NE,
cory-durden-NE,2026,cory-durden,Cory Durden,DT,NE,
christian-elliss-NE,2026,christian-elliss,Christian Elliss,LB,NE,
joshua-farmer-NE,2026,joshua-farmer,Joshua Farmer,DT,NE,
reggie-gilliam-NE,2026,reggie-gilliam,Reggie Gilliam,RB,NE,
christian-gonzalez-NE,2026,christian-gonzalez,Christian Gonzalez,CB,NE,
eric-gregory-NE,2026,eric-gregory,Eric Gregory,DT,NE,
hassan-haskins-NE,2026,hassan-haskins,Hassan Haskins,RB,NE,
treveyon-henderson-NE,2026,treveyon-henderson,TreVeyon Henderson,RB,NE,
hunter-henry-NE,2026,hunter-henry,Hunter Henry,TE,NE,
julian-hill-NE,2026,julian-hill,Julian Hill,TE,NE,
mack-hollins-NE,2026,mack-hollins,Mack Hollins,WR,NE,
erick-hunter-NE,2026,erick-hunter,Erick Hunter,LB,NE,
quintayvious-hutchins-NE,2026,quintayvious-hutchins,Quintayvious Hutchins,LB,NE,
gabe-jacas-NE,2026,gabe-jacas,Gabe Jacas,LB,NE,
khalil-jacobs-NE,2026,khalil-jacobs,Khalil Jacobs,LB,NE,
dre-mont-jones-NE,2026,dre-mont-jones,Dre'Mont Jones,DE,NE,
marcus-jones-2-NE,2026,marcus-jones-2,Marcus Jones,CB,NE,
corey-kiner-NE,2026,corey-kiner,Corey Kiner,RB,NE,
jake-kubas-NE,2026,jake-kubas,Jake Kubas,G,NE,
harold-landry-NE,2026,harold-landry,Harold Landry III,LB,NE,
lan-larison-NE,2026,lan-larison,Lan Larison,RB,NE,
cameron-latu-NE,2026,cameron-latu,Cameron Latu,TE,NE,
caleb-lomu-NE,2026,caleb-lomu,Caleb Lomu,OT,NE,
drake-maye-NE,2026,drake-maye,Drake Maye,QB,NE,
lorenz-metz-NE,2026,lorenz-metz,Lorenz Metz,OT,NE,
myles-montgomery-NE,2026,myles-montgomery,Myles Montgomery,RB,NE,
behren-morton-NE,2026,behren-morton,Behren Morton,QB,NE,
morgan-moses-NE,2026,morgan-moses,Morgan Moses,OT,NE,
darius-muasau-NE,2026,darius-muasau,Darius Muasau,LB,NE,
namdi-obiazor-NE,2026,namdi-obiazor,Namdi Obiazor,LB,NE,
mike-onwenu-NE,2026,mike-onwenu,Mike Onwenu,G,NE,
dell-pettus-NE,2026,dell-pettus,Dell Pettus,SAF,NE,
jeremiah-pharms-2-NE,2026,jeremiah-pharms-2,Jeremiah Pharms Jr.,DT,NE,
elijah-ponder-2-NE,2026,elijah-ponder-2,Elijah Ponder,LB,NE,
karon-prunty-NE,2026,karon-prunty,Karon Prunty,CB,NE,
jose-ramirez-NE,2026,jose-ramirez,Jose Ramirez,LB,NE,
eli-raridon-NE,2026,eli-raridon,Eli Raridon,TE,NE,
jaylen-reed-NE,2026,jaylen-reed,Jaylen Reed,SAF,NE,
jacob-rizy-NE,2026,jacob-rizy,Jacob Rizy,C,NE,
walter-rouse-NE,2026,walter-rouse,Walter Rouse,OT,NE,
brenden-schooler-NE,2026,brenden-schooler,Brenden Schooler,SAF,NE,
robert-spillane-NE,2026,robert-spillane,Robert Spillane,LB,NE,
rhamondre-stevenson-NE,2026,rhamondre-stevenson,Rhamondre Stevenson,RB,NE,
leonard-taylor-iii-NE,2026,leonard-taylor-iii,Leonard Taylor III,DT,NE,
greg-van-roten-NE,2026,greg-van-roten,Greg Van Roten,G,NE,
alijah-vera-tucker-NE,2026,alijah-vera-tucker,Alijah Vera-Tucker,G,NE,
kindle-vildor-NE,2026,kindle-vildor,Kindle Vildor,CB,NE,
jeremiah-webb-NE,2026,jeremiah-webb,Jeremiah Webb,WR,NE,
kyle-williams-5-NE,2026,kyle-williams-5,Kyle Williams,WR,NE,
milton-williams-NE,2026,milton-williams,Milton Williams,DT,NE,
jared-wilson-NE,2026,jared-wilson,Jared Wilson,C,NE,
riley-wilson-NE,2026,riley-wilson,Riley Wilson,LB,NE,
mitch-wishnowsky-NE,2026,mitch-wishnowsky,Mitch Wishnowsky,P,NE,
charles-woods-NE,2026,charles-woods,Charles Woods,CB,NE,
craig-woodson-NE,2026,craig-woodson,Craig Woodson,SAF,NE,
shane-zylstra-NE,2026,shane-zylstra,Shane Zylstra,TE,NE,
braelon-allen-NYJ,2026,braelon-allen,Braelon Allen,RB,NYJ,
david-bailey-2-NYJ,2026,david-bailey-2,David Bailey,LB,NYJ,
mory-bamba-NYJ,2026,mory-bamba,Mory Bamba,CB,NYJ,
brant-banks-NYJ,2026,brant-banks,Brant Banks,OT,NYJ,
tyler-baron-NYJ,2026,tyler-baron,Tyler Baron,DE,NYJ,
andrew-beck-NYJ,2026,andrew-beck,Andrew Beck,FB,NYJ,
dane-belton-NYJ,2026,dane-belton,Dane Belton,SAF,NYJ,
jowon-briggs-NYJ,2026,jowon-briggs,Jowon Briggs,DE,NYJ,
tre-brown-NYJ,2026,tre-brown,Tre Brown,CB,NYJ,
jarvis-brownlee-jr-NYJ,2026,jarvis-brownlee-jr,Jarvis Brownlee Jr.,DB,NYJ,
andre-cisco-NYJ,2026,andre-cisco,Andre Cisco,SAF,NYJ,
jordan-clark-NYJ,2026,jordan-clark,Jordan Clark,CB,NYJ,
anez-cooper-NYJ,2026,anez-cooper,Anez Cooper,G,NYJ,
omar-cooper-jr-NYJ,2026,omar-cooper-jr,Omar Cooper Jr.,WR,NYJ,
demario-davis-NYJ,2026,demario-davis,Demario Davis,OLB,NYJ,
isaiah-davis-NYJ,2026,isaiah-davis,Isaiah Davis,RB,NYJ,
paschal-ekeji-NYJ,2026,paschal-ekeji,Paschal Ekeji,DE,NYJ,
kingsley-enagbare-NYJ,2026,kingsley-enagbare,Kingsley Enagbare,LB,NYJ,
olumuyiwa-fashanu-NYJ,2026,olumuyiwa-fashanu,Olumuyiwa Fashanu,OT,NYJ,
minkah-fitzpatrick-NYJ,2026,minkah-fitzpatrick,Minkah Fitzpatrick,FS,NYJ,
blake-grupe-NYJ,2026,blake-grupe,Blake Grupe,K,NYJ,
breece-hall-NYJ,2026,breece-hall,Breece Hall,RB,NYJ,
jack-heflin-NYJ,2026,jack-heflin,Jack Heflin,DT,NYJ,
al-jay-henderson-NYJ,2026,al-jay-henderson,Al-Jay Henderson,RB,NYJ,
thomas-hennessy-NYJ,2026,thomas-hennessy,Thomas Hennessy,LS,NYJ,
darrell-jackson-jr-NYJ,2026,darrell-jackson-jr,Darrell Jackson Jr.,DT,NYJ,
kingsley-jonathan-NYJ,2026,kingsley-jonathan,Kingsley Jonathan,DE,NYJ,
jaden-keller-NYJ,2026,jaden-keller,Jaden Keller,LB,NYJ,
cade-klubnik-NYJ,2026,cade-klubnik,Cade Klubnik,QB,NYJ,
kohl-levao-NYJ,2026,kohl-levao,Kohl Levao,OL,NYJ,
nate-lynn-NYJ,2026,nate-lynn,Nate Lynn,DE,NYJ,
francisco-mauigoa-NYJ,2026,francisco-mauigoa,Francisco Mauigoa,LB,NYJ,
malik-mcclain-NYJ,2026,malik-mcclain,Malik McClain,WR,NYJ,
marcelino-mccrary-ball-NYJ,2026,marcelino-mccrary-ball,Marcelino McCrary-Ball,LB,NYJ,
will-mcdonald-iv-NYJ,2026,will-mcdonald-iv,Will McDonald IV,DE,NYJ,
braiden-mcgregor-NYJ,2026,braiden-mcgregor,Braiden McGregor,DE,NYJ,
austin-mcnamara-NYJ,2026,austin-mcnamara,Austin McNamara,P,NYJ,
armand-membou-NYJ,2026,armand-membou,Armand Membou,OT,NYJ,
jordan-meredith-NYJ,2026,jordan-meredith,Jordan Meredith,G,NYJ,
adonai-mitchell-NYJ,2026,adonai-mitchell,Adonai Mitchell,WR,NYJ,
max-mitchell-NYJ,2026,max-mitchell,Max Mitchell,OT,NYJ,
malachi-moore-NYJ,2026,malachi-moore,Malachi Moore,SAF,NYJ,
josh-myers-NYJ,2026,josh-myers,Josh Myers,C,NYJ,
xavier-newman-johnson-NYJ,2026,xavier-newman-johnson,Xavier Newman-Johnson,G,NYJ,
kene-nwangwu-NYJ,2026,kene-nwangwu,Kene Nwangwu,RB,NYJ,
chukwuma-okorafor-NYJ,2026,chukwuma-okorafor,Chukwuma Okorafor,OT,NYJ,
david-onyemata-NYJ,2026,david-onyemata,David Onyemata,DT,NYJ,
joseph-ossai-NYJ,2026,joseph-ossai,Joseph Ossai,DE,NYJ,
payton-page-NYJ,2026,payton-page,Payton Page,DT,NYJ,
dylan-parham-NYJ,2026,dylan-parham,Dylan Parham,G,NYJ,
tim-patrick-NYJ,2026,tim-patrick,Tim Patrick,WR,NYJ,
vj-payne-NYJ,2026,vj-payne,VJ Payne,SAF,NYJ,
harrison-phillips-NYJ,2026,harrison-phillips,Harrison Phillips,DT,NYJ,
d-angelo-ponds-NYJ,2026,d-angelo-ponds,D'Angelo Ponds,CB,NYJ,
jamaal-pritchett-NYJ,2026,jamaal-pritchett,Jamaal Pritchett,WR,NYJ,
troy-reeder-NYJ,2026,troy-reeder,Troy Reeder,LB,NYJ,
jeremy-ruckert-NYJ,2026,jeremy-ruckert,Jeremy Ruckert,TE,NYJ,
kenyon-sadiq-NYJ,2026,kenyon-sadiq,Kenyon Sadiq,TE,NYJ,
jason-sanders-NYJ,2026,jason-sanders,Jason Sanders,K,NYJ,
jamien-sherwood-NYJ,2026,jamien-sherwood,Jamien Sherwood,LB,NYJ,
arian-smith-NYJ,2026,arian-smith,Arian Smith,WR,NYJ,
geno-smith-NYJ,2026,geno-smith,Geno Smith,QB,NYJ,
brandon-stephens-3-NYJ,2026,brandon-stephens-3,Brandon Stephens,CB,NYJ,
qwan-tez-stiggers-NYJ,2026,qwan-tez-stiggers,Qwan'tez Stiggers,DB,NYJ,
t-vondre-sweat-NYJ,2026,t-vondre-sweat,T'Vondre Sweat,DT,NYJ,
mason-taylor-NYJ,2026,mason-taylor,Mason Taylor,TE,NYJ,
azareye-h-thomas-NYJ,2026,azareye-h-thomas,Azareye'h Thomas,CB,NYJ,
joe-tippmann-NYJ,2026,joe-tippmann,Joe Tippmann,C,NYJ,
chip-trayanum-NYJ,2026,chip-trayanum,Chip Trayanum,RB,NYJ,
trevin-wallace-NYJ,2026,trevin-wallace,Trevin Wallace,LB,NYJ,
isaiah-williams-3-NYJ,2026,isaiah-williams-3,Isaiah Williams,WR,NYJ,
garrett-wilson-NYJ,2026,garrett-wilson,Garrett Wilson,WR,NYJ,
samuel-womack-NYJ,2026,samuel-womack,Samuel Womack,CB,NYJ,
jelani-woods-NYJ,2026,jelani-woods,Jelani Woods,TE,NYJ,
nahshon-wright-NYJ,2026,nahshon-wright,Nahshon Wright,CB,NYJ,
bailey-zappe-NYJ,2026,bailey-zappe,Bailey Zappe,QB,NYJ,
rasheen-ali-BAL,2026,rasheen-ali,Rasheen Ali,RB,BAL,
mark-andrews-BAL,2026,mark-andrews,Mark Andrews,TE,BAL,
aj-arcuri-BAL,2026,aj-arcuri,A.J. Arcuri,OT,BAL,
chidobe-awuzie-BAL,2026,chidobe-awuzie,Chidobe Awuzie,CB,BAL,
rashod-bateman-BAL,2026,rashod-bateman,Rashod Bateman,WR,BAL,
rayshaun-benny-BAL,2026,rayshaun-benny,Rayshaun Benny,DT,BAL,
teddye-buchanan-BAL,2026,teddye-buchanan,Teddye Buchanan,LB,BAL,
ethan-burke-BAL,2026,ethan-burke,Ethan Burke,LB,BAL,
calais-campbell-BAL,2026,calais-campbell,Calais Campbell,DE,BAL,
gerad-christian-lichtenhan-BAL,2026,gerad-christian-lichtenhan,Gerad Lichtenhan,OT,BAL,
josh-cuevas-BAL,2026,josh-cuevas,Josh Cuevas,TE,BAL,
dominic-deluca-BAL,2026,dominic-deluca,Dominic DeLuca,LB,BAL,
ryan-eckley-BAL,2026,ryan-eckley,Ryan Eckley,P,BAL,
chuma-edoga-BAL,2026,chuma-edoga,Chuma Edoga,OT,BAL,
joe-fagnano-BAL,2026,joe-fagnano,Joe Fagnano,QB,BAL,
zay-flowers-BAL,2026,zay-flowers,Zay Flowers,WR,BAL,
mike-green-5-BAL,2026,mike-green-5,Mike Green,LB,BAL,
xavier-guillory-BAL,2026,xavier-guillory,Xavier Guillory,WR,BAL,
jovaughn-gwyn-BAL,2026,jovaughn-gwyn,Jovaughn Gwyn,G,BAL,
kyle-hamilton-BAL,2026,kyle-hamilton,Kyle Hamilton,SAF,BAL,
jaylinn-hawkins-BAL,2026,jaylinn-hawkins,Jaylinn Hawkins,SAF,BAL,
trey-hendrickson-BAL,2026,trey-hendrickson,Trey Hendrickson,LB,BAL,
derrick-henry-BAL,2026,derrick-henry,Derrick Henry,RB,BAL,
matthew-hibner-BAL,2026,matthew-hibner,Matthew Hibner,TE,BAL,
jay-higgins-BAL,2026,jay-higgins,Jay Higgins,LB,BAL,
justice-hill-BAL,2026,justice-hill,Justice Hill,RB,BAL,
marlon-humphrey-BAL,2026,marlon-humphrey,Marlon Humphrey,CB,BAL,
tyler-huntley-BAL,2026,tyler-huntley,Tyler Huntley,QB,BAL,
olaivavega-ioane-BAL,2026,olaivavega-ioane,Olaivavega Ioane,G,BAL,
adisa-isaac-BAL,2026,adisa-isaac,Adisa Isaac,LB,BAL,
keondre-jackson-BAL,2026,keondre-jackson,Keondre Jackson,SAF,BAL,
lamar-jackson-BAL,2026,lamar-jackson,Lamar Jackson,QB,BAL,
john-jenkins-BAL,2026,john-jenkins,John Jenkins,DT,BAL,
carl-jones-BAL,2026,carl-jones,Carl Jones,LB,BAL,
travis-jones-BAL,2026,travis-jones,Travis Jones,DT,BAL,
emery-jones-jr-BAL,2026,emery-jones-jr,Emery Jones Jr.,OT,BAL,
bilhal-kone-BAL,2026,bilhal-kone,Bilhal Kone,CB,BAL,
ja-kobi-lane-BAL,2026,ja-kobi-lane,Ja'Kobi Lane,WR,BAL,
tyler-loop-BAL,2026,tyler-loop,Tyler Loop,K,BAL,
nnamdi-madubuike-BAL,2026,nnamdi-madubuike,Nnamdi Madubuike,DT,BAL,
keyon-martin-BAL,2026,keyon-martin,Keyon Martin,CB,BAL,
jake-moody-BAL,2026,jake-moody,Jake Moody,K,BAL,
chris-moore-BAL,2026,chris-moore,Chris Moore,WR,BAL,
nick-moore-BAL,2026,nick-moore,Nick Moore,LS,BAL,
david-olajiga-BAL,2026,david-olajiga,David Olajiga,DT,BAL,
aeneas-peebles-BAL,2026,aeneas-peebles,Aeneas Peebles,DT,BAL,
ty-pezza-BAL,2026,ty-pezza,Ty Pezza,TE,BAL,
danny-pinter-BAL,2026,danny-pinter,Danny Pinter,G,BAL,
ethan-pocic-BAL,2026,ethan-pocic,Ethan Pocic,C,BAL,
adam-randall-BAL,2026,adam-randall,Adam Randall,RB,BAL,
chandler-rivers-BAL,2026,chandler-rivers,Chandler Rivers,CB,BAL,
jahquez-robinson-BAL,2026,jahquez-robinson,Jahquez Robinson,SAF,BAL,
tavius-robinson-BAL,2026,tavius-robinson,Tavius Robinson,LB,BAL,
roger-rosengarten-BAL,2026,roger-rosengarten,Roger Rosengarten,OT,BAL,
kaimon-rucker-BAL,2026,kaimon-rucker,Kaimon Rucker,LB,BAL,
elijah-sarratt-BAL,2026,elijah-sarratt,Elijah Sarratt,WR,BAL,
john-simpson-2-BAL,2026,john-simpson-2,John Simpson,G,BAL,
trenton-simpson-BAL,2026,trenton-simpson,Trenton Simpson,LB,BAL,
roquan-smith-BAL,2026,roquan-smith,Roquan Smith,ILB,BAL,
durham-smythe-BAL,2026,durham-smythe,Durham Smythe,TE,BAL,
ronnie-stanley-BAL,2026,ronnie-stanley,Ronnie Stanley,OT,BAL,
malaki-starks-BAL,2026,malaki-starks,Malaki Starks,SAF,BAL,
t-j-tampa-BAL,2026,t-j-tampa,T.J. Tampa,CB,BAL,
skylar-thompson-BAL,2026,skylar-thompson,Skylar Thompson,QB,BAL,
nick-vannett-BAL,2026,nick-vannett,Nick Vannett,TE,BAL,
carson-vinson-BAL,2026,carson-vinson,Carson Vinson,OT,BAL,
andrew-vorhees-BAL,2026,andrew-vorhees,Andrew Vorhees,G,BAL,
devontez-walker-BAL,2026,devontez-walker,Devontez Walker,WR,BAL,
k-von-wallace-BAL,2026,k-von-wallace,K'Von Wallace,SAF,BAL,
jonathan-ward-BAL,2026,jonathan-ward,Jonathan Ward,RB,BAL,
broderick-washington-BAL,2026,broderick-washington,Broderick Washington,DT,BAL,
ladarius-webb-jr-BAL,2026,ladarius-webb-jr,Ladarius Webb Jr.,DB,BAL,
lajohntay-wester-BAL,2026,lajohntay-wester,LaJohntay Wester,WR,BAL,
nate-wiggins-BAL,2026,nate-wiggins,Nate Wiggins,CB,BAL,
zion-young-BAL,2026,zion-young,Zion Young,LB,BAL,
erick-all-CIN,2026,erick-all,Erick All,TE,CIN,
jonathan-allen-CIN,2026,jonathan-allen,Jonathan Allen,DT,CIN,
jordan-battle-CIN,2026,jordan-battle,Jordan Battle,SAF,CIN,
jacob-bayer-CIN,2026,jacob-bayer,Jacob Bayer,C,CIN,
swayze-bozeman-CIN,2026,swayze-bozeman,Swayze Bozeman,LB,CIN,
trikweze-bridges-CIN,2026,trikweze-bridges,Trikweze Bridges,DB,CIN,
tahj-brooks-CIN,2026,tahj-brooks,Tahj Brooks,RB,CIN,
chase-brown-CIN,2026,chase-brown,Chase Brown,RB,CIN,
orlando-brown-CIN,2026,orlando-brown,Orlando Brown,OT,CIN,
kentrel-bullock-CIN,2026,kentrel-bullock,Kentrel Bullock,RB,CIN,
oren-burks-CIN,2026,oren-burks,Oren Burks,ILB,CIN,
joe-burrow-CIN,2026,joe-burrow,Joe Burrow,QB,CIN,
barrett-carter-CIN,2026,barrett-carter,Barrett Carter,LB,CIN,
ja-marr-chase-CIN,2026,ja-marr-chase,Ja'Marr Chase,WR,CIN,
sean-clifford-CIN,2026,sean-clifford,Sean Clifford,QB,CIN,
bryan-cook-CIN,2026,bryan-cook,Bryan Cook,SAF,CIN,
howard-cross-iii-CIN,2026,howard-cross-iii,Howard Cross III,DT,CIN,
jalen-davis-CIN,2026,jalen-davis,Jalen Davis,CB,CIN,
tacario-davis-CIN,2026,tacario-davis,Tacario Davis,CB,CIN,
kyle-dugger-CIN,2026,kyle-dugger,Kyle Dugger,SAF,CIN,
jack-endries-CIN,2026,jack-endries,Jack Endries,TE,CIN,
dylan-fairchild-CIN,2026,dylan-fairchild,Dylan Fairchild,G,CIN,
joe-flacco-CIN,2026,joe-flacco,Joe Flacco,QB,CIN,
isaiah-foskey-CIN,2026,isaiah-foskey,Isaiah Foskey,DE,CIN,
javon-foster-CIN,2026,javon-foster,Javon Foster,OT,CIN,
blake-freeland-CIN,2026,blake-freeland,Blake Freeland,OT,CIN,
mike-gesicki-CIN,2026,mike-gesicki,Mike Gesicki,TE,CIN,
joe-giles-harris-CIN,2026,joe-giles-harris,Joe Giles-Harris,LB,CIN,
shaka-heyward-CIN,2026,shaka-heyward,Shaka Heyward,LB,CIN,
tee-higgins-CIN,2026,tee-higgins,Tee Higgins,WR,CIN,
b-j-hill-CIN,2026,b-j-hill,B.J. Hill,DT,CIN,
dax-hill-CIN,2026,dax-hill,Daxton Hill,DB,CIN,
myles-hinton-CIN,2026,myles-hinton,Myles Hinton,OT,CIN,
cashius-howell-CIN,2026,cashius-howell,Cashius Howell,DE,CIN,
tanner-hudson-CIN,2026,tanner-hudson,Tanner Hudson,TE,CIN,
andrei-iosivas-CIN,2026,andrei-iosivas,Andrei Iosivas,WR,CIN,
d-j-ivey-CIN,2026,d-j-ivey,D.J. Ivey,CB,CIN,
kris-jenkins-2-CIN,2026,kris-jenkins-2,Kris Jenkins,DT,CIN,
josh-johnson-CIN,2026,josh-johnson,Josh Johnson,QB,CIN,
cedric-johnson-CIN,2026,cedric-johnson,Cedric Johnson,DE,CIN,
pj-jules-CIN,2026,pj-jules,PJ Jules,SAF,CIN,
ted-karras-CIN,2026,ted-karras,Ted Karras,C,CIN,
demetrius-knight-jr-CIN,2026,demetrius-knight-jr,Demetrius Knight Jr.,LB,CIN,
dexter-lawrence-CIN,2026,dexter-lawrence,Dexter Lawrence,DT,CIN,
connor-lew-CIN,2026,connor-lew,Connor Lew,C,CIN,
bralyn-lux-CIN,2026,bralyn-lux,Bralyn Lux,DB,CIN,
boye-mafe-CIN,2026,boye-mafe,Boye Mafe,DE,CIN,
evan-mcpherson-CIN,2026,evan-mcpherson,Evan McPherson,K,CIN,
dohnte-meyers-CIN,2026,dohnte-meyers,Dohnte Meyers,WR,CIN,
kendall-milton-CIN,2026,kendall-milton,Kendall Milton,RB,CIN,
amarius-mims-CIN,2026,amarius-mims,Amarius Mims,OT,CIN,
jordan-moore-2-CIN,2026,jordan-moore-2,Jordan Moore,WR,CIN,
myles-murphy-CIN,2026,myles-murphy,Myles Murphy,DE,CIN,
josh-newton-CIN,2026,josh-newton,Josh Newton,CB,CIN,
brian-parker-ii-CIN,2026,brian-parker-ii,Brian Parker II,OT,CIN,
samaje-perine-CIN,2026,samaje-perine,Samaje Perine,RB,CIN,
garmon-randolph-CIN,2026,garmon-randolph,Garmon Randolph,LB,CIN,
ryan-rehkow-CIN,2026,ryan-rehkow,Ryan Rehkow,P,CIN,
dalton-risner-CIN,2026,dalton-risner,Dalton Risner,G,CIN,
jalen-rivers-CIN,2026,jalen-rivers,Jalen Rivers,G,CIN,
landon-robinson-CIN,2026,landon-robinson,Landon Robinson,DT,CIN,
drew-sample-CIN,2026,drew-sample,Drew Sample,TE,CIN,
tj-slaton-CIN,2026,tj-slaton,Tedarrell Slaton,DT,CIN,
shemar-stewart-CIN,2026,shemar-stewart,Shemar Stewart,DE,CIN,
ja-sir-taylor-CIN,2026,ja-sir-taylor,Ja'Sir Taylor,CB,CIN,
noah-thomas-CIN,2026,noah-thomas,Noah Thomas,WR,CIN,
dj-turner-2-CIN,2026,dj-turner-2,DJ Turner II,CB,CIN,
william-wagner-CIN,2026,william-wagner,William Wagner,LS,CIN,
ke-shawn-williams-CIN,2026,ke-shawn-williams,Ke'Shawn Williams,WR,CIN,
russ-yeast-CIN,2026,russ-yeast,Russ Yeast,SAF,CIN,
colbie-young-CIN,2026,colbie-young,Colbie Young,WR,CIN,
austin-barber-CLE,2026,austin-barber,Austin Barber,OT,CLE,
derek-barnett-CLE,2026,derek-barnett,Derek Barnett,DE,CLE,
mekhi-blackmon-CLE,2026,mekhi-blackmon,Mekhi Blackmon,DB,CLE,
corey-bojorquez-CLE,2026,corey-bojorquez,Corey Bojorquez,P,CLE,
isaiah-bond-CLE,2026,isaiah-bond,Isaiah Bond,WR,CLE,
denzel-boston-CLE,2026,denzel-boston,Denzel Boston,WR,CLE,
parker-brailsford-CLE,2026,parker-brailsford,Parker Brailsford,C,CLE,
myles-bryant-CLE,2026,myles-bryant,Myles Bryant,CB,CLE,
michael-burton-CLE,2026,michael-burton,Michael Burton,FB,CLE,
tyson-campbell-CLE,2026,tyson-campbell,Tyson Campbell,CB,CLE,
elijah-chatman-CLE,2026,elijah-chatman,Elijah Chatman,DT,CLE,
michael-coats-jr-CLE,2026,michael-coats-jr,Michael Coats Jr.,CB,CLE,
maliek-collins-CLE,2026,maliek-collins,Maliek Collins,DT,CLE,
kc-concepcion-CLE,2026,kc-concepcion,KC Concepcion,WR,CLE,
malachi-corley-CLE,2026,malachi-corley,Malachi Corley,WR,CLE,
kalia-davis-CLE,2026,kalia-davis,Kalia Davis,DT,CLE,
grant-delpit-CLE,2026,grant-delpit,Grant Delpit,SAF,CLE,
logan-fano-CLE,2026,logan-fano,Logan Fano,DE,CLE,
harold-fannin-jr-CLE,2026,harold-fannin-jr,Harold Fannin Jr.,TE,CLE,
spencer-fano-CLE,2026,spencer-fano,Spencer Fano,OT,CLE,
dillon-gabriel-CLE,2026,dillon-gabriel,Dillon Gabriel,QB,CLE,
mason-graham-CLE,2026,mason-graham,Mason Graham,DT,CLE,
kendrick-green-CLE,2026,kendrick-green,Kendrick Green,G,CLE,
taylen-green-CLE,2026,taylen-green,Taylen Green,QB,CLE,
michael-hall-jr-CLE,2026,michael-hall-jr,Mike Hall Jr.,DT,CLE,
myles-harden-CLE,2026,myles-harden,Myles Harden,CB,CLE,
ronnie-hickman-jr-CLE,2026,ronnie-hickman-jr,Ronnie Hickman Jr.,SAF,CLE,
tytus-howard-x1979-CLE,2026,tytus-howard-x1979,Tytus Howard,OT,CLE,
adin-huntington-CLE,2026,adin-huntington,Adin Huntington,DE,CLE,
noah-igbinoghene-CLE,2026,noah-igbinoghene,Noah Igbinoghene,CB,CLE,
justin-jefferson-2-CLE,2026,justin-jefferson-2,Justin Jefferson,LB,CLE,
elgton-jenkins-CLE,2026,elgton-jenkins,Elgton Jenkins,C,CLE,
teven-jenkins-CLE,2026,teven-jenkins,Teven Jenkins,G,CLE,
jerry-jeudy-CLE,2026,jerry-jeudy,Jerry Jeudy,WR,CLE,
zion-johnson-CLE,2026,zion-johnson,Zion Johnson,G,CLE,
dawand-jones-CLE,2026,dawand-jones,Dawand Jones,OT,CLE,
quinshon-judkins-CLE,2026,quinshon-judkins,Quinshon Judkins,RB,CLE,
sam-kamara-CLE,2026,sam-kamara,Sam Kamara,DT,CLE,
kt-leveston-CLE,2026,kt-leveston,KT Leveston,OT,CLE,
zion-logue-CLE,2026,zion-logue,Zion Logue,DT,CLE,
easton-mascarenas-arnold-CLE,2026,easton-mascarenas-arnold,Easton Mascarenas-Arnold,LB,CLE,
damarri-mathis-CLE,2026,damarri-mathis,Damarri Mathis,DB,CLE,
isaiah-mcguire-CLE,2026,isaiah-mcguire,Isaiah McGuire,DE,CLE,
jaleel-mclaughlin-CLE,2026,jaleel-mclaughlin,Jaleel McLaughlin,RB,CLE,
donovan-mcmillon-2-CLE,2026,donovan-mcmillon-2,Donovan McMillon,SAF,CLE,
emmanuel-mcneil-warren-CLE,2026,emmanuel-mcneil-warren,Emmanuel McNeil-Warren,SAF,CLE,
bub-means-CLE,2026,bub-means,Bub Means,WR,CLE,
jeremiah-owusu-koramoah-CLE,2026,jeremiah-owusu-koramoah,Jeremiah Owusu-Koramoah,LB,CLE,
toriano-pride-jr-CLE,2026,toriano-pride-jr,Toriano Pride Jr.,CB,CLE,
winston-reid-CLE,2026,winston-reid,Winston Reid,LB,CLE,
d-angelo-ross-CLE,2026,d-angelo-ross,D'Angelo Ross,CB,CLE,
joe-royer-CLE,2026,joe-royer,Joe Royer,TE,CLE,
carsen-ryan-CLE,2026,carsen-ryan,Carsen Ryan,TE,CLE,
dylan-sampson-CLE,2026,dylan-sampson,Dylan Sampson,RB,CLE,
raheim-sanders-CLE,2026,raheim-sanders,Raheim Sanders,RB,CLE,
shedeur-sanders-CLE,2026,shedeur-sanders,Shedeur Sanders,QB,CLE,
carson-schwesinger-CLE,2026,carson-schwesinger,Carson Schwesinger,LB,CLE,
rex-sunahara-CLE,2026,rex-sunahara,Rex Sunahara,LS,CLE,
messiah-swinson-CLE,2026,messiah-swinson,Messiah Swinson,TE,CLE,
khordae-sydnor-CLE,2026,khordae-sydnor,Khordae Sydnor,DE,CLE,
andre-szmyt-CLE,2026,andre-szmyt,Andre Szmyt,K,CLE,
daniel-thomas-2-CLE,2026,daniel-thomas-2,Daniel Thomas,SAF,CLE,
nadame-tucker-CLE,2026,nadame-tucker,Nadame Tucker,DE,CLE,
edefuan-ulofoshio-CLE,2026,edefuan-ulofoshio,Edefuan Ulofoshio,LB,CLE,
jared-verse-CLE,2026,jared-verse,Jared Verse,DE,CLE,
tylan-wallace-CLE,2026,tylan-wallace,Tylan Wallace,WR,CLE,
denzel-ward-CLE,2026,denzel-ward,Denzel Ward,CB,CLE,
zion-washington-CLE,2026,zion-washington,Zion Washington,SAF,CLE,
deshaun-watson-CLE,2026,deshaun-watson,Deshaun Watson,QB,CLE,
nathaniel-watson-CLE,2026,nathaniel-watson,Nathaniel Watson,LB,CLE,
blake-whiteheart-CLE,2026,blake-whiteheart,Blake Whiteheart,TE,CLE,
chris-williams-5-CLE,2026,chris-williams-5,Chris Williams,DT,CLE,
quincy-williams-CLE,2026,quincy-williams,Quincy Williams,LB,CLE,
sam-williams-4-CLE,2026,sam-williams-4,Sam Williams,DE,CLE,
kole-wilson-CLE,2026,kole-wilson,Kole Wilson,WR,CLE,
alex-wright-CLE,2026,alex-wright,Alex Wright,DE,CLE,
luke-wypler-CLE,2026,luke-wypler,Luke Wypler,C,CLE,
zak-zinter-CLE,2026,zak-zinter,Zak Zinter,G,CLE,
drew-allar-PIT,2026,drew-allar,Drew Allar,QB,PIT,
spencer-anderson-PIT,2026,spencer-anderson,Spencer Anderson,G,PIT,
kyler-baugh-PIT,2026,kyler-baugh,Kyler Baugh,DT,PIT,
keeanu-benton-PIT,2026,keeanu-benton,Keeanu Benton,DT,PIT,
germie-bernard-PIT,2026,germie-bernard,Germie Bernard,WR,PIT,
yahya-black-PIT,2026,yahya-black,Yahya Black,DE,PIT,
chris-boswell-PIT,2026,chris-boswell,Chris Boswell,K,PIT,
jaquan-brisker-x6231-PIT,2026,jaquan-brisker-x6231,Jaquan Brisker,SAF,PIT,
carson-bruener-PIT,2026,carson-bruener,Carson Bruener,LB,PIT,
cole-burgess-PIT,2026,cole-burgess,Cole Burgess,WR,PIT,
sebastian-castro-PIT,2026,sebastian-castro,Sebastian Castro,SAF,PIT,
dylan-cook-PIT,2026,dylan-cook,Dylan Cook,OT,PIT,
jamel-dean-PIT,2026,jamel-dean,Jamel Dean,CB,PIT,
rico-dowdle-PIT,2026,rico-dowdle,Rico Dowdle,RB,PIT,
jack-driscoll-PIT,2026,jack-driscoll,Jack Driscoll,OT,PIT,
gennings-dunker-PIT,2026,gennings-dunker,Gennings Dunker,G,PIT,
brandin-echols-PIT,2026,brandin-echols,Brandin Echols,CB,PIT,
deshon-elliott-PIT,2026,deshon-elliott,DeShon Elliott,SAF,PIT,
daylen-everette-PIT,2026,daylen-everette,Daylen Everette,CB,PIT,
troy-fautanu-PIT,2026,troy-fautanu,Troy Fautanu,OT,PIT,
bishop-fitzgerald-PIT,2026,bishop-fitzgerald,Bishop Fitzgerald,SAF,PIT,
zach-frazier-PIT,2026,zach-frazier,Zach Frazier,C,PIT,
pat-freiermuth-PIT,2026,pat-freiermuth,Pat Freiermuth,TE,PIT,
daequan-hardy-PIT,2026,daequan-hardy,Daequan Hardy,CB,PIT,
derrick-harmon-2-PIT,2026,derrick-harmon-2,Derrick Harmon,DT,PIT,
eli-heidenreich-PIT,2026,eli-heidenreich,Eli Heidenreich,RB,PIT,
nick-herbig-PIT,2026,nick-herbig,Nick Herbig,LB,PIT,
cameron-heyward-PIT,2026,cameron-heyward,Cameron Heyward,DE,PIT,
alex-highsmith-PIT,2026,alex-highsmith,Alex Highsmith,LB,PIT,
brock-hoffman-PIT,2026,brock-hoffman,Brock Hoffman,C,PIT,
cole-holcomb-PIT,2026,cole-holcomb,Cole Holcomb,LB,PIT,
travis-homer-PIT,2026,travis-homer,Travis Homer,RB,PIT,
will-howard-PIT,2026,will-howard,Will Howard,QB,PIT,
max-hurleman-PIT,2026,max-hurleman,Max Hurleman,RB,PIT,
max-iheanachor-PIT,2026,max-iheanachor,Max Iheanachor,OT,PIT,
rayshawn-jenkins-PIT,2026,rayshawn-jenkins,Rayshawn Jenkins,DB,PIT,
kevin-jobity-jr-PIT,2026,kevin-jobity-jr,Kevin Jobity Jr.,DT,PIT,
brandon-johnson-3-PIT,2026,brandon-johnson-3,Brandon Johnson,WR,PIT,
cameron-johnston-PIT,2026,cameron-johnston,Cameron Johnston,P,PIT,
steven-jones-2-PIT,2026,steven-jones-2,Steven Jones,G,PIT,
sebastian-joseph-day-PIT,2026,sebastian-joseph-day,Sebastian Joseph-Day,DT,PIT,
donte-kent-PIT,2026,donte-kent,Donte Kent,CB,PIT,
christian-kuntz-PIT,2026,christian-kuntz,Christian Kuntz,LS,PIT,
logan-lee-PIT,2026,logan-lee,Logan Lee,DT,PIT,
ryan-mccollum-PIT,2026,ryan-mccollum,Ryan McCollum,C,PIT,
mason-mccormick-PIT,2026,mason-mccormick,Mason McCormick,G,PIT,
lake-mcree-PIT,2026,lake-mcree,Lake McRee,TE,PIT,
d-k-metcalf-PIT,2026,d-k-metcalf,DK Metcalf,WR,PIT,
doug-nester-PIT,2026,doug-nester,Doug Nester,G,PIT,
lew-nichols-iii-PIT,2026,lew-nichols-iii,Lew Nichols III,RB,PIT,
riley-nowakowski-PIT,2026,riley-nowakowski,Riley Nowakowski,FB,PIT,
esezi-otomewo-PIT,2026,esezi-otomewo,Esezi Otomewo,DT,PIT,
michael-pittman-2-PIT,2026,michael-pittman-2,Michael Pittman,WR,PIT,
joey-porter-jr-PIT,2026,joey-porter-jr,Joey Porter Jr.,CB,PIT,
patrick-queen-PIT,2026,patrick-queen,Patrick Queen,LB,PIT,
jalen-ramsey-PIT,2026,jalen-ramsey,Jalen Ramsey,CB,PIT,
aaron-rodgers-PIT,2026,aaron-rodgers,Aaron Rodgers,QB,PIT,
gabe-rubio-PIT,2026,gabe-rubio,Gabe Rubio,DE,PIT,
mason-rudolph-PIT,2026,mason-rudolph,Mason Rudolph,QB,PIT,
asante-samuel-jr-PIT,2026,asante-samuel-jr,Asante Samuel Jr.,CB,PIT,
jack-sawyer-PIT,2026,jack-sawyer,Jack Sawyer,LB,PIT,
ben-skowronek-PIT,2026,ben-skowronek,Ben Skowronek,WR,PIT,
doneiko-slaughter-PIT,2026,doneiko-slaughter,Doneiko Slaughter,DB,PIT,
brandon-smith-x2335-PIT,2026,brandon-smith-x2335,Brandon Smith,WR,PIT,
robert-spears-jennings-PIT,2026,robert-spears-jennings,Robert Spears-Jennings,SAF,PIT,
bradyn-swinson-PIT,2026,bradyn-swinson,Bradyn Swinson,LB,PIT,
robert-tonyan-PIT,2026,robert-tonyan,Robert Tonyan,TE,PIT,
car-lin-vigers-PIT,2026,car-lin-vigers,Car'lin Vigers,DB,PIT,
jaylen-warren-PIT,2026,jaylen-warren,Jaylen Warren,RB,PIT,
darnell-washington-PIT,2026,darnell-washington,Darnell Washington,TE,PIT,
t-j-watt-PIT,2026,t-j-watt,T.J. Watt,OLB,PIT,
julius-welschof-PIT,2026,julius-welschof,Julius Welschof,LB,PIT,
kaden-wetjen-PIT,2026,kaden-wetjen,Kaden Wetjen,WR,PIT,
payton-wilson-PIT,2026,payton-wilson,Payton Wilson,LB,PIT,
roman-wilson-PIT,2026,roman-wilson,Roman Wilson,WR,PIT,
jacoby-windmon-PIT,2026,jacoby-windmon,Jacoby Windmon,LB,PIT,
azeez-al-shaair-HOU,2026,azeez-al-shaair,Azeez Al-Shaair,LB,HOU,
will-anderson-jr-HOU,2026,will-anderson-jr,Will Anderson Jr.,DE,HOU,
jake-andrews-HOU,2026,jake-andrews,Jake Andrews,C,HOU,
reed-blankenship-HOU,2026,reed-blankenship,Reed Blankenship,SAF,HOU,
lewis-bond-HOU,2026,lewis-bond,Lewis Bond,WR,HOU,
kayshon-boutte-HOU,2026,kayshon-boutte,Kayshon Boutte,WR,HOU,
chris-braswell-HOU,2026,chris-braswell,Chris Braswell,LB,HOU,
austin-brinkman-HOU,2026,austin-brinkman,Austin Brinkman,LS,HOU,
british-brooks-HOU,2026,british-brooks,British Brooks,RB,HOU,
evan-brown-HOU,2026,evan-brown,Evan Brown,C,HOU,
trent-brown-HOU,2026,trent-brown,Trent Brown,OT,HOU,
calen-bullock-HOU,2026,calen-bullock,Calen Bullock,SAF,HOU,
solomon-byrd-HOU,2026,solomon-byrd,Solomon Byrd,DE,HOU,
jadeveon-clowney-HOU,2026,jadeveon-clowney,Jadeveon Clowney,DE,HOU,
nico-collins-HOU,2026,nico-collins,Nico Collins,WR,HOU,
jaden-crumedy-HOU,2026,jaden-crumedy,Jaden Crumedy,DT,HOU,
tank-dell-HOU,2026,tank-dell,Tank Dell,WR,HOU,
mario-edwards-HOU,2026,mario-edwards,Mario Edwards,DT,HOU,
aireontae-ersery-HOU,2026,aireontae-ersery,Aireontae Ersery,OT,HOU,
ka-imi-fairbairn-HOU,2026,ka-imi-fairbairn,Ka'imi Fairbairn,K,HOU,
aiden-fisher-HOU,2026,aiden-fisher,Aiden Fisher,LB,HOU,
blake-fisher-HOU,2026,blake-fisher,Blake Fisher,OT,HOU,
ali-gaye-HOU,2026,ali-gaye,Ali Gaye,DE,HOU,
gavin-gerhardt-HOU,2026,gavin-gerhardt,Gavin Gerhardt,C,HOU,
mark-gronowski-HOU,2026,mark-gronowski,Mark Gronowski,QB,HOU,
sam-hagen-HOU,2026,sam-hagen,Sam Hagen,OT,HOU,
bryce-hall-HOU,2026,bryce-hall,Bryce Hall,CB,HOU,
logan-hall-HOU,2026,logan-hall,Logan Hall,DE,HOU,
jake-hansen-HOU,2026,jake-hansen,Jake Hansen,LB,HOU,
sabastian-harsh-HOU,2026,sabastian-harsh,Sabastian Harsh,DE,HOU,
jayden-higgins-HOU,2026,jayden-higgins,Jayden Higgins,WR,HOU,
jamal-hill-HOU,2026,jamal-hill,Jamal Hill,LB,HOU,
dylan-horton-HOU,2026,dylan-horton,Dylan Horton,DE,HOU,
jake-hummel-HOU,2026,jake-hummel,Jacob Hummel,LB,HOU,
danielle-hunter-HOU,2026,danielle-hunter,Danielle Hunter,DE,HOU,
xavier-hutchinson-HOU,2026,xavier-hutchinson,Xavier Hutchinson,WR,HOU,
alijah-huzzie-HOU,2026,alijah-huzzie,Alijah Huzzie,CB,HOU,
ed-ingram-HOU,2026,ed-ingram,Ed Ingram,G,HOU,
ja-marcus-ingram-HOU,2026,ja-marcus-ingram,Ja'Marcus Ingram,CB,HOU,
brevin-jordan-HOU,2026,brevin-jordan,Brevin Jordan,TE,HOU,
jawhar-jordan-HOU,2026,jawhar-jordan,Jawhar Jordan,RB,HOU,
josh-kelly-HOU,2026,josh-kelly,Josh Kelly,WR,HOU,
marlin-klein-HOU,2026,marlin-klein,Marlin Klein,TE,HOU,
kai-kroeger-HOU,2026,kai-kroeger,Kai Kroeger,P,HOU,
kamari-lassiter-HOU,2026,kamari-lassiter,Kamari Lassiter,CB,HOU,
woody-marks-HOU,2026,woody-marks,Woody Marks,RB,HOU,
kayden-mcdonald-HOU,2026,kayden-mcdonald,Kayden McDonald,DT,HOU,
graham-mertz-HOU,2026,graham-mertz,Graham Mertz,QB,HOU,
davis-mills-HOU,2026,davis-mills,Davis Mills,QB,HOU,
zaire-mitchell-paden-HOU,2026,zaire-mitchell-paden,Zaire Mitchell-Paden,TE,HOU,
david-montgomery-HOU,2026,david-montgomery,David Montgomery,RB,HOU,
foster-moreau-HOU,2026,foster-moreau,Foster Moreau,TE,HOU,
james-neal-iii-HOU,2026,james-neal-iii,James Neal III,OT,HOU,
jaylin-noel-HOU,2026,jaylin-noel,Jaylin Noel,WR,HOU,
febechi-nwaiwu-HOU,2026,febechi-nwaiwu,Febechi Nwaiwu,G,HOU,
george-odum-HOU,2026,george-odum,George Odum,DB,HOU,
k-c-ossai-HOU,2026,k-c-ossai,K.C. Ossai,LB,HOU,
max-pircher-HOU,2026,max-pircher,Max Pircher,OT,HOU,
jalen-pitre-HOU,2026,jalen-pitre,Jalen Pitre,SAF,HOU,
kamari-ramsey-HOU,2026,kamari-ramsey,Kamari Ramsey,SAF,HOU,
sheldon-rankins-HOU,2026,sheldon-rankins,Sheldon Rankins,DT,HOU,
dominique-robinson-HOU,2026,dominique-robinson,Dominique Robinson,DE,HOU,
keylan-rutledge-HOU,2026,keylan-rutledge,Keylan Rutledge,G,HOU,
dalton-schultz-HOU,2026,dalton-schultz,Dalton Schultz,TE,HOU,
braden-smith-HOU,2026,braden-smith,Braden Smith,OT,HOU,
jaylin-smith-HOU,2026,jaylin-smith,Jaylin Smith,CB,HOU,
tremon-smith-HOU,2026,tremon-smith,Tremon Smith,CB,HOU,
daniel-sobkowicz-HOU,2026,daniel-sobkowicz,Daniel Sobkowicz,WR,HOU,
e-j-speed-HOU,2026,e-j-speed,E.J. Speed,LB,HOU,
m-j-stewart-HOU,2026,m-j-stewart,M.J. Stewart,SAF,HOU,
derek-stingley-jr-HOU,2026,derek-stingley-jr,Derek Stingley Jr.,CB,HOU,
cade-stover-HOU,2026,cade-stover,Cade Stover,TE,HOU,
c-j-stroud-HOU,2026,c-j-stroud,C.J. Stroud,QB,HOU,
junior-tafuna-HOU,2026,junior-tafuna,Junior Tafuna,DT,HOU,
wyatt-teller-HOU,2026,wyatt-teller,Wyatt Teller,G,HOU,
nathan-thomas-HOU,2026,nathan-thomas,Nathan Thomas,OT,HOU,
mitchell-tinsley-HOU,2026,mitchell-tinsley,Mitchell Tinsley,WR,HOU,
tommy-togiai-HOU,2026,tommy-togiai,Tommy Togiai,DT,HOU,
henry-to-oto-o-HOU,2026,henry-to-oto-o,Henry To'oTo'o,LB,HOU,
jared-wayne-HOU,2026,jared-wayne,Jared Wayne,WR,HOU,
noah-whittington-HOU,2026,noah-whittington,Noah Whittington,RB,HOU,
wade-woodaz-HOU,2026,wade-woodaz,Wade Woodaz,LB,HOU,
collin-wright-HOU,2026,collin-wright,Collin Wright,CB,HOU,
adetomiwa-adebawore-IND,2026,adetomiwa-adebawore,Adetomiwa Adebawore,DT,IND,
austin-ajiake-IND,2026,austin-ajiake,Austin Ajiake,LB,IND,
mo-alie-cox-IND,2026,mo-alie-cox,Mo Alie-Cox,TE,IND,
cj-allen-IND,2026,cj-allen,CJ Allen,LB,IND,
keenan-allen-IND,2026,keenan-allen,Keenan Allen,WR,IND,
cameron-ball-IND,2026,cameron-ball,Cameron Ball,DT,IND,
bryce-boettcher-IND,2026,bryce-boettcher,Bryce Boettcher,LB,IND,
davon-booth-IND,2026,davon-booth,Davon Booth,RB,IND,
tanor-bortolini-IND,2026,tanor-bortolini,Tanor Bortolini,C,IND,
pharaoh-brown-IND,2026,pharaoh-brown,Pharaoh Brown,TE,IND,
deforest-buckner-IND,2026,deforest-buckner,DeForest Buckner,DT,IND,
deion-burks-IND,2026,deion-burks,Deion Burks,WR,IND,
camryn-bynum-IND,2026,camryn-bynum,Camryn Bynum,SAF,IND,
jaylon-carlies-IND,2026,jaylon-carlies,Jaylon Carlies,LB,IND,
rob-carter-jr-IND,2026,rob-carter-jr,Rob Carter Jr.,CB,IND,
anderson-castle-IND,2026,anderson-castle,Anderson Castle,RB,IND,
tahj-chambers-IND,2026,tahj-chambers,Tahj Chambers,LB,IND,
micheal-clemons-IND,2026,micheal-clemons,Micheal Clemons,DE,IND,
caden-curry-IND,2026,caden-curry,Caden Curry,DE,IND,
akeem-davis-gaither-IND,2026,akeem-davis-gaither,Akeem Davis-Gaither,LB,IND,
josh-downs-IND,2026,josh-downs,Josh Downs,WR,IND,
ashton-dulin-IND,2026,ashton-dulin,Ashton Dulin,WR,IND,
johnathan-edwards-IND,2026,johnathan-edwards,Johnathan Edwards,DB,IND,
jalen-farmer-IND,2026,jalen-farmer,Jalen Farmer,G,IND,
kenny-fletcher-jr-IND,2026,kenny-fletcher-jr,Kenny Fletcher Jr.,TE,IND,
sauce-gardner-IND,2026,sauce-gardner,Sauce Gardner,CB,IND,
dj-giddens-IND,2026,dj-giddens,DJ Giddens,RB,IND,
matt-goncalves-IND,2026,matt-goncalves,Matt Goncalves,G,IND,
anthony-gould-IND,2026,anthony-gould,Anthony Gould,WR,IND,
george-gumbs-jr-IND,2026,george-gumbs-jr,George Gumbs Jr.,DE,IND,
kapena-gushiken-IND,2026,kapena-gushiken,Kapena Gushiken,CB,IND,
kenneth-harris-2-IND,2026,kenneth-harris-2,Kenneth Harris,CB,IND,
a-j-haulcy-IND,2026,a-j-haulcy,A.J. Haulcy,SAF,IND,
reid-holskey-IND,2026,reid-holskey,Reid Holskey,OT,IND,
daniel-jones-x5302-IND,2026,daniel-jones-x5302,Daniel Jones,QB,IND,
arden-key-IND,2026,arden-key,Arden Key,DE,IND,
laiatu-latu-IND,2026,laiatu-latu,Laiatu Latu,DE,IND,
riley-leonard-IND,2026,riley-leonard,Riley Leonard,QB,IND,
will-mallory-IND,2026,will-mallory,Will Mallory,TE,IND,
roy-mbaeteka-IND,2026,roy-mbaeteka,Roy Mbaeteka,OT,IND,
seth-mcgowan-IND,2026,seth-mcgowan,Seth McGowan,RB,IND,
mitchell-melton-IND,2026,mitchell-melton,Mitchell Melton,DE,IND,
cameron-mitchell-IND,2026,cameron-mitchell,Cameron Mitchell,DB,IND,
d-j-montgomery-IND,2026,d-j-montgomery,D.J. Montgomery,WR,IND,
quenton-nelson-IND,2026,quenton-nelson,Quenton Nelson,G,IND,
andrew-ogletree-IND,2026,andrew-ogletree,Andrew Ogletree,TE,IND,
jonathan-owens-IND,2026,jonathan-owens,Jonathan Owens,SAF,IND,
alec-pierce-IND,2026,alec-pierce,Alec Pierce,WR,IND,
bernhard-raimann-IND,2026,bernhard-raimann,Bernhard Raimann,OT,IND,
luke-rhodes-IND,2026,luke-rhodes,Luke Rhodes,LS,IND,
anthony-richardson-IND,2026,anthony-richardson,Anthony Richardson,QB,IND,
nolan-rucci-IND,2026,nolan-rucci,Nolan Rucci,OT,IND,
rigoberto-sanchez-IND,2026,rigoberto-sanchez,Rigoberto Sanchez,P,IND,
daniel-scott-IND,2026,daniel-scott,Daniel Scott,SAF,IND,
spencer-shrader-IND,2026,spencer-shrader,Spencer Shrader,K,IND,
josh-sills-IND,2026,josh-sills,Josh Sills,G,IND,
tim-smith-4-IND,2026,tim-smith-4,Tim Smith,DT,IND,
grover-stewart-IND,2026,grover-stewart,Grover Stewart,DT,IND,
jonathan-taylor-IND,2026,jonathan-taylor,Jonathan Taylor,RB,IND,
cam-taylor-britt-IND,2026,cam-taylor-britt,Cam Taylor-Britt,CB,IND,
luke-tenuta-IND,2026,luke-tenuta,Luke Tenuta,OT,IND,
jerry-tillery-IND,2026,jerry-tillery,Jerry Tillery,DT,IND,
carson-towt-IND,2026,carson-towt,Carson Towt,TE,IND,
jalen-travis-IND,2026,jalen-travis,Jalen Travis,OT,IND,
laquon-treadwell-IND,2026,laquon-treadwell,Laquon Treadwell,WR,IND,
dalton-tucker-IND,2026,dalton-tucker,Dalton Tucker,G,IND,
jt-tuimoloau-IND,2026,jt-tuimoloau,Jaylahn Tuimoloau,DE,IND,
sedrick-van-pran-granger-IND,2026,sedrick-van-pran-granger,Sedrick Van Pran-Granger,C,IND,
justin-walley-IND,2026,justin-walley,Justin Walley,CB,IND,
charvarius-ward-IND,2026,charvarius-ward,Charvarius Ward,CB,IND,
tyler-warren-IND,2026,tyler-warren,Tyler Warren,TE,IND,
trey-washington-IND,2026,trey-washington,Trey Washington,SAF,IND,
west-weeks-IND,2026,west-weeks,West Weeks,LB,IND,
nick-westbrook-ikhine-IND,2026,nick-westbrook-ikhine,Nick Westbrook-Ikhine,WR,IND,
hunter-wohler-IND,2026,hunter-wohler,Hunter Wohler,SAF,IND,
ameer-abdullah-JAX,2026,ameer-abdullah,Ameer Abdullah,RB,JAX,
joey-aguilar-JAX,2026,joey-aguilar,Joey Aguilar,QB,JAX,
josh-hines-allen-JAX,2026,josh-hines-allen,Josh Hines-Allen,DE,JAX,
lequint-allen-JAX,2026,lequint-allen,LeQuint Allen Jr.,RB,JAX,
arik-armstead-JAX,2026,arik-armstead,Arik Armstead,DT,JAX,
jared-bartlett-JAX,2026,jared-bartlett,Jared Bartlett,LB,JAX,
nate-boerkircher-JAX,2026,nate-boerkircher,Nate Boerkircher,TE,JAX,
t-j-bollers-JAX,2026,t-j-bollers,T.J. Bollers,DT,JAX,
christian-braswell-JAX,2026,christian-braswell,Christian Braswell,CB,JAX,
montaric-brown-JAX,2026,montaric-brown,Montaric Brown,CB,JAX,
josh-cameron-JAX,2026,josh-cameron,Josh Cameron,WR,JAX,
geron-christian-JAX,2026,geron-christian,Geron Christian,OT,JAX,
ezra-cleveland-JAX,2026,ezra-cleveland,Ezra Cleveland,G,JAX,
branson-combs-JAX,2026,branson-combs,Branson Combs,LB,JAX,
logan-cooke-JAX,2026,logan-cooke,Logan Cooke,P,JAX,
eli-cox-JAX,2026,eli-cox,Eli Cox,C,JAX,
matt-dickerson-JAX,2026,matt-dickerson,Matt Dickerson,DT,JAX,
garrett-digiorgio-JAX,2026,garrett-digiorgio,Garrett DiGiorgio,OT,JAX,
zach-durfee-JAX,2026,zach-durfee,Zach Durfee,DE,JAX,
quinn-ewers-JAX,2026,quinn-ewers,Quinn Ewers,QB,JAX,
daniel-faalele-JAX,2026,daniel-faalele,Daniel Faalele,G,JAX,
dennis-gardeck-JAX,2026,dennis-gardeck,Dennis Gardeck,LB,JAX,
bj-green-ii-JAX,2026,bj-green-ii,BJ Green II,DE,JAX,
robert-hainsey-JAX,2026,robert-hainsey,Robert Hainsey,OT,JAX,
davon-hamilton-JAX,2026,davon-hamilton,DaVon Hamilton,DT,JAX,
anton-harrison-JAX,2026,anton-harrison,Anton Harrison,OT,JAX,
parker-hughes-JAX,2026,parker-hughes,Parker Hughes,LB,JAX,
travis-hunter-JAX,2026,travis-hunter,Travis Hunter,CB,JAX,
jalen-huskey-JAX,2026,jalen-huskey,Jalen Huskey,SAF,JAX,
antonio-johnson-3-JAX,2026,antonio-johnson-3,Antonio Johnson,SAF,JAX,
jarrian-jones-JAX,2026,jarrian-jones,Jarrian Jones,CB,JAX,
tim-jones-3-JAX,2026,tim-jones-3,Tim Jones,WR,JAX,
jack-kiser-JAX,2026,jack-kiser,Jack Kiser,LB,JAX,
tanner-koziol-JAX,2026,tanner-koziol,Tanner Koziol,TE,JAX,
rayuan-lane-iii-JAX,2026,rayuan-lane-iii,Rayuan Lane III,SAF,JAX,
trevor-lawrence-JAX,2026,trevor-lawrence,Trevor Lawrence,QB,JAX,
jourdan-lewis-JAX,2026,jourdan-lewis,Jourdan Lewis,CB,JAX,
cam-little-JAX,2026,cam-little,Cam Little,K,JAX,
walker-little-JAX,2026,walker-little,Walker Little,OT,JAX,
ross-matiscik-JAX,2026,ross-matiscik,Ross Matiscik,LS,JAX,
jalen-mcleod-JAX,2026,jalen-mcleod,Jalen McLeod,LB,JAX,
patrick-mekari-JAX,2026,patrick-mekari,Patrick Mekari,OT,JAX,
kaevon-merriweather-JAX,2026,kaevon-merriweather,Kaevon Merriweather,SAF,JAX,
jakobi-meyers-JAX,2026,jakobi-meyers,Jakobi Meyers,WR,JAX,
ventrell-miller-JAX,2026,ventrell-miller,Ventrell Miller,LB,JAX,
wyatt-milum-JAX,2026,wyatt-milum,Wyatt Milum,OT,JAX,
jonah-monheim-JAX,2026,jonah-monheim,Jonah Monheim,C,JAX,
quintin-morris-JAX,2026,quintin-morris,Quintin Morris,TE,JAX,
jabbar-muhammad-JAX,2026,jabbar-muhammad,Jabbar Muhammad,CB,JAX,
nick-mullens-JAX,2026,nick-mullens,Nick Mullens,QB,JAX,
eric-murray-JAX,2026,eric-murray,Eric Murray,S,JAX,
sam-mustipher-JAX,2026,sam-mustipher,Sam Mustipher,C,JAX,
foye-oluokun-JAX,2026,foye-oluokun,Foye Oluokun,LB,JAX,
ruke-orhorhoro-JAX,2026,ruke-orhorhoro,Ruke Orhorhoro,DT,JAX,
trebor-pena-JAX,2026,trebor-pena,Trebor Pena,WR,JAX,
emmanuel-pregnon-JAX,2026,emmanuel-pregnon,Emmanuel Pregnon,G,JAX,
caleb-ransaw-JAX,2026,caleb-ransaw,Caleb Ransaw,SAF,JAX,
albert-regis-JAX,2026,albert-regis,Albert Regis,DT,JAX,
chris-rodriguez-jr-JAX,2026,chris-rodriguez-jr,Chris Rodriguez Jr.,RB,JAX,
hayden-rucci-JAX,2026,hayden-rucci,Hayden Rucci,TE,JAX,
cam-ron-silmon-craig-JAX,2026,cam-ron-silmon-craig,Cam'Ron Silmon-Craig,DB,JAX,
brenton-strange-JAX,2026,brenton-strange,Brenton Strange,TE,JAX,
danny-striggow-JAX,2026,danny-striggow,Danny Striggow,DE,JAX,
jahlani-tavai-JAX,2026,jahlani-tavai,Jahlani Tavai,LB,JAX,
j-mari-taylor-JAX,2026,j-mari-taylor,J'Mari Taylor,RB,JAX,
brian-thomas-jr-JAX,2026,brian-thomas-jr,Brian Thomas Jr.,WR,JAX,
bryan-thomas-jr-JAX,2026,bryan-thomas-jr,Bryan Thomas Jr.,DE,JAX,
austin-trammell-JAX,2026,austin-trammell,Austin Trammell,WR,JAX,
bhayshul-tuten-JAX,2026,bhayshul-tuten,Bhayshul Tuten,RB,JAX,
cole-van-lanen-JAX,2026,cole-van-lanen,Cole Van Lanen,G,JAX,
travon-walker-JAX,2026,travon-walker,Travon Walker,DE,JAX,
parker-washington-JAX,2026,parker-washington,Parker Washington,WR,JAX,
c-j-williams-JAX,2026,c-j-williams,C.J. Williams,WR,JAX,
wesley-williams-x4243-JAX,2026,wesley-williams-x4243,Wesley Williams,DE,JAX,
michael-wortham-JAX,2026,michael-wortham,Michael Wortham,WR,JAX,
kilian-zierer-JAX,2026,kilian-zierer,Kilian Zierer,OT,JAX,
tony-adams-4-TEN,2026,tony-adams-4,Tony Adams,SAF,TEN,
elic-ayomanor-TEN,2026,elic-ayomanor,Elic Ayomanor,WR,TEN,
shemar-bartholomew-TEN,2026,shemar-bartholomew,Shemar Bartholomew,CB,TEN,
cody-barton-TEN,2026,cody-barton,Cody Barton,LB,TEN,
daniel-bellinger-TEN,2026,daniel-bellinger,Daniel Bellinger,TE,TEN,
kendell-brooks-TEN,2026,kendell-brooks,Kendell Brooks,SAF,TEN,
terrell-burgess-TEN,2026,terrell-burgess,Terrell Burgess,SAF,TEN,
fernando-carmona-TEN,2026,fernando-carmona,Fernando Carmona,G,TEN,
michael-carter-3-TEN,2026,michael-carter-3,Michael Carter,RB,TEN,
julius-chestnut-TEN,2026,julius-chestnut,Julius Chestnut,RB,TEN,
pat-coogan-TEN,2026,pat-coogan,Pat Coogan,C,TEN,
morgan-cox-TEN,2026,morgan-cox,Morgan Cox,LS,TEN,
brandon-crenshaw-dickson-TEN,2026,brandon-crenshaw-dickson,Brandon Crenshaw-Dickson,OT,TEN,
mohamoud-diabate-TEN,2026,mohamoud-diabate,Mohamoud Diabate,LB,TEN,
chimere-dike-TEN,2026,chimere-dike,Chimere Dike,WR,TEN,
milo-eifler-TEN,2026,milo-eifler,Milo Eifler,LB,TEN,
jordan-elliott-TEN,2026,jordan-elliott,Jordan Elliott,DT,TEN,
keldric-faulk-TEN,2026,keldric-faulk,Keldric Faulk,DE,TEN,
cordale-flott-TEN,2026,cordale-flott,Cordale Flott,CB,TEN,
john-franklin-myers-TEN,2026,john-franklin-myers,John Franklin-Myers,DE,TEN,
kylen-granson-TEN,2026,kylen-granson,Kylen Granson,TE,TEN,
cedric-gray-TEN,2026,cedric-gray,Cedric Gray,LB,TEN,
erick-hallett-TEN,2026,erick-hallett,Erick Hallett,SAF,TEN,
jaylen-harrell-TEN,2026,jaylen-harrell,Jaylen Harrell,DE,TEN,
marcus-harris-4-TEN,2026,marcus-harris-4,Marcus Harris,CB,TEN,
gunnar-helm-TEN,2026,gunnar-helm,Gunnar Helm,TE,TEN,
anthony-hill-jr-TEN,2026,anthony-hill-jr,Anthony Hill Jr.,LB,TEN,
jalyn-holmes-TEN,2026,jalyn-holmes,Jalyn Holmes,DT,TEN,
amani-hooker-TEN,2026,amani-hooker,Amani Hooker,SAF,TEN,
hendon-hooker-TEN,2026,hendon-hooker,Hendon Hooker,QB,TEN,
timmy-horne-TEN,2026,timmy-horne,Timmy Horne,DT,TEN,
james-hudson-TEN,2026,james-hudson,James Hudson,OT,TEN,
jermaine-johnson-ii-TEN,2026,jermaine-johnson-ii,Jermaine Johnson II,DE,TEN,
jaylon-jones-2-TEN,2026,jaylon-jones-2,Jaylon Jones,DB,TEN,
truman-jones-TEN,2026,truman-jones,Truman Jones,DE,TEN,
jaren-kanak-TEN,2026,jaren-kanak,Jaren Kanak,TE,TEN,
tanoh-kpassagnon-TEN,2026,tanoh-kpassagnon,Tanoh Kpassagnon,DE,TEN,
jc-latham-TEN,2026,jc-latham,JC Latham,OT,TEN,
atonio-mafi-TEN,2026,atonio-mafi,Atonio Mafi,G,TEN,
jackie-marshall-TEN,2026,jackie-marshall,Jackie Marshall,DT,TEN,
jake-martin-TEN,2026,jake-martin,Jacob Martin,DE,TEN,
david-martin-robinson-TEN,2026,david-martin-robinson,David Martin-Robinson,TE,TEN,
dorian-mausi-TEN,2026,dorian-mausi,Dorian Mausi,LB,TEN,
jalen-mcmurray-TEN,2026,jalen-mcmurray,Jalen McMurray,CB,TEN,
rasheed-miller-TEN,2026,rasheed-miller,Rasheed Miller,OT,TEN,
tyren-montgomery-TEN,2026,tyren-montgomery,Tyren Montgomery,WR,TEN,
dan-moore-jr-TEN,2026,dan-moore-jr,Dan Moore Jr.,OT,TEN,
drew-moss-TEN,2026,drew-moss,Drew Moss,G,TEN,
kalel-mullings-TEN,2026,kalel-mullings,Kalel Mullings,RB,TEN,
oluwafemi-oladejo-TEN,2026,oluwafemi-oladejo,Oluwafemi Oladejo,DE,TEN,
isaiah-oliver-TEN,2026,isaiah-oliver,Isaiah Oliver,FS,TEN,
k-j-osborn-TEN,2026,k-j-osborn,K.J. Osborn,WR,TEN,
owen-pappoe-TEN,2026,owen-pappoe,Owen Pappoe,LB,TEN,
tony-pollard-TEN,2026,tony-pollard,Tony Pollard,RB,TEN,
xavier-restrepo-TEN,2026,xavier-restrepo,Xavier Restrepo,WR,TEN,
calvin-ridley-TEN,2026,calvin-ridley,Calvin Ridley,WR,TEN,
micah-robinson-TEN,2026,micah-robinson,Micah Robinson,CB,TEN,
wan-dale-robinson-TEN,2026,wan-dale-robinson,Wan'Dale Robinson,WR,TEN,
austin-schlottmann-TEN,2026,austin-schlottmann,Austin Schlottmann,C,TEN,
jeffery-simmons-TEN,2026,jeffery-simmons,Jeffery Simmons,DT,TEN,
nicholas-singleton-TEN,2026,nicholas-singleton,Nicholas Singleton,RB,TEN,
peter-skoronski-TEN,2026,peter-skoronski,Peter Skoronski,G,TEN,
jackson-slater-TEN,2026,jackson-slater,Jackson Slater,G,TEN,
joey-slye-TEN,2026,joey-slye,Joey Slye,K,TEN,
tyjae-spears-TEN,2026,tyjae-spears,Tyjae Spears,RB,TEN,
nazir-stackhouse-TEN,2026,nazir-stackhouse,Nazir Stackhouse,DT,TEN,
laki-tasi-TEN,2026,laki-tasi,Laki Tasi,NT,TEN,
carnell-tate-TEN,2026,carnell-tate,Carnell Tate,WR,TEN,
alontae-taylor-TEN,2026,alontae-taylor,Alontae Taylor,CB,TEN,
solomon-thomas-TEN,2026,solomon-thomas,Solomon Thomas,DT,TEN,
tommy-townsend-TEN,2026,tommy-townsend,Tommy Townsend,P,TEN,
mitchell-trubisky-TEN,2026,mitchell-trubisky,Mitchell Trubisky,QB,TEN,
cam-ward-TEN,2026,cam-ward,Cam Ward,QB,TEN,
james-williams-8-TEN,2026,james-williams-8,James Williams,LB,TEN,
joshua-williams-TEN,2026,joshua-williams,Joshua Williams,CB,TEN,
joel-wilson-TEN,2026,joel-wilson,Joel Wilson,TE,TEN,
kevin-winston-jr-TEN,2026,kevin-winston-jr,Kevin Winston Jr.,SAF,TEN,
kris-abrams-draine-DEN,2026,kris-abrams-draine,Kris Abrams-Draine,CB,DEN,
nate-adkins-DEN,2026,nate-adkins,Nate Adkins,TE,DEN,
david-agoha-DEN,2026,david-agoha,David Agoha,DE,DEN,
zach-allen-DEN,2026,zach-allen,Zach Allen,DE,DEN,
tycen-anderson-DEN,2026,tycen-anderson,Tycen Anderson,SAF,DEN,
brent-austin-DEN,2026,brent-austin,Brent Austin,CB,DEN,
tyler-badie-DEN,2026,tyler-badie,Tyler Badie,RB,DEN,
levelle-bailey-DEN,2026,levelle-bailey,Levelle Bailey,LB,DEN,
michael-bandy-DEN,2026,michael-bandy,Michael Bandy,WR,DEN,
jahdae-barron-DEN,2026,jahdae-barron,Jahdae Barron,CB,DEN,
dallen-bentley-DEN,2026,dallen-bentley,Dallen Bentley,TE,DEN,
garett-bolles-DEN,2026,garett-bolles,Garett Bolles,OT,DEN,
nik-bonitto-DEN,2026,nik-bonitto,Nik Bonitto,LB,DEN,
pat-bryant-DEN,2026,pat-bryant,Pat Bryant,WR,DEN,
kage-casey-DEN,2026,kage-casey,Kage Casey,OT,DEN,
jonah-coleman-DEN,2026,jonah-coleman,Jonah Coleman,RB,DEN,
jonathon-cooper-DEN,2026,jonathon-cooper,Jonathon Cooper,LB,DEN,
jeremy-crawshaw-DEN,2026,jeremy-crawshaw,Jeremy Crawshaw,P,DEN,
frank-crum-DEN,2026,frank-crum,Frank Crum,OT,DEN,
michael-deiter-DEN,2026,michael-deiter,Michael Deiter,C,DEN,
j-k-dobbins-DEN,2026,j-k-dobbins,J.K. Dobbins,RB,DEN,
sam-ehlinger-DEN,2026,sam-ehlinger,Sam Ehlinger,QB,DEN,
jonah-elliss-DEN,2026,jonah-elliss,Jonah Elliss,LB,DEN,
evan-engram-DEN,2026,evan-engram,Evan Engram,TE,DEN,
alex-forsyth-DEN,2026,alex-forsyth,Alex Forsyth,C,DEN,
mitchell-fraboni-DEN,2026,mitchell-fraboni,Mitchell Fraboni,LS,DEN,
troy-franklin-DEN,2026,troy-franklin,Troy Franklin,WR,DEN,
sean-fresch-jr-DEN,2026,sean-fresch-jr,Sean Fresch,DB,DEN,
nick-gargiulo-DEN,2026,nick-gargiulo,Nick Gargiulo,G,DEN,
rj-harvey-DEN,2026,rj-harvey,RJ Harvey,RB,DEN,
matt-henningsen-DEN,2026,matt-henningsen,Matt Henningsen,DE,DEN,
talanoa-hufanga-DEN,2026,talanoa-hufanga,Talanoa Hufanga,SAF,DEN,
lil-jordan-humphrey-DEN,2026,lil-jordan-humphrey,Lil'Jordan Humphrey,WR,DEN,
jordan-jackson-DEN,2026,jordan-jackson,Jordan Jackson,DT,DEN,
brandon-jones-3-DEN,2026,brandon-jones-3,Brandon Jones,SAF,DEN,
d-j-jones-DEN,2026,d-j-jones,D.J. Jones,DT,DEN,
sai-vion-jones-DEN,2026,sai-vion-jones,Sai'vion Jones,DE,DEN,
kolbe-katsis-DEN,2026,kolbe-katsis,Kolbe Katsis,WR,DEN,
dane-key-DEN,2026,dane-key,Dane Key,WR,DEN,
devon-key-DEN,2026,devon-key,Devon Key,SAF,DEN,
lucas-krull-DEN,2026,lucas-krull,Lucas Krull,TE,DEN,
caleb-lohner-DEN,2026,caleb-lohner,Caleb Lohner,TE,DEN,
wil-lutz-DEN,2026,wil-lutz,Wil Lutz,K,DEN,
mike-mcglinchey-DEN,2026,mike-mcglinchey,Mike McGlinchey,OT,DEN,
ja-quan-mcmillian-DEN,2026,ja-quan-mcmillian,Ja'Quan McMillian,CB,DEN,
quinn-meinerz-DEN,2026,quinn-meinerz,Quinn Meinerz,C,DEN,
tyler-miller-DEN,2026,tyler-miller,Tyler Miller,OT,DEN,
marvin-mims-jr-DEN,2026,marvin-mims-jr,Marvin Mims Jr.,WR,DEN,
riley-moss-DEN,2026,riley-moss,Riley Moss,CB,DEN,
red-murdock-DEN,2026,red-murdock,Red Murdock,LB,DEN,
bo-nix-DEN,2026,bo-nix,Bo Nix,QB,DEN,
tyler-onyedim-DEN,2026,tyler-onyedim,Tyler Onyedim,DT,DEN,
gavin-ortega-DEN,2026,gavin-ortega,Gavin Ortega,OT,DEN,
alex-palczewski-DEN,2026,alex-palczewski,Alex Palczewski,OT,DEN,
matt-peart-DEN,2026,matt-peart,Matt Peart,OT,DEN,
ben-powers-x2568-DEN,2026,ben-powers-x2568,Ben Powers,G,DEN,
adam-prentice-DEN,2026,adam-prentice,Adam Prentice,FB,DEN,
taylor-rapp-DEN,2026,taylor-rapp,Taylor Rapp,SAF,DEN,
karene-reid-DEN,2026,karene-reid,Karene Reid,LB,DEN,
malcolm-roach-DEN,2026,malcolm-roach,Malcolm Roach,DT,DEN,
que-robinson-DEN,2026,que-robinson,Que Robinson,LB,DEN,
cody-schrader-DEN,2026,cody-schrader,Cody Schrader,RB,DEN,
miles-scott-DEN,2026,miles-scott,Miles Scott,SAF,DEN,
alex-singleton-DEN,2026,alex-singleton,Alex Singleton,LB,DEN,
jl-skinner-iii-DEN,2026,jl-skinner-iii,JL Skinner,SAF,DEN,
jarrett-stidham-DEN,2026,jarrett-stidham,Jarrett Stidham,QB,DEN,
justin-strnad-DEN,2026,justin-strnad,Justin Strnad,LB,DEN,
patrick-surtain-ii-DEN,2026,patrick-surtain-ii,Pat Surtain II,CB,DEN,
courtland-sutton-DEN,2026,courtland-sutton,Courtland Sutton,WR,DEN,
calvin-throckmorton-DEN,2026,calvin-throckmorton,Calvin Throckmorton,OT,DEN,
dondrea-tillman-DEN,2026,dondrea-tillman,Dondrea Tillman,LB,DEN,
adam-trautman-DEN,2026,adam-trautman,Adam Trautman,TE,DEN,
jordan-turner-DEN,2026,jordan-turner,Jordan Turner,LB,DEN,
eyioma-uwazurike-DEN,2026,eyioma-uwazurike,Eyioma Uwazurike,DT,DEN,
jaylen-waddle-DEN,2026,jaylen-waddle,Jaylen Waddle,WR,DEN,
johnny-walker-jr-DEN,2026,johnny-walker-jr,Johnny Walker Jr.,LB,DEN,
luke-wattenberg-DEN,2026,luke-wattenberg,Luke Wattenberg,C,DEN,
cyrus-allen-KC,2026,cyrus-allen,Cyrus Allen,WR,KC,
felix-anudike-uzomah-KC,2026,felix-anudike-uzomah,Felix Anudike-Uzomah,DE,KC,
matt-araiza-KC,2026,matt-araiza,Matt Araiza,P,KC,
andrew-armstrong-KC,2026,andrew-armstrong,Andrew Armstrong,WR,KC,
jeffrey-bassa-KC,2026,jeffrey-bassa,Jeffrey Bassa,LB,KC,
kahlil-benson-KC,2026,kahlil-benson,Kahlil Benson,OT,KC,
nick-bolton-KC,2026,nick-bolton,Nick Bolton,LB,KC,
jake-briningstool-KC,2026,jake-briningstool,Jake Briningstool,TE,KC,
harrison-butker-KC,2026,harrison-butker,Harrison Butker,K,KC,
jeff-caldwell-KC,2026,jeff-caldwell,Jeff Caldwell,WR,KC,
mike-caliendo-KC,2026,mike-caliendo,Mike Caliendo,G,KC,
jadon-canady-KC,2026,jadon-canady,Jadon Canady,CB,KC,
nate-carter-KC,2026,nate-carter,Nate Carter,RB,KC,
cole-christiansen-KC,2026,cole-christiansen,Cole Christiansen,LB,KC,
jack-cochrane-KC,2026,jack-cochrane,Jack Cochrane,LB,KC,
chamarri-conner-KC,2026,chamarri-conner,Chamarri Conner,DB,KC,
mansoor-delane-KC,2026,mansoor-delane,Mansoor Delane,CB,KC,
ethan-downs-KC,2026,ethan-downs,Ethan Downs,LB,KC,
ethan-driskell-KC,2026,ethan-driskell,Ethan Driskell,OT,KC,
bryson-eason-KC,2026,bryson-eason,Bryson Eason,DT,KC,
omari-evans-KC,2026,omari-evans,Omari Evans,WR,KC,
joshua-ezeudu-KC,2026,joshua-ezeudu,Joshua Ezeudu,G,KC,
justin-fields-KC,2026,justin-fields,Justin Fields,QB,KC,
kristian-fulton-KC,2026,kristian-fulton,Kristian Fulton,CB,KC,
ashton-gillotte-KC,2026,ashton-gillotte,Ashton Gillotte,DE,KC,
alohi-gilman-KC,2026,alohi-gilman,Alohi Gilman,SAF,KC,
noah-gray-KC,2026,noah-gray,Noah Gray,TE,KC,
john-michael-gyllenborg-KC,2026,john-michael-gyllenborg,John Michael Gyllenborg,TE,KC,
marcus-harris-3-KC,2026,marcus-harris-3,Marcus Harris,DT,KC,
jaden-hicks-KC,2026,jaden-hicks,Jaden Hicks,SAF,KC,
jimmy-holiday-KC,2026,jimmy-holiday,Jimmy Holiday,WR,KC,
creed-humphrey-KC,2026,creed-humphrey,Creed Humphrey,C,KC,
emmett-johnson-2-KC,2026,emmett-johnson-2,Emmett Johnson,RB,KC,
cam-jones-KC,2026,cam-jones,Cam Jones,LB,KC,
chris-jones-KC,2026,chris-jones,Chris Jones,DE,KC,
george-karlaftis-KC,2026,george-karlaftis,George Karlaftis,DE,KC,
travis-kelce-KC,2026,travis-kelce,Travis Kelce,TE,KC,
kader-kohou-KC,2026,kader-kohou,Kader Kohou,CB,KC,
patrick-mahomes-KC,2026,patrick-mahomes,Patrick Mahomes,QB,KC,
tanner-mccalister-KC,2026,tanner-mccalister,Tanner McCalister,SAF,KC,
cooper-mcdonald-KC,2026,cooper-mcdonald,Cooper McDonald,LB,KC,
jaylon-moore-2-KC,2026,jaylon-moore-2,Jaylon Moore,OT,KC,
omarr-norman-lott-KC,2026,omarr-norman-lott,Omarr Norman-Lott,DT,KC,
hunter-nourzad-KC,2026,hunter-nourzad,Hunter Nourzad,C,KC,
garrett-nussmeier-KC,2026,garrett-nussmeier,Garrett Nussmeier,QB,KC,
xavier-nwankpa-KC,2026,xavier-nwankpa,Xavier Nwankpa,SAF,KC,
pete-nygra-KC,2026,pete-nygra,Pete Nygra,C,KC,
thomas-odukoya-KC,2026,thomas-odukoya,Thomas Odukoya,TE,KC,
emmanuel-ogbah-KC,2026,emmanuel-ogbah,Emmanuel Ogbah,DE,KC,
jaydn-ott-KC,2026,jaydn-ott,Jaydn Ott,RB,KC,
d-arco-perkins-mcallister-KC,2026,d-arco-perkins-mcallister,D'Arco Perkins-McAllister,CB,KC,
diego-pounds-KC,2026,diego-pounds,Diego Pounds,OT,KC,
jack-pyburn-2-KC,2026,jack-pyburn-2,Jack Pyburn,DE,KC,
nikko-remigio-KC,2026,nikko-remigio,Nikko Remigio,WR,KC,
rashee-rice-KC,2026,rashee-rice,Rashee Rice,WR,KC,
christian-roland-wallace-KC,2026,christian-roland-wallace,Christian Roland-Wallace,CB,KC,
jalen-royals-2-KC,2026,jalen-royals-2,Jalen Royals,WR,KC,
josh-simmons-2-KC,2026,josh-simmons-2,Josh Simmons,OT,KC,
deshon-singleton-KC,2026,deshon-singleton,DeShon Singleton,SAF,KC,
brashard-smith-KC,2026,brashard-smith,Brashard Smith,RB,KC,
trey-smith-KC,2026,trey-smith,Trey Smith,G,KC,
tyreke-smith-KC,2026,tyreke-smith,Tyreke Smith,DE,KC,
l-jarius-sneed-KC,2026,l-jarius-sneed,L'Jarius Sneed,CB,KC,
kingsley-suamataia-KC,2026,kingsley-suamataia,Kingsley Suamataia,OT,KC,
r-mason-thomas-KC,2026,r-mason-thomas,R Mason Thomas,DE,KC,
tyquan-thornton-KC,2026,tyquan-thornton,Tyquan Thornton,WR,KC,
khyiris-tonga-KC,2026,khyiris-tonga,Khyiris Tonga,DT,KC,
drue-tranquill-KC,2026,drue-tranquill,Drue Tranquill,LB,KC,
ben-vansumeren-KC,2026,ben-vansumeren,Ben VanSumeren,RB,KC,
matt-waletzko-KC,2026,matt-waletzko,Matt Waletzko,OT,KC,
kenneth-walker-iii-KC,2026,kenneth-walker-iii,Kenneth Walker III,RB,KC,
jared-wiley-KC,2026,jared-wiley,Jared Wiley,TE,KC,
nohl-williams-KC,2026,nohl-williams,Nohl Williams,CB,KC,
james-winchester-KC,2026,james-winchester,James Winchester,LS,KC,
peter-woods-KC,2026,peter-woods,Peter Woods,DT,KC,
xavier-worthy-KC,2026,xavier-worthy,Xavier Worthy,WR,KC,
chigozie-anusiem-LV,2026,chigozie-anusiem,Chigozie Anusiem,DB,LV,
jack-bech-LV,2026,jack-bech,Jack Bech,WR,LV,
ronnie-bell-LV,2026,ronnie-bell,Ronnie Bell,WR,LV,
malik-benson-LV,2026,malik-benson,Malik Benson,WR,LV,
thomas-booker-LV,2026,thomas-booker,Thomas Booker,DT,LV,
brock-bowers-LV,2026,brock-bowers,Brock Bowers,TE,LV,
spencer-burford-LV,2026,spencer-burford,Spencer Burford,G,LV,
adam-butler-LV,2026,adam-butler,Adam Butler,DT,LV,
bryce-cabeldue-LV,2026,bryce-cabeldue,Bryce Cabeldue,G,LV,
jeremy-chinn-LV,2026,jeremy-chinn,Jeremy Chinn,SAF,LV,
brandon-cleveland-LV,2026,brandon-cleveland,Brandon Cleveland,DT,LV,
a-j-cole-LV,2026,a-j-cole,AJ Cole,P,LV,
chris-collier-LV,2026,chris-collier,Chris Collier,RB,LV,
kirk-cousins-LV,2026,kirk-cousins,Kirk Cousins,QB,LV,
keyron-crawford-LV,2026,keyron-crawford,Keyron Crawford,DE,LV,
maxx-crosby-x6606-LV,2026,maxx-crosby-x6606,Maxx Crosby,DE,LV,
nakobe-dean-LV,2026,nakobe-dean,Nakobe Dean,LB,LV,
tommy-eichenberg-LV,2026,tommy-eichenberg,Tommy Eichenberg,LB,LV,
foley-fatukasi-LV,2026,foley-fatukasi,Foley Fatukasi,DT,LV,
matt-gay-LV,2026,matt-gay,Matt Gay,K,LV,
delmar-glaze-LV,2026,delmar-glaze,DJ Glaze,OT,LV,
charles-grant-2-LV,2026,charles-grant-2,Charles Grant,OT,LV,
patrick-gurd-LV,2026,patrick-gurd,Patrick Gurd,TE,LV,
roman-hemby-LV,2026,roman-hemby,Roman Hemby,RB,LV,
tonka-hemingway-LV,2026,tonka-hemingway,Tonka Hemingway,DT,LV,
niklas-henning-LV,2026,niklas-henning,Niklas Henning,OT,LV,
connor-heyward-LV,2026,connor-heyward,Connor Heyward,FB,LV,
brennan-jackson-LV,2026,brennan-jackson,Brennan Jackson,LB,LV,
ashton-jeanty-LV,2026,ashton-jeanty,Ashton Jeanty,RB,LV,
dalton-johnson-LV,2026,dalton-johnson,Dalton Johnson,SAF,LV,
patrick-johnson-LV,2026,patrick-johnson,Patrick Johnson,DE,LV,
taron-johnson-LV,2026,taron-johnson,Taron Johnson,CB,LV,
tim-keenan-iii-LV,2026,tim-keenan-iii,Tim Keenan III,DT,LV,
malcolm-koonce-LV,2026,malcolm-koonce,Malcolm Koonce,DE,LV,
dylan-laube-LV,2026,dylan-laube,Dylan Laube,RB,LV,
jonah-laulu-LV,2026,jonah-laulu,Jonah Laulu,DT,LV,
cody-lindenberg-LV,2026,cody-lindenberg,Cody Lindenberg,LB,LV,
tyler-linderbaum-LV,2026,tyler-linderbaum,Tyler Linderbaum,C,LV,
darrell-luter-jr-LV,2026,darrell-luter-jr,Darrell Luter Jr.,CB,LV,
hezekiah-masses-LV,2026,hezekiah-masses,Hezekiah Masses,CB,LV,
kansei-matsuzawa-LV,2026,kansei-matsuzawa,Kansei Matsuzawa,K,LV,
michael-mayer-LV,2026,michael-mayer,Michael Mayer,TE,LV,
tristin-mccollum-LV,2026,tristin-mccollum,Tristin McCollum,DB,LV,
jermod-mccoy-LV,2026,jermod-mccoy,Jermod McCoy,CB,LV,
cameron-mcgrone-LV,2026,cameron-mcgrone,Cameron McGrone,LB,LV,
fernando-mendoza-LV,2026,fernando-mendoza,Fernando Mendoza,QB,LV,
kolton-miller-LV,2026,kolton-miller,Kolton Miller,OT,LV,
chris-myarick-LV,2026,chris-myarick,Chris Myarick,TE,LV,
jalen-nailor-LV,2026,jalen-nailor,Jalen Nailor,WR,LV,
evan-neal-LV,2026,evan-neal,Evan Neal,G,LV,
aidan-o-connell-LV,2026,aidan-o-connell,Aidan O'Connell,QB,LV,
dare-ogunbowale-LV,2026,dare-ogunbowale,Dare Ogunbowale,RB,LV,
azeez-ojulari-LV,2026,azeez-ojulari,Azeez Ojulari,LB,LV,
segun-olubi-LV,2026,segun-olubi,Segun Olubi,LB,LV,
kwity-paye-LV,2026,kwity-paye,Kwity Paye,DE,LV,
jj-pegues-LV,2026,jj-pegues,JJ Pegues,DT,LV,
justin-pickett-LV,2026,justin-pickett,Justin Pickett,G,LV,
isaiah-pola-mao-LV,2026,isaiah-pola-mao,Isaiah Pola-Mao,SAF,LV,
darien-porter-2-LV,2026,darien-porter-2,Darien Porter,CB,LV,
jackson-powers-johnson-LV,2026,jackson-powers-johnson,Jackson Powers-Johnson,C,LV,
will-putnam-LV,2026,will-putnam,Will Putnam,C,LV,
caleb-rogers-LV,2026,caleb-rogers,Caleb Rogers,G,LV,
corey-rucker-LV,2026,corey-rucker,Corey Rucker,WR,LV,
carter-runyon-2-LV,2026,carter-runyon-2,Carter Runyon,TE,LV,
justin-shorter-LV,2026,justin-shorter,Justin Shorter,TE,LV,
cian-slone-LV,2026,cian-slone,Cian Slone,DE,LV,
eric-stokes-3-LV,2026,eric-stokes-3,Eric Stokes,CB,LV,
treydan-stukes-LV,2026,treydan-stukes,Treydan Stukes,SAF,LV,
ian-thomas-LV,2026,ian-thomas,Ian Thomas,TE,LV,
deven-thompkins-LV,2026,deven-thompkins,Deven Thompkins,WR,LV,
dont-e-thornton-jr-LV,2026,dont-e-thornton-jr,Dont'e Thornton Jr.,WR,LV,
tre-tucker-LV,2026,tre-tucker,Tre Tucker,WR,LV,
greedy-vance-LV,2026,greedy-vance,Greedy Vance,CB,LV,
quay-walker-LV,2026,quay-walker,Quay Walker,LB,LV,
alex-ward-LV,2026,alex-ward,Alex Ward,LS,LV,
mike-washington-jr-LV,2026,mike-washington-jr,Mike Washington Jr.,RB,LV,
cody-white-2-LV,2026,cody-white-2,Cody White,WR,LV,
dareke-young-LV,2026,dareke-young,Dareke Young,WR,LV,
trey-zuhn-iii-LV,2026,trey-zuhn-iii,Trey Zuhn III,G,LV,
joe-alt-LAC,2026,joe-alt,Joe Alt,OT,LAC,
kayode-awosika-LAC,2026,kayode-awosika,Kayode Awosika,G,LAC,
nick-barrett-LAC,2026,nick-barrett,Nick Barrett,DT,LAC,
lander-barton-LAC,2026,lander-barton,Lander Barton,LB,LAC,
tyler-biadasz-LAC,2026,tyler-biadasz,Tyler Biadasz,C,LAC,
travis-burke-LAC,2026,travis-burke,Travis Burke,OT,LAC,
jamaree-caldwell-LAC,2026,jamaree-caldwell,Jamaree Caldwell,DT,LAC,
andre-carter-ii-LAC,2026,andre-carter-ii,Andre Carter II,LB,LAC,
junior-colson-LAC,2026,junior-colson,Junior Colson,LB,LAC,
derius-davis-LAC,2026,derius-davis,Derius Davis,WR,LAC,
gregory-desrosiers-LAC,2026,gregory-desrosiers,Gregory Desrosiers,RB,LAC,
cameron-dicker-LAC,2026,cameron-dicker,Cameron Dicker,K,LAC,
bud-dupree-LAC,2026,bud-dupree,Bud Dupree,OLB,LAC,
troy-dye-LAC,2026,troy-dye,Troy Dye,LB,LAC,
justin-eboigbe-LAC,2026,justin-eboigbe,Justin Eboigbe,DT,LAC,
kaiir-elam-LAC,2026,kaiir-elam,Kaiir Elam,CB,LAC,
oronde-gadsden-ii-LAC,2026,oronde-gadsden-ii,Oronde Gadsden II,TE,LAC,
omarion-hampton-LAC,2026,omarion-hampton,Omarion Hampton,RB,LAC,
josh-harris-LAC,2026,josh-harris,Josh Harris,LS,LAC,
alex-harkey-LAC,2026,alex-harkey,Alex Harkey,G,LAC,
tre-harris-LAC,2026,tre-harris,Tre Harris,WR,LAC,
cam-hart-LAC,2026,cam-hart,Cam Hart,CB,LAC,
daiyan-henley-LAC,2026,daiyan-henley,Daiyan Henley,LB,LAC,
justin-herbert-LAC,2026,justin-herbert,Justin Herbert,QB,LAC,
patrick-herbert-LAC,2026,patrick-herbert,Patrick Herbert,TE,LAC,
alec-ingold-x8122-LAC,2026,alec-ingold-x8122,Alec Ingold,FB,LAC,
donte-jackson-LAC,2026,donte-jackson,Donte Jackson,CB,LAC,
derwin-james-LAC,2026,derwin-james,Derwin James,FS,LAC,
jordan-jefferson-2-LAC,2026,jordan-jefferson-2,Jordan Jefferson,DT,LAC,
tony-jefferson-LAC,2026,tony-jefferson,Tony Jefferson,S,LAC,
gary-jennings-LAC,2026,gary-jennings,Gary Jennings,WR,LAC,
amar-johnson-2-LAC,2026,amar-johnson-2,Amar Johnson,RB,LAC,
quentin-johnston-LAC,2026,quentin-johnston,Quentin Johnston,WR,LAC,
josh-kaltenberger-LAC,2026,josh-kaltenberger,Josh Kaltenberger,C,LAC,
charlie-kolar-LAC,2026,charlie-kolar,Charlie Kolar,TE,LAC,
keandre-lambert-smith-LAC,2026,keandre-lambert-smith,KeAndre Lambert-Smith,WR,LAC,
trey-lance-LAC,2026,trey-lance,Trey Lance,QB,LAC,
deane-leonard-LAC,2026,deane-leonard,Deane Leonard,CB,LAC,
khalil-mack-LAC,2026,khalil-mack,Khalil Mack,OLB,LAC,
scott-matlock-LAC,2026,scott-matlock,Scott Matlock,DT,LAC,
ladd-mcconkey-LAC,2026,ladd-mcconkey,Ladd McConkey,WR,LAC,
akheem-mesidor-LAC,2026,akheem-mesidor,Akheem Mesidor,LB,LAC,
r-j-mickens-LAC,2026,r-j-mickens,R.J. Mickens,SAF,LAC,
keaton-mitchell-LAC,2026,keaton-mitchell,Keaton Mitchell,RB,LAC,
elijah-molden-LAC,2026,elijah-molden,Elijah Molden,CB,LAC,
caleb-murphy-LAC,2026,caleb-murphy,Caleb Murphy,LB,LAC,
david-njoku-LAC,2026,david-njoku,David Njoku,TE,LAC,
trevor-penning-LAC,2026,trevor-penning,Trevor Penning,OT,LAC,
denzel-perryman-LAC,2026,denzel-perryman,Denzel Perryman,MLB,LAC,
del-shawn-phillips-LAC,2026,del-shawn-phillips,Del'Shawn Phillips,LB,LAC,
trey-pipkins-LAC,2026,trey-pipkins,Trey Pipkins,OT,LAC,
nikko-reed-LAC,2026,nikko-reed,Nikko Reed,DB,LAC,
j-k-scott-LAC,2026,j-k-scott,J.K. Scott,P,LAC,
rodney-shelley-LAC,2026,rodney-shelley,Rodney Shelley,DB,LAC,
rashawn-slater-LAC,2026,rashawn-slater,Rashawn Slater,OT,LAC,
jake-slaughter-LAC,2026,jake-slaughter,Jake Slaughter,C,LAC,
genesis-smith-LAC,2026,genesis-smith,Genesis Smith,SAF,LAC,
jacob-spomer-LAC,2026,jacob-spomer,Jacob Spomer,C,LAC,
tarheeb-still-LAC,2026,tarheeb-still,Tarheeb Still,CB,LAC,
cole-strange-LAC,2026,cole-strange,Cole Strange,G,LAC,
evan-svoboda-LAC,2026,evan-svoboda,Evan Svoboda,TE,LAC,
teair-tart-LAC,2026,teair-tart,Teair Tart,DT,LAC,
branson-taylor-LAC,2026,branson-taylor,Branson Taylor,OT,LAC,
logan-taylor-LAC,2026,logan-taylor,Logan Taylor,G,LAC,
brenen-thompson-LAC,2026,brenen-thompson,Brenen Thompson,WR,LAC,
dalvin-tomlinson-LAC,2026,dalvin-tomlinson,Dalvin Tomlinson,DE,LAC,
tuli-tuipulotu-LAC,2026,tuli-tuipulotu,Tuli Tuipulotu,LB,LAC,
dj-uiagalelei-LAC,2026,dj-uiagalelei,DJ Uiagalelei,QB,LAC,
laekin-vakalahi-LAC,2026,laekin-vakalahi,Laekin Vakalahi,OT,LAC,
kimani-vidal-LAC,2026,kimani-vidal,Kimani Vidal,RB,LAC,
marlowe-wax-LAC,2026,marlowe-wax,Marlowe Wax,LB,LAC,
theo-wease-jr-LAC,2026,theo-wease-jr,Theo Wease Jr.,WR,LAC,
terry-webb-LAC,2026,terry-webb,Terry Webb,DT,LAC,
kendall-williamson-LAC,2026,kendall-williamson,Kendall Williamson,SAF,LAC,
isaiah-world-LAC,2026,isaiah-world,Isaiah World,OT,LAC,
israel-abanikanda-DAL,2026,israel-abanikanda,Israel Abanikanda,RB,DAL,
bryan-anger-DAL,2026,bryan-anger,Bryan Anger,P,DAL,
brandon-aubrey-DAL,2026,brandon-aubrey,Brandon Aubrey,K,DAL,
jaishawn-barham-DAL,2026,jaishawn-barham,Jaishawn Barham,LB,DAL,
justin-barron-DAL,2026,justin-barron,Justin Barron,LB,DAL,
tj-bass-DAL,2026,tj-bass,TJ Bass,G,DAL,
cooper-beebe-DAL,2026,cooper-beebe,Cooper Beebe,C,DAL,
markquese-bell-DAL,2026,markquese-bell,Markquese Bell,SAF,DAL,
daron-bland-DAL,2026,daron-bland,DaRon Bland,CB,DAL,
tyler-booker-DAL,2026,tyler-booker,Tyler Booker,G,DAL,
camden-brown-DAL,2026,camden-brown,Camden Brown,WR,DAL,
jonathan-bullard-DAL,2026,jonathan-bullard,Jonathan Bullard,DE,DAL,
caelen-carson-DAL,2026,caelen-carson,Caelen Carson,DB,DAL,
alijah-clark-DAL,2026,alijah-clark,Alijah Clark,DB,DAL,
kenny-clark-DAL,2026,kenny-clark,Kenny Clark,NT,DAL,
ajani-cornelius-DAL,2026,ajani-cornelius,Ajani Cornelius,OT,DAL,
malik-davis-DAL,2026,malik-davis,Malik Davis,RB,DAL,
emari-demercado-DAL,2026,emari-demercado,Emari Demercado,RB,DAL,
caleb-downs-DAL,2026,caleb-downs,Caleb Downs,SAF,DAL,
tommy-dunn-DAL,2026,tommy-dunn,Tommy Dunn,DT,DAL,
cobie-durant-DAL,2026,cobie-durant,Cobie Durant,CB,DAL,
donovan-ezeiruaku-DAL,2026,donovan-ezeiruaku,Donovan Ezeiruaku,LB,DAL,
princeton-fant-DAL,2026,princeton-fant,Princeton Fant,TE,DAL,
jake-ferguson-DAL,2026,jake-ferguson,Jake Ferguson,TE,DAL,
ryan-flournoy-DAL,2026,ryan-flournoy,Ryan Flournoy,WR,DAL,
elijah-garcia-DAL,2026,elijah-garcia,Elijah Garcia,DE,DAL,
rashan-gary-DAL,2026,rashan-gary,Rashan Gary,LB,DAL,
kelvin-gilliam-DAL,2026,kelvin-gilliam,Kelvin Gilliam,DT,DAL,
tyler-guyton-DAL,2026,tyler-guyton,Tyler Guyton,OT,DAL,
matt-hennessy-DAL,2026,matt-hennessy,Matt Hennessy,C,DAL,
malik-hooker-DAL,2026,malik-hooker,Malik Hooker,FS,DAL,
james-houston-DAL,2026,james-houston,James Houston,LB,DAL,
sam-howell-DAL,2026,sam-howell,Sam Howell,QB,DAL,
jordan-hudson-DAL,2026,jordan-hudson,Jordan Hudson,WR,DAL,
shemar-james-DAL,2026,shemar-james,Shemar James,LB,DAL,
marcellus-johnson-DAL,2026,marcellus-johnson,Marcellus Johnson,OT,DAL,
broderick-jones-DAL,2026,broderick-jones,Broderick Jones,OT,DAL,
derion-kendrick-DAL,2026,derion-kendrick,Derion Kendrick,CB,DAL,
ceedee-lamb-DAL,2026,ceedee-lamb,CeeDee Lamb,WR,DAL,
isaiah-land-DAL,2026,isaiah-land,Isaiah Land,LB,DAL,
malachi-lawrence-DAL,2026,malachi-lawrence,Malachi Lawrence,LB,DAL,
nick-leverett-DAL,2026,nick-leverett,Nick Leverett,G,DAL,
marist-liufau-DAL,2026,marist-liufau,Marist Liufau,LB,DAL,
p-j-locke-DAL,2026,p-j-locke,P.J. Locke,DB,DAL,
hunter-luepke-DAL,2026,hunter-luepke,Hunter Luepke,RB,DAL,
von-miller-DAL,2026,von-miller,Von Miller,OLB,DAL,
joe-milton-iii-DAL,2026,joe-milton-iii,Joe Milton III,QB,DAL,
jonathan-mingo-DAL,2026,jonathan-mingo,Jonathan Mingo,WR,DAL,
james-mitchell-DAL,2026,james-mitchell,James Mitchell,TE,DAL,
devin-moore-2-DAL,2026,devin-moore-2,Devin Moore,CB,DAL,
wanya-morris-DAL,2026,wanya-morris,Wanya Morris,OT,DAL,
adedayo-odeleye-DAL,2026,adedayo-odeleye,Adedayo Odeleye,DE,DAL,
otito-ogbonnia-DAL,2026,otito-ogbonnia,Otito Ogbonnia,DT,DAL,
demarvion-overshown-DAL,2026,demarvion-overshown,DeMarvion Overshown,LB,DAL,
lt-overton-DAL,2026,lt-overton,LT Overton,DT,DAL,
george-pickens-DAL,2026,george-pickens,George Pickens,WR,DAL,
dak-prescott-DAL,2026,dak-prescott,Dak Prescott,QB,DAL,
shavon-revel-jr-DAL,2026,shavon-revel-jr,Shavon Revel Jr.,CB,DAL,
curtis-robinson-DAL,2026,curtis-robinson,Curtis Robinson,LB,DAL,
dj-rogers-DAL,2026,dj-rogers,DJ Rogers,TE,DAL,
luke-schoonmaker-DAL,2026,luke-schoonmaker,Luke Schoonmaker,TE,DAL,
drew-shelton-DAL,2026,drew-shelton,Drew Shelton,OT,DAL,
trent-sieg-DAL,2026,trent-sieg,Trent Sieg,LS,DAL,
anthony-smith-3-DAL,2026,anthony-smith-3,Anthony Smith,WR,DAL,
tyler-smith-DAL,2026,tyler-smith,Tyler Smith,G,DAL,
brevyn-spann-ford-DAL,2026,brevyn-spann-ford,Brevyn Spann-Ford,TE,DAL,
ameer-speed-DAL,2026,ameer-speed,Ameer Speed,CB,DAL,
terence-steele-DAL,2026,terence-steele,Terence Steele,OT,DAL,
reddy-steward-DAL,2026,reddy-steward,Reddy Steward,DB,DAL,
jalen-thompson-DAL,2026,jalen-thompson,Jalen Thompson,DB,DAL,
laken-tomlinson-DAL,2026,laken-tomlinson,Laken Tomlinson,G,DAL,
michael-trigg-DAL,2026,michael-trigg,Michael Trigg,TE,DAL,
kavontae-turpin-DAL,2026,kavontae-turpin,KaVontae Turpin,WR,DAL,
tyrus-wheat-DAL,2026,tyrus-wheat,Tyrus Wheat,LB,DAL,
quinnen-williams-DAL,2026,quinnen-williams,Quinnen Williams,DT,DAL,
javonte-williams-DAL,2026,javonte-williams,Javonte Williams,RB,DAL,
dee-winters-DAL,2026,dee-winters,Dee Winters,LB,DAL,
paulson-adebo-NYG,2026,paulson-adebo,Paulson Adebo,CB,NYG,
darius-alexander-NYG,2026,darius-alexander,Darius Alexander,DT,NYG,
calvin-austin-iii-NYG,2026,calvin-austin-iii,Calvin Austin III,WR,NYG,
deonte-banks-NYG,2026,deonte-banks,Deonte Banks,CB,NYG,
zaire-barnes-NYG,2026,zaire-barnes,Zaire Barnes,LB,NYG,
odell-beckham-NYG,2026,odell-beckham,Odell Beckham Jr.,WR,NYG,
jarrick-bernard-converse-NYG,2026,jarrick-bernard-converse,Jarrick Bernard-Converse,CB,NYG,
braxton-berrios-NYG,2026,braxton-berrios,Braxton Berrios,WR,NYG,
korie-black-NYG,2026,korie-black,Korie Black,CB,NYG,
brian-burns-NYG,2026,brian-burns,Brian Burns,LB,NYG,
dalen-cambre-NYG,2026,dalen-cambre,Dalen Cambre,WR,NYG,
elijah-campbell-NYG,2026,elijah-campbell,Elijah Campbell,DB,NYG,
abdul-carter-NYG,2026,abdul-carter,Abdul Carter,LB,NYG,
jaxson-dart-NYG,2026,jaxson-dart,Jaxson Dart,QB,NYG,
j-c-davis-NYG,2026,j-c-davis,J.C. Davis,OT,NYG,
tremaine-edmunds-NYG,2026,tremaine-edmunds,Tremaine Edmunds,MLB,NYG,
kingsley-eguakun-NYG,2026,kingsley-eguakun,Kingsley Eguakun,C,NYG,
jermaine-eluemunor-NYG,2026,jermaine-eluemunor,Jermaine Eluemunor,G,NYG,
thomas-fidone-ii-NYG,2026,thomas-fidone-ii,Thomas Fidone II,TE,NYG,
malachi-fields-NYG,2026,malachi-fields,Malachi Fields,WR,NYG,
grant-finley-NYG,2026,grant-finley,Grant Finley,RB,NYG,
trace-ford-NYG,2026,trace-ford,Trace Ford,LB,NYG,
chauncey-golston-NYG,2026,chauncey-golston,Chauncey Golston,DE,NYG,
jarrod-gray-NYG,2026,jarrod-gray,Jarrod Gray,OT,NYG,
jake-haener-NYG,2026,jake-haener,Jake Haener,QB,NYG,
najee-harris-NYG,2026,najee-harris,Najee Harris,RB,NYG,
shelby-harris-NYG,2026,shelby-harris,Shelby Harris,DE,NYG,
malik-harrison-NYG,2026,malik-harrison,Malik Harrison,LB,NYG,
jevon-holland-NYG,2026,jevon-holland,Jevon Holland,SAF,NYG,
colton-hood-NYG,2026,colton-hood,Colton Hood,CB,NYG,
bryan-hudson-NYG,2026,bryan-hudson,Bryan Hudson,C,NYG,
jalin-hyatt-NYG,2026,jalin-hyatt,Jalin Hyatt,WR,NYG,
bobby-jamison-travis-NYG,2026,bobby-jamison-travis,Bobby Jamison-Travis,DT,NYG,
theo-johnson-NYG,2026,theo-johnson,Theo Johnson,TE,NYG,
charlie-jones-3-NYG,2026,charlie-jones-3,Charlie Jones,WR,NYG,
elijah-jones-2-NYG,2026,elijah-jones-2,Elijah Jones,CB,NYG,
nic-jones-NYG,2026,nic-jones,Nic Jones,CB,NYG,
jack-kelly-NYG,2026,jack-kelly,Jack Kelly,LB,NYG,
darian-kinnard-NYG,2026,darian-kinnard,Darian Kinnard,G,NYG,
raheem-layne-NYG,2026,raheem-layne,Raheem Layne,SAF,NYG,
isaiah-likely-NYG,2026,isaiah-likely,Isaiah Likely,TE,NYG,
chris-manhertz-NYG,2026,chris-manhertz,Chris Manhertz,TE,NYG,
ben-mann-2-NYG,2026,ben-mann-2,Ben Mann,LS,NYG,
chandler-martin-NYG,2026,chandler-martin,Chandler Martin,LB,NYG,
francis-mauigoa-NYG,2026,francis-mauigoa,Francis Mauigoa,OT,NYG,
marcus-mbow-NYG,2026,marcus-mbow,Marcus Mbow,G,NYG,
micah-mcfadden-NYG,2026,micah-mcfadden,Micah McFadden,LB,NYG,
darnell-mooney-NYG,2026,darnell-mooney,Darnell Mooney,WR,NYG,
malik-nabers-NYG,2026,malik-nabers,Malik Nabers,WR,NYG,
greg-newsome-ii-NYG,2026,greg-newsome-ii,Greg Newsome II,CB,NYG,
tyler-nubin-NYG,2026,tyler-nubin,Tyler Nubin,SAF,NYG,
basil-okoye-NYG,2026,basil-okoye,Basil Okoye,DT,NYG,
gunner-olszewski-NYG,2026,gunner-olszewski,Gunner Olszewski,WR,NYG,
rico-payton-NYG,2026,rico-payton,Rico Payton,CB,NYG,
andru-phillips-NYG,2026,andru-phillips,Andru Phillips,DB,NYG,
jason-pinnock-NYG,2026,jason-pinnock,Jason Pinnock,SAF,NYG,
d-j-reader-NYG,2026,d-j-reader,DJ Reader,DT,NYG,
arvell-reese-NYG,2026,arvell-reese,Arvell Reese,LB,NYG,
patrick-ricard-NYG,2026,patrick-ricard,Patrick Ricard,RB,NYG,
roy-robertson-harris-NYG,2026,roy-robertson-harris,Roy Robertson-Harris,DE,NYG,
jon-runyan-2-NYG,2026,jon-runyan-2,Jon Runyan,G,NYG,
ryan-schernecke-NYG,2026,ryan-schernecke,Ryan Schernecke,OT,NYG,
john-michael-schmitz-NYG,2026,john-michael-schmitz,John Michael Schmitz,C,NYG,
devin-singletary-NYG,2026,devin-singletary,Devin Singletary,RB,NYG,
cam-skattebo-NYG,2026,cam-skattebo,Cam Skattebo,RB,NYG,
aaron-stinnie-NYG,2026,aaron-stinnie,Aaron Stinnie,G,NYG,
jordan-stout-NYG,2026,jordan-stout,Jordan Stout,P,NYG,
kayvon-thibodeaux-NYG,2026,kayvon-thibodeaux,Kayvon Thibodeaux,LB,NYG,
andrew-thomas-NYG,2026,andrew-thomas,Andrew Thomas,OT,NYG,
tyrone-tracy-jr-NYG,2026,tyrone-tracy-jr,Tyrone Tracy Jr.,RB,NYG,
josh-tupou-NYG,2026,josh-tupou,Josh Tupou,DT,NYG,
geno-vandemark-NYG,2026,geno-vandemark,Geno VanDeMark,C,NYG,
ar-darius-washington-NYG,2026,ar-darius-washington,Ar'Darius Washington,SAF,NYG,
jameis-winston-NYG,2026,jameis-winston,Jameis Winston,QB,NYG,
dominic-zvada-NYG,2026,dominic-zvada,Dominic Zvada,K,NYG,
kiran-amegadjie-PHI,2026,kiran-amegadjie,Kiran Amegadjie,OT,PHI,
saquon-barkley-PHI,2026,saquon-barkley,Saquon Barkley,RB,PHI,
zack-baun-PHI,2026,zack-baun,Zack Baun,LB,PHI,
markel-bell-PHI,2026,markel-bell,Markel Bell,OT,PHI,
jakorian-bennett-PHI,2026,jakorian-bennett,Jakorian Bennett,DB,PHI,
uar-bernard-PHI,2026,uar-bernard,Uar Bernard,DT,PHI,
tank-bigsby-PHI,2026,tank-bigsby,Tank Bigsby,RB,PHI,
jaydon-blue-PHI,2026,jaydon-blue,Jaydon Blue,RB,PHI,
marquise-brown-PHI,2026,marquise-brown,Marquise Brown,WR,PHI,
grant-calcaterra-PHI,2026,grant-calcaterra,Grant Calcaterra,TE,PHI,
chance-campbell-PHI,2026,chance-campbell,Chance Campbell,LB,PHI,
jihaad-campbell-PHI,2026,jihaad-campbell,Jihaad Campbell,LB,PHI,
jalen-carter-PHI,2026,jalen-carter,Jalen Carter,DT,PHI,
michael-carter-ii-PHI,2026,michael-carter-ii,Michael Carter II,CB,PHI,
darius-cooper-PHI,2026,darius-cooper,Darius Cooper,WR,PHI,
britain-covey-PHI,2026,britain-covey,Britain Covey,WR,PHI,
andy-dalton-PHI,2026,andy-dalton,Andy Dalton,QB,PHI,
jordan-davis-PHI,2026,jordan-davis,Jordan Davis,DT,PHI,
cooper-dejean-PHI,2026,cooper-dejean,Cooper DeJean,CB,PHI,
landon-dickerson-PHI,2026,landon-dickerson,Landon Dickerson,G,PHI,
arnold-ebiketie-PHI,2026,arnold-ebiketie,Arnold Ebiketie,LB,PHI,
jake-elliott-PHI,2026,jake-elliott,Jake Elliott,K,PHI,
a-j-epenesa-PHI,2026,a-j-epenesa,A.J. Epenesa,LB,PHI,
marcus-epps-PHI,2026,marcus-epps,Marcus Epps,SAF,PHI,
xavier-gipson-PHI,2026,xavier-gipson,Xavier Gipson,WR,PHI,
dallas-goedert-PHI,2026,dallas-goedert,Dallas Goedert,TE,PHI,
danny-gray-PHI,2026,danny-gray,Danny Gray,WR,PHI,
jonathan-greenard-PHI,2026,jonathan-greenard,Jonathan Greenard,LB,PHI,
gabe-hall-2-PHI,2026,gabe-hall-2,Gabe Hall,DT,PHI,
jalyx-hunt-PHI,2026,jalyx-hunt,Jalyx Hunt,LB,PHI,
jalen-hurts-PHI,2026,jalen-hurts,Jalen Hurts,QB,PHI,
keyshawn-james-newby-PHI,2026,keyshawn-james-newby,Keyshawn James-Newby,LB,PHI,
e-j-jenkins-PHI,2026,e-j-jenkins,E.J. Jenkins,TE,PHI,
fred-johnson-PHI,2026,fred-johnson,Fred Johnson,OT,PHI,
lane-johnson-PHI,2026,lane-johnson,Lane Johnson,OT,PHI,
jonathan-jones-PHI,2026,jonathan-jones,Jonathan Jones,DB,PHI,
cam-jurgens-PHI,2026,cam-jurgens,Cam Jurgens,C,PHI,
drew-kendall-PHI,2026,drew-kendall,Drew Kendall,C,PHI,
willie-lampkin-PHI,2026,willie-lampkin,Willie Lampkin,G,PHI,
tucker-large-PHI,2026,tucker-large,Tucker Large,SAF,PHI,
makai-lemon-PHI,2026,makai-lemon,Makai Lemon,WR,PHI,
robert-longerbeam-PHI,2026,robert-longerbeam,Robert Longerbeam,CB,PHI,
jordan-mailata-PHI,2026,jordan-mailata,Jordan Mailata,OT,PHI,
jake-majors-PHI,2026,jake-majors,Jake Majors,C,PHI,
braden-mann-PHI,2026,braden-mann,Braden Mann,P,PHI,
tanner-mckee-PHI,2026,tanner-mckee,Tanner McKee,QB,PHI,
mac-mcwilliams-PHI,2026,mac-mcwilliams,Mac McWilliams,CB,PHI,
quinyon-mitchell-PHI,2026,quinyon-mitchell,Quinyon Mitchell,CB,PHI,
smael-mondon-jr-PHI,2026,smael-mondon-jr,Smael Mondon Jr.,LB,PHI,
elijah-moore-PHI,2026,elijah-moore,Elijah Moore,WR,PHI,
micah-morris-PHI,2026,micah-morris,Micah Morris,G,PHI,
andrew-mukuba-PHI,2026,andrew-mukuba,Andrew Mukuba,SAF,PHI,
johnny-mundt-PHI,2026,johnny-mundt,Johnny Mundt,TE,PHI,
moro-ojomo-PHI,2026,moro-ojomo,Moro Ojomo,DT,PHI,
john-ojukwu-PHI,2026,john-ojukwu,John Ojukwu,OT,PHI,
cole-payton-PHI,2026,cole-payton,Cole Payton,QB,PHI,
dameon-pierce-PHI,2026,dameon-pierce,Dameon Pierce,RB,PHI,
maximus-pulley-PHI,2026,maximus-pulley,Maximus Pulley,SAF,PHI,
mason-reiger-PHI,2026,mason-reiger,Mason Reiger,DE,PHI,
kelee-ringo-PHI,2026,kelee-ringo,Kelee Ringo,CB,PHI,
ty-robinson-PHI,2026,ty-robinson,Ty Robinson,DT,PHI,
andre-sam-PHI,2026,andre-sam,Andre' Sam,SAF,PHI,
will-shipley-PHI,2026,will-shipley,Will Shipley,RB,PHI,
devonta-smith-PHI,2026,devonta-smith,DeVonta Smith,WR,PHI,
nolan-smith-PHI,2026,nolan-smith,Nolan Smith,LB,PHI,
carson-steele-PHI,2026,carson-steele,Carson Steele,RB,PHI,
tyler-steen-PHI,2026,tyler-steen,Tyler Steen,G,PHI,
eli-stowers-PHI,2026,eli-stowers,Eli Stowers,TE,PHI,
jeremiah-trotter-jr-PHI,2026,jeremiah-trotter-jr,Jeremiah Trotter Jr.,LB,PHI,
rocco-underwood-PHI,2026,rocco-underwood,Rocco Underwood,LS,PHI,
joshua-weru-PHI,2026,joshua-weru,Joshua Weru,LB,PHI,
dontayvion-wicks-PHI,2026,dontayvion-wicks,Dontayvion Wicks,WR,PHI,
johnny-wilson-2-PHI,2026,johnny-wilson-2,Johnny Wilson,WR,PHI,
cole-wisniewski-PHI,2026,cole-wisniewski,Cole Wisniewski,SAF,PHI,
tariq-woolen-PHI,2026,tariq-woolen,Riq Woolen,CB,PHI,
byron-young-PHI,2026,byron-young,Byron Young,DT,PHI,
nick-allegretti-WAS,2026,nick-allegretti,Nick Allegretti,G,WAS,
kaytron-allen-WAS,2026,kaytron-allen,Kaytron Allen,RB,WAS,
trey-amos-WAS,2026,trey-amos,Trey Amos,CB,WAS,
dorance-armstrong-WAS,2026,dorance-armstrong,Dorance Armstrong,DE,WAS,
ricky-barber-WAS,2026,ricky-barber,Ricky Barber,DT,WAS,
john-bates-WAS,2026,john-bates,John Bates,TE,WAS,
jaden-bradley-WAS,2026,jaden-bradley,Jaden Bradley,WR,WAS,
dyami-brown-WAS,2026,dyami-brown,Dyami Brown,WR,WAS,
treylon-burks-WAS,2026,treylon-burks,Treylon Burks,WR,WAS,
percy-butler-WAS,2026,percy-butler,Percy Butler,SAF,WAS,
k-lavon-chaisson-WAS,2026,k-lavon-chaisson,K'Lavon Chaisson,LB,WAS,
leo-chenal-WAS,2026,leo-chenal,Leo Chenal,LB,WAS,
brandon-coleman-2-WAS,2026,brandon-coleman-2,Brandon Coleman,G,WAS,
josh-conerly-jr-WAS,2026,josh-conerly-jr,Josh Conerly Jr.,OT,WAS,
samuel-cosmi-WAS,2026,samuel-cosmi,Sam Cosmi,OT,WAS,
byron-cowart-WAS,2026,byron-cowart,Byron Cowart,DT,WAS,
jacory-croskey-merritt-WAS,2026,jacory-croskey-merritt,Jacory Croskey-Merritt,RB,WAS,
nick-cross-WAS,2026,nick-cross,Nick Cross,SAF,WAS,
jayden-daniels-WAS,2026,jayden-daniels,Jayden Daniels,QB,WAS,
fred-davis-6-WAS,2026,fred-davis-6,Fred Davis,CB,WAS,
stefon-diggs-WAS,2026,stefon-diggs,Stefon Diggs,WR,WAS,
rasul-douglas-WAS,2026,rasul-douglas,Rasul Douglas,CB,WAS,
julian-good-jones-WAS,2026,julian-good-jones,Julian Good-Jones,G,WAS,
matt-gulbin-WAS,2026,matt-gulbin,Matt Gulbin,C,WAS,
sam-hartman-WAS,2026,sam-hartman,Sam Hartman,QB,WAS,
robert-henry-jr-WAS,2026,robert-henry-jr,Robert Henry Jr.,RB,WAS,
javontae-jean-baptiste-WAS,2026,javontae-jean-baptiste,Javontae Jean-Baptiste,LB,WAS,
van-jefferson-WAS,2026,van-jefferson,Van Jefferson,WR,WAS,
dj-johnson-2-WAS,2026,dj-johnson-2,DJ Johnson,DE,WAS,
joshua-josephs-WAS,2026,joshua-josephs,Joshua Josephs,LB,WAS,
ale-kaho-WAS,2026,ale-kaho,Ale Kaho,LB,WAS,
athan-kaliakmanis-WAS,2026,athan-kaliakmanis,Athan Kaliakmanis,QB,WAS,
javon-kinlaw-WAS,2026,javon-kinlaw,Javon Kinlaw,DT,WAS,
jaylin-lane-WAS,2026,jaylin-lane,Jaylin Lane,WR,WAS,
frankie-luvu-WAS,2026,frankie-luvu,Frankie Luvu,LB,WAS,
jordan-magee-WAS,2026,jordan-magee,Jordan Magee,LB,WAS,
marcus-mariota-WAS,2026,marcus-mariota,Marcus Mariota,QB,WAS,
jartavius-martin-WAS,2026,jartavius-martin,Quan Martin,SAF,WAS,
jeffrey-m-ba-WAS,2026,jeffrey-m-ba,Jeffrey M'ba,DT,WAS,
luke-mccaffrey-WAS,2026,luke-mccaffrey,Luke McCaffrey,WR,WAS,
terry-mclaurin-WAS,2026,terry-mclaurin,Terry McLaurin,WR,WAS,
jeremy-mcnichols-WAS,2026,jeremy-mcnichols,Jeremy McNichols,RB,WAS,
kain-medrano-WAS,2026,kain-medrano,Kain Medrano,LB,WAS,
fabian-moreau-WAS,2026,fabian-moreau,Fabian Moreau,CB,WAS,
jer-zhan-newton-WAS,2026,jer-zhan-newton,Jer'Zhan Newton,DT,WAS,
chigoziem-okonkwo-WAS,2026,chigoziem-okonkwo,Chig Okonkwo,TE,WAS,
charles-omenihu-WAS,2026,charles-omenihu,Charles Omenihu,DE,WAS,
tyler-ott-WAS,2026,tyler-ott,Tyler Ott,LS,WAS,
odafe-oweh-WAS,2026,odafe-oweh,Odafe Oweh,LB,WAS,
tyler-owens-WAS,2026,tyler-owens,Tyler Owens,DB,WAS,
chris-paul-WAS,2026,chris-paul,Chris Paul,G,WAS,
daron-payne-WAS,2026,daron-payne,Daron Payne,NT,WAS,
esa-pole-WAS,2026,esa-pole,Esa Pole,OT,WAS,
jeremy-reaves-WAS,2026,jeremy-reaves,Jeremy Reaves,DB,WAS,
craig-reynolds-WAS,2026,craig-reynolds,Craig Reynolds,RB,WAS,
amik-robertson-WAS,2026,amik-robertson,Amik Robertson,CB,WAS,
darius-rush-WAS,2026,darius-rush,Darius Rush,CB,WAS,
mike-sainristil-WAS,2026,mike-sainristil,Mike Sainristil,CB,WAS,
trent-scott-WAS,2026,trent-scott,Trent Scott,OT,WAS,
tim-settle-WAS,2026,tim-settle,Tim Settle,DT,WAS,
ben-sinnott-WAS,2026,ben-sinnott,Ben Sinnott,TE,WAS,
terell-smith-WAS,2026,terell-smith,Terell Smith,CB,WAS,
drew-stevens-WAS,2026,drew-stevens,Drew Stevens,K,WAS,
sonny-styles-WAS,2026,sonny-styles,Sonny Styles,LB,WAS,
tanoa-togiai-WAS,2026,tanoa-togiai,Tanoa Togiai,G,WAS,
laremy-tunsil-WAS,2026,laremy-tunsil,Laremy Tunsil,OT,WAS,
shy-tuttle-WAS,2026,shy-tuttle,Shy Tuttle,DT,WAS,
tress-way-WAS,2026,tress-way,Tress Way,P,WAS,
jack-westover-WAS,2026,jack-westover,Jack Westover,TE,WAS,
rachaad-white-WAS,2026,rachaad-white,Rachaad White,RB,WAS,
antonio-williams-2-WAS,2026,antonio-williams-2,Antonio Williams,WR,WAS,
deatrich-wise-WAS,2026,deatrich-wise,Deatrich Wise,DE,WAS,
andrew-wylie-WAS,2026,andrew-wylie,Andrew Wylie,G,WAS,
colson-yankoff-WAS,2026,colson-yankoff,Colson Yankoff,TE,WAS,
isaac-yiadom-WAS,2026,isaac-yiadom,Isaac Yiadom,CB,WAS,
salvon-ahmed-CHI,2026,salvon-ahmed,Salvon Ahmed,RB,CHI,
tyson-bagent-CHI,2026,tyson-bagent,Tyson Bagent,QB,CHI,
caden-barnett-CHI,2026,caden-barnett,Caden Barnett,G,CHI,
theo-benedet-CHI,2026,theo-benedet,Theo Benedet,OL,CHI,
josh-blackwell-CHI,2026,josh-blackwell,Josh Blackwell,CB,CHI,
austin-booker-CHI,2026,austin-booker,Austin Booker,DE,CHI,
garrett-bradbury-CHI,2026,garrett-bradbury,Garrett Bradbury,C,CHI,
brittain-brown-CHI,2026,brittain-brown,Brittain Brown,RB,CHI,
coby-bryant-CHI,2026,coby-bryant,Coby Bryant,CB,CHI,
luther-burden-iii-CHI,2026,luther-burden-iii,Luther Burden III,WR,CHI,
devin-bush-CHI,2026,devin-bush,Devin Bush,LB,CHI,
stephen-carlson-CHI,2026,stephen-carlson,Stephen Carlson,TE,CHI,
marcus-davenport-CHI,2026,marcus-davenport,Marcus Davenport,DE,CHI,
kaden-davis-CHI,2026,kaden-davis,Kaden Davis,WR,CHI,
t-j-edwards-CHI,2026,t-j-edwards,T.J. Edwards,LB,CHI,
keyshaun-elliott-CHI,2026,keyshaun-elliott,Keyshaun Elliott,LB,CHI,
tony-fields-ii-CHI,2026,tony-fields-ii,Tony Fields II,LB,CHI,
dallis-flowers-CHI,2026,dallis-flowers,Dallis Flowers,CB,CHI,
neville-gallimore-CHI,2026,neville-gallimore,Neville Gallimore,DT,CHI,
beau-gardner-2-CHI,2026,beau-gardner-2,Beau Gardner,LS,CHI,
jonathan-garvin-CHI,2026,jonathan-garvin,Jonathan Garvin,DE,CHI,
kyler-gordon-CHI,2026,kyler-gordon,Kyler Gordon,CB,CHI,
daniel-hardy-2-CHI,2026,daniel-hardy-2,Daniel Hardy,DE,CHI,
kyle-hergel-CHI,2026,kyle-hergel,Kyle Hergel,OL,CHI,
elijah-hicks-CHI,2026,elijah-hicks,Elijah Hicks,SAF,CHI,
ruben-hyppolite-ii-CHI,2026,ruben-hyppolite-ii,Ruben Hyppolite II,LB,CHI,
qadir-ismail-CHI,2026,qadir-ismail,Qadir Ismail,TE,CHI,
d-marco-jackson-CHI,2026,d-marco-jackson,D'Marco Jackson,LB,CHI,
jonah-jackson-CHI,2026,jonah-jackson,Jonah Jackson,G,CHI,
grady-jarrett-CHI,2026,grady-jarrett,Grady Jarrett,DT,CHI,
anthony-johnson-4-CHI,2026,anthony-johnson-4,Anthony Johnson,CB,CHI,
buddy-johnson-CHI,2026,buddy-johnson,Buddy Johnson,LB,CHI,
jaylon-johnson-CHI,2026,jaylon-johnson,Jaylon Johnson,CB,CHI,
roschon-johnson-CHI,2026,roschon-johnson,Roschon Johnson,RB,CHI,
braxton-jones-CHI,2026,braxton-jones,Braxton Jones,OT,CHI,
christian-jones-2-CHI,2026,christian-jones-2,Christian Jones,OT,CHI,
logan-jones-CHI,2026,logan-jones,Logan Jones,C,CHI,
nikola-kalinic-CHI,2026,nikola-kalinic,Nikola Kalinic,TE,CHI,
case-keenum-CHI,2026,case-keenum,Case Keenum,QB,CHI,
cole-kmet-CHI,2026,cole-kmet,Cole Kmet,TE,CHI,
jamree-kromah-CHI,2026,jamree-kromah,Jamree Kromah,DE,CHI,
hayden-large-CHI,2026,hayden-large,Hayden Large,TE,CHI,
cam-lewis-CHI,2026,cam-lewis,Cam Lewis,CB,CHI,
colston-loveland-CHI,2026,colston-loveland,Colston Loveland,TE,CHI,
jayden-loving-CHI,2026,jayden-loving,Jayden Loving,DT,CHI,
james-lynch-2-CHI,2026,james-lynch-2,James Lynch,DT,CHI,
wayne-matthews-ii-CHI,2026,wayne-matthews-ii,Wayne Matthews II,LB,CHI,
jordan-mcfadden-CHI,2026,jordan-mcfadden,Jordan McFadden,G,CHI,
scott-miller-CHI,2026,scott-miller,Scott Miller,WR,CHI,
kyle-monangai-CHI,2026,kyle-monangai,Kyle Monangai,RB,CHI,
malik-muhammad-CHI,2026,malik-muhammad,Malik Muhammad,CB,CHI,
luke-newman-CHI,2026,luke-newman,Luke Newman,G,CHI,
dayo-odeyingbo-CHI,2026,dayo-odeyingbo,Dayo Odeyingbo,DE,CHI,
rome-odunze-CHI,2026,rome-odunze,Rome Odunze,WR,CHI,
clark-phillips-iii-CHI,2026,clark-phillips-iii,Clark Phillips III,CB,CHI,
deantre-prince-CHI,2026,deantre-prince,Deantre Prince,CB,CHI,
kalif-raymond-CHI,2026,kalif-raymond,Kalif Raymond,WR,CHI,
jp-richardson-CHI,2026,jp-richardson,JP Richardson,WR,CHI,
sam-roush-CHI,2026,sam-roush,Sam Roush,TE,CHI,
jack-sanborn-CHI,2026,jack-sanborn,Jack Sanborn,LB,CHI,
cairo-santos-CHI,2026,cairo-santos,Cairo Santos,K,CHI,
zavier-scott-CHI,2026,zavier-scott,Zavier Scott,RB,CHI,
nephi-sewell-CHI,2026,nephi-sewell,Nephi Sewell,LB,CHI,
noah-sewell-CHI,2026,noah-sewell,Noah Sewell,LB,CHI,
keidron-smith-CHI,2026,keidron-smith,Keidron Smith,DB,CHI,
tyrique-stevenson-CHI,2026,tyrique-stevenson,Tyrique Stevenson,CB,CHI,
kentavius-street-CHI,2026,kentavius-street,Kentavius Street,DE,CHI,
montez-sweat-CHI,2026,montez-sweat,Montez Sweat,DE,CHI,
d-andre-swift-CHI,2026,d-andre-swift,D'Andre Swift,RB,CHI,
tory-taylor-CHI,2026,tory-taylor,Tory Taylor,P,CHI,
dillon-thieneman-CHI,2026,dillon-thieneman,Dillon Thieneman,SAF,CHI,
skyler-thomas-2-CHI,2026,skyler-thomas-2,Skyler Thomas,SAF,CHI,
zavion-thomas-CHI,2026,zavion-thomas,Zavion Thomas,WR,CHI,
joseph-michael-thuney-CHI,2026,joseph-michael-thuney,Joe Thuney,G,CHI,
ozzy-trapilo-CHI,2026,ozzy-trapilo,Ozzy Trapilo,OT,CHI,
shemar-turner-CHI,2026,shemar-turner,Shemar Turner,DT,CHI,
jordan-van-den-berg-CHI,2026,jordan-van-den-berg,Jordan van den Berg,DT,CHI,
jahdae-walker-CHI,2026,jahdae-walker,Jahdae Walker,WR,CHI,
caleb-williams-CHI,2026,caleb-williams,Caleb Williams,QB,CHI,
xavier-woods-CHI,2026,xavier-woods,Xavier Woods,FS,CHI,
darnell-wright-CHI,2026,darnell-wright,Darnell Wright,OT,CHI,
keith-abney-ii-DET,2026,keith-abney-ii,Keith Abney II,CB,DET,
luke-altmyer-DET,2026,luke-altmyer,Luke Altmyer,QB,DET,
joe-bachie-DET,2026,joe-bachie,Joe Bachie,LB,DET,
derrick-barnes-2-DET,2026,derrick-barnes-2,Derrick Barnes,LB,DET,
ben-bartch-DET,2026,ben-bartch,Ben Bartch,OT,DET,
jake-bates-DET,2026,jake-bates,Jake Bates,K,DET,
larry-borom-DET,2026,larry-borom,Larry Borom,G,DET,
brian-branch-DET,2026,brian-branch,Brian Branch,CB,DET,
natrone-brooks-DET,2026,natrone-brooks,Natrone Brooks,DB,DET,
aamaris-brown-DET,2026,aamaris-brown,Aamaris Brown,DB,DET,
jack-campbell-3-DET,2026,jack-campbell-3,Jack Campbell,LB,DET,
chuck-clark-DET,2026,chuck-clark,Chuck Clark,SAF,DET,
damone-clark-DET,2026,damone-clark,Damone Clark,LB,DET,
devin-cochran-DET,2026,devin-cochran,Devin Cochran,OT,DET,
tyler-conklin-DET,2026,tyler-conklin,Tyler Conklin,TE,DET,
joshua-dobbs-DET,2026,joshua-dobbs,Joshua Dobbs,QB,DET,
khalil-dorsey-DET,2026,khalil-dorsey,Khalil Dorsey,CB,DET,
jack-fox-x0892-DET,2026,jack-fox-x0892,Jack Fox,P,DET,
miles-frazier-DET,2026,miles-frazier,Miles Frazier,G,DET,
jahmyr-gibbs-DET,2026,jahmyr-gibbs,Jahmyr Gibbs,RB,DET,
skyler-gill-howard-DET,2026,skyler-gill-howard,Skyler Gill-Howard,DT,DET,
jared-goff-DET,2026,jared-goff,Jared Goff,QB,DET,
thomas-gordon-2-DET,2026,thomas-gordon-2,Thomas Gordon,TE,DET,
thomas-harper-DET,2026,thomas-harper,Thomas Harper,SAF,DET,
ahmed-hassanein-DET,2026,ahmed-hassanein,Ahmed Hassanein,DE,DET,
hogan-hatten-DET,2026,hogan-hatten,Hogan Hatten,LS,DET,
aidan-hutchinson-DET,2026,aidan-hutchinson,Aidan Hutchinson,DE,DET,
christian-izien-DET,2026,christian-izien,Christian Izien,SAF,DET,
lucky-jackson-DET,2026,lucky-jackson,Lucky Jackson,WR,DET,
kerby-joseph-DET,2026,kerby-joseph,Kerby Joseph,SAF,DET,
tom-kennedy-DET,2026,tom-kennedy,Tom Kennedy,WR,DET,
elijah-klein-DET,2026,elijah-klein,Elijah Klein,G,DET,
tyler-lacy-DET,2026,tyler-lacy,Tyler Lacy,DE,DET,
sam-laporta-DET,2026,sam-laporta,Sam LaPorta,TE,DET,
kendrick-law-DET,2026,kendrick-law,Kendrick Law,WR,DET,
dominic-lovett-DET,2026,dominic-lovett,Dominic Lovett,WR,DET,
anthony-lucas-2-DET,2026,anthony-lucas-2,Anthony Lucas,DE,DET,
avonte-maddox-DET,2026,avonte-maddox,Avonte Maddox,FS,DET,
christian-mahogany-DET,2026,christian-mahogany,Christian Mahogany,G,DET,
giovanni-manu-DET,2026,giovanni-manu,Giovanni Manu,OL,DET,
tay-martin-DET,2026,tay-martin,Tay Martin,WR,DET,
cade-mays-DET,2026,cade-mays,Cade Mays,C,DET,
roger-mccreary-DET,2026,roger-mccreary,Roger McCreary,CB,DET,
seth-mclaughlin-DET,2026,seth-mclaughlin,Seth McLaughlin,C,DET,
alim-mcneill-DET,2026,alim-mcneill,Alim McNeill,DT,DET,
jackson-meeks-DET,2026,jackson-meeks,Jackson Meeks,WR,DET,
blake-miller-3-DET,2026,blake-miller-3,Blake Miller,OT,DET,
mason-miller-DET,2026,mason-miller,Mason Miller,OT,DET,
derrick-moore-2-DET,2026,derrick-moore-2,Derrick Moore,DE,DET,
trevor-nowaske-DET,2026,trevor-nowaske,Trevor Nowaske,LB,DET,
amen-ogbongbemiga-DET,2026,amen-ogbongbemiga,Amen Ogbongbemiga,LB,DET,
eric-o-neill-DET,2026,eric-o-neill,Eric O'Neill,DE,DET,
isiah-pacheco-DET,2026,isiah-pacheco,Isiah Pacheco,RB,DET,
ennis-rakestraw-jr-DET,2026,ennis-rakestraw-jr,Ennis Rakestraw Jr.,CB,DET,
tate-ratledge-DET,2026,tate-ratledge,Tate Ratledge,G,DET,
d-j-reed-DET,2026,d-j-reed,D.J. Reed,CB,DET,
malcolm-rodriguez-DET,2026,malcolm-rodriguez,Malcolm Rodriguez,LB,DET,
jimmy-rolder-DET,2026,jimmy-rolder,Jimmy Rolder,LB,DET,
jacob-saylors-DET,2026,jacob-saylors,Jacob Saylors,RB,DET,
juice-scruggs-DET,2026,juice-scruggs,Juice Scruggs,C,DET,
penei-sewell-DET,2026,penei-sewell,Penei Sewell,OT,DET,
jabari-small-DET,2026,jabari-small,Jabari Small,RB,DET,
chris-smith-9-DET,2026,chris-smith-9,Chris Smith,DT,DET,
amon-ra-st-brown-DET,2026,amon-ra-st-brown,Amon-Ra St. Brown,WR,DET,
ben-stille-DET,2026,ben-stille,Ben Stille,DE,DET,
isaac-teslaa-DET,2026,isaac-teslaa,Isaac TeSlaa,WR,DET,
payton-turner-DET,2026,payton-turner,Payton Turner,DE,DET,
sione-vaki-DET,2026,sione-vaki,Sione Vaki,RB,DET,
devin-white-DET,2026,devin-white,Devin White,LB,DET,
nick-whiteside-DET,2026,nick-whiteside,Nick Whiteside,DB,DET,
jameson-williams-DET,2026,jameson-williams,Jameson Williams,WR,DET,
tyleik-williams-DET,2026,tyleik-williams,Tyleik Williams,DT,DET,
mekhi-wingo-DET,2026,mekhi-wingo,Mekhi Wingo,DT,DET,
d-j-wonnum-DET,2026,d-j-wonnum,D.J. Wonnum,LB,DET,
brock-wright-DET,2026,brock-wright,Brock Wright,TE,DET,
rock-ya-sin-DET,2026,rock-ya-sin,Rock Ya-Sin,CB,DET,
johnathan-baldwin-GB,2026,johnathan-baldwin,Johnathan Baldwin,SAF,GB,
aaron-banks-GB,2026,aaron-banks,Aaron Banks,G,GB,
damon-bankston-GB,2026,damon-bankston,Damon Bankston,RB,GB,
anthony-belton-GB,2026,anthony-belton,Anthony Belton,OT,GB,
warren-brinson-GB,2026,warren-brinson,Warren Brinson,DT,GB,
christopher-brooks-GB,2026,christopher-brooks,Chris Brooks,RB,GB,
karl-brooks-GB,2026,karl-brooks,Karl Brooks,DT,GB,
javon-bullard-GB,2026,javon-bullard,Javon Bullard,SAF,GB,
jager-burton-GB,2026,jager-burton,Jager Burton,C,GB,
anthony-campbell-GB,2026,anthony-campbell,Anthony Campbell,DT,GB,
mccallan-castles-GB,2026,mccallan-castles,McCallan Castles,TE,GB,
brandon-cisse-GB,2026,brandon-cisse,Brandon Cisse,CB,GB,
dalton-cooper-GB,2026,dalton-cooper,Dalton Cooper,OT,GB,
edgerrin-cooper-GB,2026,edgerrin-cooper,Edgerrin Cooper,LB,GB,
brenton-cox-GB,2026,brenton-cox,Brenton Cox Jr.,DE,GB,
drake-dabney-GB,2026,drake-dabney,Drake Dabney,TE,GB,
scott-daly-GB,2026,scott-daly,Scott Daly,LS,GB,
trey-dean-iii-GB,2026,trey-dean-iii,Trey Dean III,SAF,GB,
dani-dennis-sutton-GB,2026,dani-dennis-sutton,Dani Dennis-Sutton,LB,GB,
jonathan-ford-GB,2026,jonathan-ford,Jonathan Ford,DT,GB,
zaire-franklin-GB,2026,zaire-franklin,Zaire Franklin,OLB,GB,
josh-gesky-GB,2026,josh-gesky,Josh Gesky,OT,GB,
travis-glover-GB,2026,travis-glover,Travis Glover,OT,GB,
matthew-golden-GB,2026,matthew-golden,Matthew Golden,WR,GB,
kamal-hadden-GB,2026,kamal-hadden,Kamal Hadden,CB,GB,
kahlef-hailassie-GB,2026,kahlef-hailassie,Kahlef Hailassie,DB,GB,
javon-hargrave-GB,2026,javon-hargrave,Javon Hargrave,NT,GB,
chris-hilton-jr-GB,2026,chris-hilton-jr,Chris Hilton Jr.,WR,GB,
ty-ron-hopper-GB,2026,ty-ron-hopper,Ty'Ron Hopper,LB,GB,
domani-jackson-GB,2026,domani-jackson,Domani Jackson,CB,GB,
josh-jacobs-x3315-GB,2026,josh-jacobs-x3315,Josh Jacobs,RB,GB,
donovan-jennings-GB,2026,donovan-jennings,Donovan Jennings,OT,GB,
kaleb-johnson-2-GB,2026,kaleb-johnson-2,Kaleb Johnson,RB,GB,
marlon-jones-2-GB,2026,marlon-jones-2,Marlon Jones,DB,GB,
nyjalik-kelly-GB,2026,nyjalik-kelly,Nyjalik Kelly,DE,GB,
tucker-kraft-GB,2026,tucker-kraft,Tucker Kraft,TE,GB,
lenny-krieg-GB,2026,lenny-krieg,Lenny Krieg,K,GB,
marshawn-lloyd-GB,2026,marshawn-lloyd,MarShawn Lloyd,RB,GB,
jordan-love-GB,2026,jordan-love,Jordan Love,QB,GB,
chris-mcclellan-GB,2026,chris-mcclellan,Chris McClellan,DT,GB,
isaiah-mcduffie-GB,2026,isaiah-mcduffie,Isaiah McDuffie,LB,GB,
xavier-mckinney-GB,2026,xavier-mckinney,Xavier McKinney,SAF,GB,
jacob-monk-GB,2026,jacob-monk,Jacob Monk,C,GB,
skyy-moore-GB,2026,skyy-moore,Skyy Moore,WR,GB,
jordan-morgan-2-GB,2026,jordan-morgan-2,Jordan Morgan,OT,GB,
arron-mosby-GB,2026,arron-mosby,Arron Mosby,DE,GB,
luke-musgrave-GB,2026,luke-musgrave,Luke Musgrave,TE,GB,
isaiah-neyor-GB,2026,isaiah-neyor,Isaiah Neyor,WR,GB,
nick-niemann-GB,2026,nick-niemann,Nick Niemann,LB,GB,
keisean-nixon-GB,2026,keisean-nixon,Keisean Nixon,DB,GB,
kitan-oladapo-GB,2026,kitan-oladapo,Kitan Oladapo,SAF,GB,
collin-oliver-GB,2026,collin-oliver,Collin Oliver,LB,GB,
matthew-orzech-GB,2026,matthew-orzech,Matthew Orzech,LS,GB,
micah-parsons-GB,2026,micah-parsons,Micah Parsons,LB,GB,
mark-redman-GB,2026,mark-redman,Mark Redman,TE,GB,
jayden-reed-GB,2026,jayden-reed,Jayden Reed,WR,GB,
sean-rhyan-GB,2026,sean-rhyan,Sean Rhyan,OT,GB,
jordon-riley-GB,2026,jordon-riley,Jordon Riley,DT,GB,
kedon-slovis-GB,2026,kedon-slovis,Kedon Slovis,QB,GB,
trey-smack-GB,2026,trey-smack,Trey Smack,K,GB,
jonnu-smith-GB,2026,jonnu-smith,Jonnu Smith,TE,GB,
barryn-sorrell-GB,2026,barryn-sorrell,Barryn Sorrell,DE,GB,
benjamin-st-juste-GB,2026,benjamin-st-juste,Benjamin St-Juste,CB,GB,
pierre-strong-GB,2026,pierre-strong,Pierre Strong,RB,GB,
j-michael-sturdivant-GB,2026,j-michael-sturdivant,J. Michael Sturdivant,WR,GB,
tyrod-taylor-GB,2026,tyrod-taylor,Tyrod Taylor,QB,GB,
zach-tom-GB,2026,zach-tom,Zach Bako-Bewele,G,GB,
carrington-valentine-GB,2026,carrington-valentine,Carrington Valentine,DB,GB,
lukas-van-ness-GB,2026,lukas-van-ness,Lukas Van Ness,LB,GB,
dillon-wade-GB,2026,dillon-wade,Dillon Wade,G,GB,
christian-watson-GB,2026,christian-watson,Christian Watson,WR,GB,
kristian-welch-GB,2026,kristian-welch,Kristian Welch,LB,GB,
daniel-whelan-GB,2026,daniel-whelan,Daniel Whelan,P,GB,
josh-whyle-GB,2026,josh-whyle,Josh Whyle,TE,GB,
evan-williams-GB,2026,evan-williams,Evan Williams,SAF,GB,
john-williams-5-GB,2026,john-williams-5,John Williams,G,GB,
savion-williams-GB,2026,savion-williams,Savion Williams,WR,GB,
devonte-wyatt-GB,2026,devonte-wyatt,Devonte Wyatt,DT,GB,
thomas-yassmin-GB,2026,thomas-yassmin,Thomas Yassmin,TE,GB,
jamal-adams-MIN,2026,jamal-adams,Jamal Adams,LB,MIN,
jordan-addison-MIN,2026,jordan-addison,Jordan Addison,WR,MIN,
da-veawn-armstead-MIN,2026,da-veawn-armstead,Da'Veawn Armstead,CB,MIN,
caleb-banks-MIN,2026,caleb-banks,Caleb Banks,DT,MIN,
gavin-bartholomew-MIN,2026,gavin-bartholomew,Gavin Bartholomew,TE,MIN,
tyler-batty-MIN,2026,tyler-batty,Tyler Batty,LB,MIN,
dillon-bell-MIN,2026,dillon-bell,Dillon Bell,WR,MIN,
blake-brandel-MIN,2026,blake-brandel,Blake Brandel,C,MIN,
max-bredeson-MIN,2026,max-bredeson,Max Bredeson,RB,MIN,
michael-briscoe-MIN,2026,michael-briscoe,Michael Briscoe,WR,MIN,
max-brosmer-MIN,2026,max-brosmer,Max Brosmer,QB,MIN,
henry-byrd-MIN,2026,henry-byrd,Henry Byrd,G,MIN,
blake-cashman-MIN,2026,blake-cashman,Blake Cashman,LB,MIN,
chaz-chambliss-MIN,2026,chaz-chambliss,Chaz Chambliss,LB,MIN,
tyreek-chappell-MIN,2026,tyreek-chappell,Tyreek Chappell,CB,MIN,
demond-claiborne-MIN,2026,demond-claiborne,Demond Claiborne,RB,MIN,
deejay-dallas-MIN,2026,deejay-dallas,DeeJay Dallas,RB,MIN,
christian-darrisaw-MIN,2026,christian-darrisaw,Christian Darrisaw,OT,MIN,
charles-demmings-MIN,2026,charles-demmings,Charles Demmings,CB,MIN,
andrew-depaola-MIN,2026,andrew-depaola,Andrew DePaola,LS,MIN,
tai-felton-MIN,2026,tai-felton,Tai Felton,WR,MIN,
will-fries-MIN,2026,will-fries,Will Fries,G,MIN,
jake-golday-MIN,2026,jake-golday,Jake Golday,LB,MIN,
cam-grandy-2-MIN,2026,cam-grandy-2,Cam Grandy,TE,MIN,
t-j-hockenson-MIN,2026,t-j-hockenson,T.J. Hockenson,TE,MIN,
joe-huber-MIN,2026,joe-huber,Joe Huber,G,MIN,
tyrion-ingram-dawkins-MIN,2026,tyrion-ingram-dawkins,Tyrion Ingram-Dawkins,DT,MIN,
donovan-jackson-MIN,2026,donovan-jackson,Donovan Jackson,G,MIN,
theo-jackson-MIN,2026,theo-jackson,Theo Jackson,DB,MIN,
justin-jefferson-MIN,2026,justin-jefferson,Justin Jefferson,WR,MIN,
jauan-jennings-MIN,2026,jauan-jennings,Jauan Jennings,WR,MIN,
aaron-jones-MIN,2026,aaron-jones,Aaron Jones,RB,MIN,
jeshaun-jones-MIN,2026,jeshaun-jones,Jeshaun Jones,WR,MIN,
naquan-jones-MIN,2026,naquan-jones,Naquan Jones,DT,MIN,
michael-jurgens-MIN,2026,michael-jurgens,Michael Jurgens,G,MIN,
bangally-kamara-MIN,2026,bangally-kamara,Bangally Kamara,LB,MIN,
trevor-keegan-MIN,2026,trevor-keegan,Trevor Keegan,G,MIN,
jordan-mason-MIN,2026,jordan-mason,Jordan Mason,RB,MIN,
j-j-mccarthy-MIN,2026,j-j-mccarthy,J.J. McCarthy,QB,MIN,
josh-metellus-MIN,2026,josh-metellus,Josh Metellus,SAF,MIN,
byron-murphy-MIN,2026,byron-murphy,Byron Murphy,CB,MIN,
kyler-murray-MIN,2026,kyler-murray,Kyler Murray,QB,MIN,
jack-nelson-MIN,2026,jack-nelson,Jack Nelson,OT,MIN,
bryson-nesbit-MIN,2026,bryson-nesbit,Bryson Nesbit,TE,MIN,
josh-oliver-MIN,2026,josh-oliver,Josh Oliver,TE,MIN,
brian-o-neill-MIN,2026,brian-o-neill,Brian O'Neill,OT,MIN,
domonique-orange-MIN,2026,domonique-orange,Domonique Orange,DT,MIN,
ivan-pace-jr-MIN,2026,ivan-pace-jr,Ivan Pace Jr.,LB,MIN,
bryce-phillips-MIN,2026,bryce-phillips,Bryce Phillips,CB,MIN,
james-pierre-MIN,2026,james-pierre,James Pierre,CB,MIN,
myles-price-MIN,2026,myles-price,Myles Price,WR,MIN,
jalen-redmond-MIN,2026,jalen-redmond,Jalen Redmond,DL,MIN,
will-reichard-MIN,2026,will-reichard,Will Reichard,K,MIN,
bo-richter-MIN,2026,bo-richter,Bo Richter,LB,MIN,
jahvaree-ritzie-MIN,2026,jahvaree-ritzie,Jahvaree Ritzie,DT,MIN,
isaiah-rodgers-MIN,2026,isaiah-rodgers,Isaiah Rodgers,CB,MIN,
levi-drake-rodriguez-MIN,2026,levi-drake-rodriguez,Levi Drake Rodriguez,DL,MIN,
trayvon-rudolph-MIN,2026,trayvon-rudolph,Trayvon Rudolph,WR,MIN,
nick-samac-MIN,2026,nick-samac,Nick Samac,C,MIN,
harrison-smith-MIN,2026,harrison-smith,Harrison Smith,FS,MIN,
taki-taimani-MIN,2026,taki-taimani,Taki Taimani,DL,MIN,
jacob-thomas-MIN,2026,jacob-thomas,Jacob Thomas,SAF,MIN,
jakobe-thomas-MIN,2026,jakobe-thomas,Jakobe Thomas,SAF,MIN,
tavierre-thomas-MIN,2026,tavierre-thomas,Tavierre Thomas,SAF,MIN,
brett-thorson-MIN,2026,brett-thorson,Brett Thorson,P,MIN,
caleb-tiernan-MIN,2026,caleb-tiernan,Caleb Tiernan,OT,MIN,
dallas-turner-MIN,2026,dallas-turner,Dallas Turner,LB,MIN,
ryan-van-demark-MIN,2026,ryan-van-demark,Ryan Van Demark,OT,MIN,
andrew-van-ginkel-MIN,2026,andrew-van-ginkel,Andrew Van Ginkel,OLB,MIN,
kyle-van-noy-MIN,2026,kyle-van-noy,Kyle Van Noy,MLB,MIN,
zemaiah-vaughn-MIN,2026,zemaiah-vaughn,Zemaiah Vaughn,CB,MIN,
jay-ward-MIN,2026,jay-ward,Jay Ward,SAF,MIN,
jihad-ward-MIN,2026,jihad-ward,Jihad Ward,LB,MIN,
carson-wentz-MIN,2026,carson-wentz,Carson Wentz,QB,MIN,
elijah-williams-2-MIN,2026,elijah-williams-2,Elijah Williams,DE,MIN,
eric-wilson-MIN,2026,eric-wilson,Eric Wilson,LB,MIN,
ben-yurosek-MIN,2026,ben-yurosek,Ben Yurosek,TE,MIN,
yasir-abdullah-ATL,2026,yasir-abdullah,Yasir Abdullah,LB,ATL,
vinny-anthony-ii-ATL,2026,vinny-anthony-ii,Vinny Anthony II,WR,ATL,
jake-bailey-ATL,2026,jake-bailey,Jake Bailey,P,ATL,
jessie-bates-ATL,2026,jessie-bates,Jessie Bates,FS,ATL,
matthew-bergeron-ATL,2026,matthew-bergeron,Matthew Bergeron,OL,ATL,
jd-bertrand-ATL,2026,jd-bertrand,JD Bertrand,LB,ATL,
chris-blair-ATL,2026,chris-blair,Chris Blair,WR,ATL,
billy-bowman-jr-ATL,2026,billy-bowman-jr,Billy Bowman Jr.,CB,ATL,
zachariah-branch-ATL,2026,zachariah-branch,Zachariah Branch,WR,ATL,
james-brockermeyer-ATL,2026,james-brockermeyer,James Brockermeyer,C,ATL,
sydney-brown-ATL,2026,sydney-brown,Sydney Brown,SAF,ATL,
beaux-collins-ATL,2026,beaux-collins,Beaux Collins,WR,ATL,
kendal-daniels-ATL,2026,kendal-daniels,Kendal Daniels,LB,ATL,
divine-deablo-ATL,2026,divine-deablo,Divine Deablo,LB,ATL,
malcolm-dewalt-iv-ATL,2026,malcolm-dewalt-iv,Malcolm DeWalt IV,CB,ATL,
kam-dewberry-ATL,2026,kam-dewberry,Kam Dewberry,G,ATL,
gervon-dexter-ATL,2026,gervon-dexter,Gervon Dexter Sr.,DT,ATL,
brandon-dorlus-ATL,2026,brandon-dorlus,Brandon Dorlus,DE,ATL,
jahan-dotson-ATL,2026,jahan-dotson,Jahan Dotson,WR,ATL,
dylan-drummond-ATL,2026,dylan-drummond,Dylan Drummond,WR,ATL,
samson-ebukam-ATL,2026,samson-ebukam,Samson Ebukam,DE,ATL,
nick-folk-ATL,2026,nick-folk,Nick Folk,K,ATL,
mike-ford-ATL,2026,mike-ford,Mike Ford,DB,ATL,
tyler-goodson-ATL,2026,tyler-goodson,Tyler Goodson,RB,ATL,
da-shawn-hand-ATL,2026,da-shawn-hand,Da'Shawn Hand,DE,ATL,
christian-harris-ATL,2026,christian-harris,Christian Harris,LB,ATL,
zach-harrison-ATL,2026,zach-harrison,Zach Harrison,DE,ATL,
demarcco-hellams-ATL,2026,demarcco-hellams,DeMarcco Hellams,SAF,ATL,
c-j-henderson-ATL,2026,c-j-henderson,C.J. Henderson,CB,ATL,
kyle-hinton-ATL,2026,kyle-hinton,Kyle Hinton,G,ATL,
darnay-holmes-ATL,2026,darnay-holmes,Darnay Holmes,CB,ATL,
austin-hooper-ATL,2026,austin-hooper,Austin Hooper,TE,ATL,
mike-hughes-ATL,2026,mike-hughes,Mike Hughes,CB,ATL,
jared-ivey-ATL,2026,jared-ivey,Jared Ivey,LB,ATL,
michael-jerrell-ATL,2026,michael-jerrell,Michael Jerrell,OT,ATL,
cash-jones-ATL,2026,cash-jones,Cash Jones,RB,ATL,
corey-levin-ATL,2026,corey-levin,Corey Levin,G,ATL,
chris-lindstrom-ATL,2026,chris-lindstrom,Chris Lindstrom,G,ATL,
drake-london-ATL,2026,drake-london,Drake London,WR,ATL,
lacale-london-ATL,2026,lacale-london,LaCale London,DE,ATL,
riley-mahlman-ATL,2026,riley-mahlman,Riley Mahlman,OT,ATL,
deangelo-malone-ATL,2026,deangelo-malone,DeAngelo Malone,LB,ATL,
jake-matthews-ATL,2026,jake-matthews,Jake Matthews,OT,ATL,
liam-mccullough-ATL,2026,liam-mccullough,Liam McCullough,LS,ATL,
nick-muse-ATL,2026,nick-muse,Nick Muse,TE,ATL,
ryan-neuzil-ATL,2026,ryan-neuzil,Ryan Neuzil,G,ATL,
storm-norton-ATL,2026,storm-norton,Storm Norton,OT,ATL,
ethan-onianwa-ATL,2026,ethan-onianwa,Ethan Onianwa,OT,ATL,
james-pearce-jr-ATL,2026,james-pearce-jr,James Pearce Jr.,DE,ATL,
michael-penix-jr-ATL,2026,michael-penix-jr,Michael Penix Jr.,QB,ATL,
harold-perkins-jr-ATL,2026,harold-perkins-jr,Harold Perkins Jr.,LB,ATL,
zacch-pickens-ATL,2026,zacch-pickens,Zacch Pickens,DT,ATL,
kyle-pitts-ATL,2026,kyle-pitts,Kyle Pitts,TE,ATL,
bijan-robinson-ATL,2026,bijan-robinson,Bijan Robinson,RB,ATL,
jammie-robinson-ATL,2026,jammie-robinson,Jammie Robinson,SAF,ATL,
brian-robinson-ATL,2026,brian-robinson,Brian Robinson,RB,ATL,
cooper-rush-ATL,2026,cooper-rush,Cooper Rush,QB,ATL,
trey-sermon-ATL,2026,trey-sermon,Trey Sermon,RB,ATL,
maason-smith-ATL,2026,maason-smith,Maason Smith,DT,ATL,
za-darius-smith-ATL,2026,za-darius-smith,Za'Darius Smith,DE,ATL,
jack-strand-ATL,2026,jack-strand,Jack Strand,QB,ATL,
tua-tagovailoa-ATL,2026,tua-tagovailoa,Tua Tagovailoa,QB,ATL,
jawaan-taylor-ATL,2026,jawaan-taylor,Jawaan Taylor,OT,ATL,
a-j-terrell-ATL,2026,a-j-terrell,A.J. Terrell,CB,ATL,
avieon-terrell-ATL,2026,avieon-terrell,Avieon Terrell,CB,ATL,
cameron-thomas-ATL,2026,cameron-thomas,Cameron Thomas,DE,ATL,
anterio-thompson-ATL,2026,anterio-thompson,Anterio Thompson,DT,ATL,
josh-thompson-3-ATL,2026,josh-thompson-3,Josh Thompson,G,ATL,
bralen-trice-ATL,2026,bralen-trice,Bralen Trice,LB,ATL,
jack-velling-ATL,2026,jack-velling,Jack Velling,TE,ATL,
jalon-walker-ATL,2026,jalon-walker,Jalon Walker,LB,ATL,
xavier-watts-ATL,2026,xavier-watts,Xavier Watts,SAF,ATL,
antwane-wells-jr-ATL,2026,antwane-wells-jr,Antwane Wells Jr.,WR,ATL,
cameron-williams-ATL,2026,cameron-williams,Cameron Williams,OT,ATL,
charlie-woerner-ATL,2026,charlie-woerner,Charlie Woerner,TE,ATL,
josh-woods-ATL,2026,josh-woods,Josh Woods,LB,ATL,
olamide-zaccheaus-x1231-ATL,2026,olamide-zaccheaus-x1231,Olamide Zaccheaus,WR,ATL,
chris-brazzell-ii-CAR,2026,chris-brazzell-ii,Chris Brazzell II,WR,CAR,
jonathon-brooks-CAR,2026,jonathon-brooks,Jonathon Brooks,RB,CAR,
derrick-brown-CAR,2026,derrick-brown,Derrick Brown,DT,CAR,
bobby-brown-iii-CAR,2026,bobby-brown-iii,Bobby Brown III,DT,CAR,
corey-bullock-CAR,2026,corey-bullock,Corey Bullock,OT,CAR,
claudin-cherelus-CAR,2026,claudin-cherelus,Claudin Cherelus,LB,CAR,
zion-childress-CAR,2026,zion-childress,Zion Childress,DB,CAR,
brady-christensen-CAR,2026,brady-christensen,Brady Christensen,OT,CAR,
jalen-coker-CAR,2026,jalen-coker,Jalen Coker,WR,CAR,
jake-curhan-CAR,2026,jake-curhan,Jake Curhan,OT,CAR,
a-j-dillon-CAR,2026,a-j-dillon,AJ Dillon,RB,CAR,
tyrel-dodson-CAR,2026,tyrel-dodson,Tyrel Dodson,LB,CAR,
terah-edwards-CAR,2026,terah-edwards,TeRah Edwards,DT,CAR,
ikem-ekwonu-CAR,2026,ikem-ekwonu,Ikem Ekwonu,OT,CAR,
trevor-etienne-CAR,2026,trevor-etienne,Trevor Etienne,RB,CAR,
akayleb-evans-CAR,2026,akayleb-evans,Akayleb Evans,CB,CAR,
mitchell-evans-CAR,2026,mitchell-evans,Mitchell Evans,TE,CAR,
ryan-fitzgerald-CAR,2026,ryan-fitzgerald,Ryan Fitzgerald,K,CAR,
stone-forsythe-CAR,2026,stone-forsythe,Stone Forsythe,OT,CAR,
luke-fortner-CAR,2026,luke-fortner,Luke Fortner,C,CAR,
feleipe-franks-CAR,2026,feleipe-franks,Feleipe Franks,TE,CAR,
monroe-freeling-CAR,2026,monroe-freeling,Monroe Freeling,OT,CAR,
trevis-gipson-CAR,2026,trevis-gipson,Trevis Gipson,LB,CAR,
anthony-goodlow-CAR,2026,anthony-goodlow,Anthony Goodlow,DE,CAR,
aaron-hall-CAR,2026,aaron-hall,Aaron Hall,DT,CAR,
sam-hecht-CAR,2026,sam-hecht,Sam Hecht,C,CAR,
jaycee-horn-CAR,2026,jaycee-horn,Jaycee Horn,CB,CAR,
jimmy-horn-jr-CAR,2026,jimmy-horn-jr,Jimmy Horn Jr.,WR,CAR,
chuba-hubbard-CAR,2026,chuba-hubbard,Chuba Hubbard,RB,CAR,
robert-hunt-2-CAR,2026,robert-hunt-2,Robert Hunt,G,CAR,
lee-hunter-CAR,2026,lee-hunter,Lee Hunter,DT,CAR,
thomas-incoom-CAR,2026,thomas-incoom,Thomas Incoom,LB,CAR,
mike-jackson-CAR,2026,mike-jackson,Mike Jackson,CB,CAR,
cam-jackson-CAR,2026,cam-jackson,Cam Jackson,DT,CAR,
j-j-jansen-CAR,2026,j-j-jansen,J.J. Jansen,LS,CAR,
patrick-jones-ii-CAR,2026,patrick-jones-ii,Patrick Jones II,LB,CAR,
haynes-king-CAR,2026,haynes-king,Haynes King,QB,CAR,
jackson-kuwatch-CAR,2026,jackson-kuwatch,Jackson Kuwatch,LB,CAR,
will-lee-iii-CAR,2026,will-lee-iii,Will Lee III,CB,CAR,
xavier-legette-CAR,2026,xavier-legette,Xavier Legette,WR,CAR,
damien-lewis-CAR,2026,damien-lewis,Damien Lewis,G,CAR,
devin-lloyd-CAR,2026,devin-lloyd,Devin Lloyd,LB,CAR,
ahmani-marshall-CAR,2026,ahmani-marshall,Ahmani Marshall,RB,CAR,
sam-martin-CAR,2026,sam-martin,Sam Martin,P,CAR,
bam-martin-scott-CAR,2026,bam-martin-scott,Bam Martin-Scott,LB,CAR,
tetairoa-mcmillan-CAR,2026,tetairoa-mcmillan,Tetairoa McMillan,WR,CAR,
john-metchie-CAR,2026,john-metchie,John Metchie III,WR,CAR,
trevon-moehrig-CAR,2026,trevon-moehrig,Tre'von Moehrig,SAF,CAR,
jeremiah-moon-CAR,2026,jeremiah-moon,Jeremiah Moon,LB,CAR,
david-moore-CAR,2026,david-moore,David Moore,WR,CAR,
taylor-moton-CAR,2026,taylor-moton,Taylor Moton,OT,CAR,
mapalo-mwansa-CAR,2026,mapalo-mwansa,Mapalo Mwansa,LB,CAR,
bobby-okereke-CAR,2026,bobby-okereke,Bobby Okereke,ILB,CAR,
parker-petersen-CAR,2026,parker-petersen,Parker Petersen,DT,CAR,
jaelan-phillips-CAR,2026,jaelan-phillips,Jaelan Phillips,LB,CAR,
kenny-pickett-CAR,2026,kenny-pickett,Kenny Pickett,QB,CAR,
lathan-ransom-CAR,2026,lathan-ransom,Lathan Ransom,SAF,CAR,
ja-seem-reed-CAR,2026,ja-seem-reed,Ja'Seem Reed,WR,CAR,
albert-reese-2-CAR,2026,albert-reese-2,Albert Reese,OT,CAR,
ja-tavion-sanders-CAR,2026,ja-tavion-sanders,Ja'Tavion Sanders,TE,CAR,
nick-scott-CAR,2026,nick-scott,Nick Scott,SAF,CAR,
nic-scourton-CAR,2026,nic-scourton,Nic Scourton,LB,CAR,
isaiah-simmons-CAR,2026,isaiah-simmons,Isaiah Simmons,SAF,CAR,
torricelli-simpkins-iii-CAR,2026,torricelli-simpkins-iii,Torricelli Simpkins III,G,CAR,
devonta-smith-2-CAR,2026,devonta-smith-2,Devonta Smith,CB,CAR,
chau-smith-wade-CAR,2026,chau-smith-wade,Chau Smith-Wade,CB,CAR,
corey-thornton-CAR,2026,corey-thornton,Corey Thornton,CB,CAR,
brycen-tremayne-CAR,2026,brycen-tremayne,Brycen Tremayne,WR,CAR,
tommy-tremble-CAR,2026,tommy-tremble,Tommy Tremble,TE,CAR,
anthony-tyus-iii-CAR,2026,anthony-tyus-iii,Anthony Tyus III,RB,CAR,
princely-umanmielen-CAR,2026,princely-umanmielen,Princely Umanmielen,LB,CAR,
rasheed-walker-CAR,2026,rasheed-walker,Rasheed Walker,OT,CAR,
darren-waller-CAR,2026,darren-waller,Darren Waller,TE,CAR,
casey-washington-CAR,2026,casey-washington,Casey Washington,WR,CAR,
tershawn-wharton-CAR,2026,tershawn-wharton,Tershawn Wharton,DE,CAR,
zakee-wheatley-CAR,2026,zakee-wheatley,Zakee Wheatley,SAF,CAR,
bryce-young-CAR,2026,bryce-young,Bryce Young,QB,CAR,
chandler-zavala-CAR,2026,chandler-zavala,Chandler Zavala,G,CAR,
kevin-austin-jr-NO,2026,kevin-austin-jr,Kevin Austin Jr.,WR,NO,
kelvin-banks-jr-NO,2026,kelvin-banks-jr,Kelvin Banks Jr.,OT,NO,
julian-blackmon-NO,2026,julian-blackmon,Julian Blackmon,SAF,NO,
khristian-boyd-NO,2026,khristian-boyd,Khristian Boyd,DT,NO,
bryan-bresee-NO,2026,bryan-bresee,Bryan Bresee,DT,NO,
barion-brown-NO,2026,barion-brown,Barion Brown,WR,NO,
vernon-broughton-NO,2026,vernon-broughton,Vernon Broughton,DT,NO,
daniel-carlson-NO,2026,daniel-carlson,Daniel Carlson,K,NO,
ty-chandler-NO,2026,ty-chandler,Ty Chandler,RB,NO,
jalen-moreno-cropper-NO,2026,jalen-moreno-cropper,Jalen Moreno-Cropper,WR,NO,
oscar-delp-NO,2026,oscar-delp,Oscar Delp,TE,NO,
fadil-diggs-NO,2026,fadil-diggs,Fadil Diggs,DE,NO,
cj-donaldson-NO,2026,cj-donaldson,CJ Donaldson,RB,NO,
david-edwards-x1290-NO,2026,david-edwards-x1290,David Edwards,G,NO,
kaden-elliss-NO,2026,kaden-elliss,Kaden Elliss,LB,NO,
martin-emerson-NO,2026,martin-emerson,Martin Emerson,CB,NO,
audric-estime-NO,2026,audric-estime,Audric Estimé,RB,NO,
travis-etienne-NO,2026,travis-etienne,Travis Etienne,RB,NO,
noah-fant-x4946-NO,2026,noah-fant-x4946,Noah Fant,TE,NO,
jaylan-ford-NO,2026,jaylan-ford,Jaylan Ford,LB,NO,
taliese-fuaga-NO,2026,taliese-fuaga,Taliese Fuaga,OT,NO,
davon-godchaux-NO,2026,davon-godchaux,Davon Godchaux,DT,NO,
carl-granderson-NO,2026,carl-granderson,Carl Granderson,DE,NO,
tj-hall-NO,2026,tj-hall,TJ Hall,DB,NO,
alan-herron-NO,2026,alan-herron,Alan Herron,OT,NO,
jordan-howden-NO,2026,jordan-howden,Jordan Howden,SAF,NO,
anfernee-jennings-NO,2026,anfernee-jennings,Anfernee Jennings,LB,NO,
juwan-johnson-NO,2026,juwan-johnson,Juwan Johnson,TE,NO,
cameron-jordan-NO,2026,cameron-jordan,Cameron Jordan,LB,NO,
alvin-kamara-NO,2026,alvin-kamara,Alvin Kamara,RB,NO,
easton-kilty-NO,2026,easton-kilty,Easton Kilty,OT,NO,
bryce-lance-NO,2026,bryce-lance,Bryce Lance,WR,NO,
david-long-2-NO,2026,david-long-2,David Long,DB,NO,
moliki-matavao-NO,2026,moliki-matavao,Moliki Matavao,TE,NO,
erik-mccoy-NO,2026,erik-mccoy,Erik McCoy,C,NO,
kool-aid-mckinstry-NO,2026,kool-aid-mckinstry,Kool-Aid McKinstry,CB,NO,
christen-miller-NO,2026,christen-miller,Christen Miller,DT,NO,
kendre-miller-NO,2026,kendre-miller,Kendre Miller,RB,NO,
mason-murphy-NO,2026,mason-murphy,Mason Murphy,OT,NO,
chris-olave-NO,2026,chris-olave,Chris Olave,WR,NO,
trey-palmer-NO,2026,trey-palmer,Trey Palmer,WR,NO,
jayden-price-NO,2026,jayden-price,Jayden Price,CB,NO,
dillon-radunz-NO,2026,dillon-radunz,Dillon Radunz,OT,NO,
spencer-rattler-NO,2026,spencer-rattler,Spencer Rattler,QB,NO,
brock-rechsteiner-NO,2026,brock-rechsteiner,Brock Rechsteiner,WR,NO,
justin-reid-NO,2026,justin-reid,Justin Reid,S,NO,
michael-reid-x5801-NO,2026,michael-reid-x5801,Michael Reid,SAF,NO,
asim-richards-NO,2026,asim-richards,Asim Richards,OT,NO,
decamerion-richardson-NO,2026,decamerion-richardson,Decamerion Richardson,CB,NO,
john-ridgeway-NO,2026,john-ridgeway,John Ridgeway,DT,NO,
quincy-riley-NO,2026,quincy-riley,Quincy Riley,CB,NO,
cesar-ruiz-NO,2026,cesar-ruiz,Cesar Ruiz,C,NO,
chris-rumph-ii-NO,2026,chris-rumph-ii,Chris Rumph II,LB,NO,
nick-saldiveri-NO,2026,nick-saldiveri,Nick Saldiveri,G,NO,
jonas-sanker-NO,2026,jonas-sanker,Jonas Sanker,SAF,NO,
nathan-shepherd-NO,2026,nathan-shepherd,Nathan Shepherd,DE,NO,
william-sherman-NO,2026,william-sherman,Will Sherman,G,NO,
tyler-shough-NO,2026,tyler-shough,Tyler Shough,QB,NO,
jackson-sirmon-NO,2026,jackson-sirmon,Jackson Sirmon,LB,NO,
stone-smartt-NO,2026,stone-smartt,Stone Smartt,TE,NO,
charlie-smyth-NO,2026,charlie-smyth,Charlie Smyth,K,NO,
isaiah-stalbird-NO,2026,isaiah-stalbird,Isaiah Stalbird,LB,NO,
danny-stutsman-NO,2026,danny-stutsman,Danny Stutsman,LB,NO,
lorenzo-styles-jr-NO,2026,lorenzo-styles-jr,Lorenzo Styles Jr.,SAF,NO,
jay-viar-suggs-NO,2026,jay-viar-suggs,Jay'Viar Suggs,DT,NO,
cedric-tillman-2-NO,2026,cedric-tillman-2,Cedric Tillman,WR,NO,
mason-tipton-NO,2026,mason-tipton,Mason Tipton,WR,NO,
jordyn-tyson-NO,2026,jordyn-tyson,Jordyn Tyson,WR,NO,
devaughn-vele-NO,2026,devaughn-vele,Devaughn Vele,WR,NO,
treyton-welch-NO,2026,treyton-welch,Treyton Welch,TE,NO,
pete-werner-NO,2026,pete-werner,Pete Werner,LB,NO,
zamir-white-NO,2026,zamir-white,Zamir White,RB,NO,
tyree-wilson-NO,2026,tyree-wilson,Tyree Wilson,DE,NO,
zach-wilson-NO,2026,zach-wilson,Zach Wilson,QB,NO,
alex-wollschlaeger-NO,2026,alex-wollschlaeger,Alex Wollschlaeger,OT,NO,
zach-wood-NO,2026,zach-wood,Zach Wood,LS,NO,
colby-wooden-NO,2026,colby-wooden,Colby Wooden,DE,NO,
jeremiah-wright-NO,2026,jeremiah-wright,Jeremiah Wright,G,NO,
rejzohn-wright-NO,2026,rejzohn-wright,Rejzohn Wright,DB,NO,
ryan-wright-NO,2026,ryan-wright,Ryan Wright,P,NO,
chase-young-NO,2026,chase-young,Chase Young,DE,NO,
alex-anzalone-TB,2026,alex-anzalone,Alex Anzalone,MLB,TB,
rueben-bain-jr-TB,2026,rueben-bain-jr,Rueben Bain Jr.,LB,TB,
graham-barton-TB,2026,graham-barton,Graham Barton,C,TB,
ben-bredeson-TB,2026,ben-bredeson,Ben Bredeson,G,TB,
sean-murphy-bunting-TB,2026,sean-murphy-bunting,Sean Murphy-Bunting,CB,TB,
demonte-capehart-TB,2026,demonte-capehart,DeMonte Capehart,DT,TB,
benjamin-chukwuma-TB,2026,benjamin-chukwuma,Benjamin Chukwuma,OT,TB,
jalon-daniels-TB,2026,jalon-daniels,Jalon Daniels,QB,TB,
evan-deckers-TB,2026,evan-deckers,Evan Deckers,LS,TB,
sirvocea-dennis-TB,2026,sirvocea-dennis,SirVocea Dennis,LB,TB,
yaya-diaby-TB,2026,yaya-diaby,Yaya Diaby,LB,TB,
cj-dippre-TB,2026,cj-dippre,CJ Dippre,TE,TB,
riley-dixon-TB,2026,riley-dixon,Riley Dixon,P,TB,
payne-durham-TB,2026,payne-durham,Payne Durham,TE,TB,
emeka-egbuka-TB,2026,emeka-egbuka,Emeka Egbuka,WR,TB,
dan-feeney-TB,2026,dan-feeney,Dan Feeney,G,TB,
caden-fordham-TB,2026,caden-fordham,Caden Fordham,LB,TB,
kenneth-gainwell-TB,2026,kenneth-gainwell,Kenny Gainwell,RB,TB,
ayden-garnes-TB,2026,ayden-garnes,Ayden Garnes,CB,TB,
chris-godwin-TB,2026,chris-godwin,Chris Godwin Jr.,WR,TB,
luke-goedeke-TB,2026,luke-goedeke,Luke Goedeke,OT,TB,
garrett-greene-TB,2026,garrett-greene,Garrett Greene,WR,TB,
luke-haggard-TB,2026,luke-haggard,Luke Haggard,G,TB,
josh-hayes-TB,2026,josh-hayes,Josh Hayes,DB,TB,
yasir-holmes-TB,2026,yasir-holmes,Yasir Holmes,LB,TB,
ted-hurst-TB,2026,ted-hurst,Ted Hurst III,WR,TB,
bucky-irving-TB,2026,bucky-irving,Bucky Irving,RB,TB,
kameron-johnson-TB,2026,kameron-johnson,Kameron Johnson,WR,TB,
tez-johnson-TB,2026,tez-johnson,Tez Johnson,WR,TB,
jayson-jones-TB,2026,jayson-jones,Jayson Jones,DT,TB,
mohamed-kamara-TB,2026,mohamed-kamara,Mohamed Kamara,LB,TB,
calijah-kancey-TB,2026,calijah-kancey,Calijah Kancey,DT,TB,
ko-kieft-TB,2026,ko-kieft,Ko Kieft,TE,TB,
miles-killebrew-TB,2026,miles-killebrew,Miles Killebrew,SAF,TB,
kevin-knowles-TB,2026,kevin-knowles,Kevin Knowles,DB,TB,
henry-lutovsky-TB,2026,henry-lutovsky,Henry Lutovsky,G,TB,
cody-mauch-TB,2026,cody-mauch,Cody Mauch,G,TB,
baker-mayfield-TB,2026,baker-mayfield,Baker Mayfield,QB,TB,
zyon-mccollum-TB,2026,zyon-mccollum,Zyon McCollum,CB,TB,
deshawn-mcknight-TB,2026,deshawn-mcknight,Deshawn McKnight,DT,TB,
chase-mclaughlin-TB,2026,chase-mclaughlin,Chase McLaughlin,K,TB,
jalen-mcmillan-TB,2026,jalen-mcmillan,Jalen McMillan,WR,TB,
ifeatu-melifonwu-TB,2026,ifeatu-melifonwu,Ifeatu Melifonwu,SAF,TB,
benjamin-morrison-TB,2026,benjamin-morrison,Benjamin Morrison,CB,TB,
al-quadin-muhammad-TB,2026,al-quadin-muhammad,Al-Quadin Muhammad,LB,TB,
anthony-nelson-TB,2026,anthony-nelson,Anthony Nelson,LB,TB,
rakeem-nunez-roches-TB,2026,rakeem-nunez-roches,Rakeem Nunez-Roches,DT,TB,
cade-otton-TB,2026,cade-otton,Cade Otton,TE,TB,
jacob-parrish-TB,2026,jacob-parrish,Jacob Parrish,CB,TB,
dean-patterson-TB,2026,dean-patterson,Dean Patterson IV,WR,TB,
eric-rivers-TB,2026,eric-rivers,Eric Rivers Jr.,WR,TB,
elijah-roberts-TB,2026,elijah-roberts,Elijah Roberts,DE,TB,
jj-roberts-TB,2026,jj-roberts,JJ Roberts,DB,TB,
a-shawn-robinson-TB,2026,a-shawn-robinson,A'Shawn Robinson,DT,TB,
christian-rozeboom-TB,2026,christian-rozeboom,Christian Rozeboom,LB,TB,
paul-rubelt-TB,2026,paul-rubelt,Paul Rubelt,OT,TB,
billy-schrauth-TB,2026,billy-schrauth,Billy Schrauth,G,TB,
ben-scott-TB,2026,ben-scott,Ben Scott,G,TB,
keionte-scott-TB,2026,keionte-scott,Keionte Scott,CB,TB,
bauer-sharp-TB,2026,bauer-sharp,Bauer Sharp,TE,TB,
david-sills-TB,2026,david-sills,David Sills,WR,TB,
elijah-simmons-TB,2026,elijah-simmons,Elijah Simmons,DL,TB,
justin-skule-TB,2026,justin-skule,Justin Skule,OT,TB,
tykee-smith-TB,2026,tykee-smith,Tykee Smith,SAF,TB,
easton-stick-TB,2026,easton-stick,Easton Stick,QB,TB,
josiah-trotter-TB,2026,josiah-trotter,Josiah Trotter,LB,TB,
sean-tucker-TB,2026,sean-tucker,Sean Tucker,RB,TB,
vita-vea-TB,2026,vita-vea,Vita Vea,DT,TB,
david-walker-TB,2026,david-walker,David Walker,LB,TB,
silas-walters-TB,2026,silas-walters,Silas Walters,DB,TB,
josh-williams-3-TB,2026,josh-williams-3,Josh Williams,RB,TB,
antoine-winfield-jr-TB,2026,antoine-winfield-jr,Antoine Winfield Jr.,SAF,TB,
tristan-wirfs-TB,2026,tristan-wirfs,Tristan Wirfs,OT,TB,
javin-wright-TB,2026,javin-wright,Javin Wright,LB,TB,
isaiah-adams-ARI,2026,isaiah-adams,Isaiah Adams,G,ARI,
tyler-allgeier-ARI,2026,tyler-allgeier,Tyler Allgeier,RB,ARI,
eugene-asante-ARI,2026,eugene-asante,Eugene Asante,LB,ARI,
budda-baker-ARI,2026,budda-baker,Budda Baker,S,ARI,
carson-beck-ARI,2026,carson-beck,Carson Beck,QB,ARI,
trey-benson-ARI,2026,trey-benson,Trey Benson,RB,ARI,
andrew-billings-ARI,2026,andrew-billings,Andrew Billings,DT,ARI,
chase-bisontis-ARI,2026,chase-bisontis,Chase Bisontis,OT,ARI,
joey-blount-ARI,2026,joey-blount,Joey Blount,SAF,ARI,
kendrick-bourne-ARI,2026,kendrick-bourne,Kendrick Bourne,WR,ARI,
shawn-bowman-ARI,2026,shawn-bowman,Shawn Bowman,TE,ARI,
jacoby-brissett-ARI,2026,jacoby-brissett,Jacoby Brissett,QB,ARI,
jalen-brooks-ARI,2026,jalen-brooks,Jalen Brooks,WR,ARI,
baron-browning-ARI,2026,baron-browning,Baron Browning,LB,ARI,
jordan-burch-ARI,2026,jordan-burch,Jordan Burch,LB,ARI,
denzel-burke-ARI,2026,denzel-burke,Denzel Burke,CB,ARI,
zachary-carter-x9168-ARI,2026,zachary-carter-x9168,Zachary Carter,DT,ARI,
kei-trel-clark-ARI,2026,kei-trel-clark,Kei'Trel Clark,CB,ARI,
l-j-collier-ARI,2026,l-j-collier,L.J. Collier,DE,ARI,
zaven-collins-ARI,2026,zaven-collins,Zaven Collins,LB,ARI,
hayden-conner-ARI,2026,hayden-conner,Hayden Conner,G,ARI,
james-conner-ARI,2026,james-conner,James Conner,RB,ARI,
kitan-crawford-ARI,2026,kitan-crawford,Kitan Crawford,SAF,ARI,
devin-duvernay-ARI,2026,devin-duvernay,Devin Duvernay,WR,ARI,
simi-fehoko-ARI,2026,simi-fehoko,Simi Fehoko,WR,ARI,
hjalte-froholdt-ARI,2026,hjalte-froholdt,Hjalte Froholdt,G,ARI,
josh-fryar-ARI,2026,josh-fryar,Josh Fryar,OT,ARI,
jon-gaines-ii-ARI,2026,jon-gaines-ii,Jon Gaines II,G,ARI,
jameson-geers-ARI,2026,jameson-geers,Jameson Geers,TE,ARI,
jack-gibbens-ARI,2026,jack-gibbens,Jack Gibbens,LB,ARI,
blake-gillikin-ARI,2026,blake-gillikin,Blake Gillikin,P,ARI,
marvin-harrison-jr-ARI,2026,marvin-harrison-jr,Marvin Harrison Jr.,WR,ARI,
jared-harrison-hunte-ARI,2026,jared-harrison-hunte,Jared Harrison-Hunte,DT,ARI,
elijah-higgins-ARI,2026,elijah-higgins,Elijah Higgins,TE,ARI,
cam-horsley-ARI,2026,cam-horsley,Cam Horsley,DT,ARI,
evan-hull-ARI,2026,evan-hull,Evan Hull,RB,ARI,
demontrev-jacobs-ARI,2026,demontrev-jacobs,Demontrey Jacobs,OT,ARI,
d-shawn-jamison-ARI,2026,d-shawn-jamison,D'Shawn Jamison,DB,ARI,
will-johnson-5-ARI,2026,will-johnson-5,Will Johnson,CB,ARI,
paris-johnson-jr-ARI,2026,paris-johnson-jr,Paris Johnson Jr.,OT,ARI,
kalen-king-ARI,2026,kalen-king,Kalen King,CB,ARI,
bam-knight-ARI,2026,bam-knight,Bam Knight,RB,ARI,
casey-kreiter-ARI,2026,casey-kreiter,Casey Kreiter,LS,ARI,
vershon-lee-ARI,2026,vershon-lee,Vershon Lee,C,ARI,
eku-leota-ARI,2026,eku-leota,Eku Leota,LB,ARI,
hunter-long-ARI,2026,hunter-long,Hunter Long,TE,ARI,
roy-lopez-ARI,2026,roy-lopez,Roy Lopez,DT,ARI,
jeremiyah-love-ARI,2026,jeremiyah-love,Jeremiyah Love,RB,ARI,
trey-mcbride-ARI,2026,trey-mcbride,Trey McBride,TE,ARI,
max-melton-ARI,2026,max-melton,Max Melton,CB,ARI,
gardner-minshew-ARI,2026,gardner-minshew,Gardner Minshew,QB,ARI,
walter-nolen-ARI,2026,walter-nolen,Walter Nolen,DT,ARI,
kaleb-proctor-ARI,2026,kaleb-proctor,Kaleb Proctor,DT,ARI,
matt-pryor-ARI,2026,matt-pryor,Matt Pryor,OT,ARI,
teagan-quitoriano-ARI,2026,teagan-quitoriano,Teagan Quitoriano,TE,ARI,
tip-reiman-ARI,2026,tip-reiman,Tip Reiman,TE,ARI,
cam-robertson-ARI,2026,cam-robertson,Cam Robertson,LB,ARI,
darius-robinson-2-ARI,2026,darius-robinson-2,Darius Robinson,DL,ARI,
chad-ryland-ARI,2026,chad-ryland,Chad Ryland,K,ARI,
valentin-senn-ARI,2026,valentin-senn,Valentin Senn,OL,ARI,
isaac-seumalo-ARI,2026,isaac-seumalo,Isaac Seumalo,G,ARI,
karson-sharar-ARI,2026,karson-sharar,Karson Sharar,LB,ARI,
cody-simon-ARI,2026,cody-simon,Cody Simon,LB,ARI,
ihmir-smith-marsette-ARI,2026,ihmir-smith-marsette,Ihmir Smith-Marsette,WR,ARI,
dante-stills-ARI,2026,dante-stills,Dante Stills,DT,ARI,
josh-sweat-ARI,2026,josh-sweat,Josh Sweat,LB,ARI,
dadrion-taylor-demerson-ARI,2026,dadrion-taylor-demerson,Dadrion Taylor-Demerson,SAF,ARI,
starling-thomas-v-ARI,2026,starling-thomas-v,Starling Thomas V,CB,ARI,
reggie-virgil-ARI,2026,reggie-virgil,Reggie Virgil,WR,ARI,
harrison-wallace-iii-ARI,2026,harrison-wallace-iii,Harrison Wallace III,WR,ARI,
elijah-wilkinson-ARI,2026,elijah-wilkinson,Elijah Wilkinson,OT,ARI,
damonic-williams-ARI,2026,damonic-williams,Damonic Williams,DT,ARI,
garrett-williams-ARI,2026,garrett-williams,Garrett Williams,CB,ARI,
jayden-williams-ARI,2026,jayden-williams,Jayden Williams,OT,ARI,
wydett-williams-jr-ARI,2026,wydett-williams-jr,Wydett Williams Jr.,SAF,ARI,
mack-wilson-ARI,2026,mack-wilson,Mack Wilson,LB,ARI,
michael-wilson-ARI,2026,michael-wilson,Michael Wilson,WR,ARI,
andrew-wingard-ARI,2026,andrew-wingard,Andrew Wingard,SAF,ARI,
davante-adams-LAR,2026,davante-adams,Davante Adams,WR,LAR,
davis-allen-LAR,2026,davis-allen,Davis Allen,TE,LAR,
nick-andersen-LAR,2026,nick-andersen,Nick Andersen,SAF,LAR,
tutu-atwell-LAR,2026,tutu-atwell,Tutu Atwell,WR,LAR,
steve-avila-LAR,2026,steve-avila,Steve Avila,G,LAR,
alex-bachman-LAR,2026,alex-bachman,Alex Bachman,WR,LAR,
wesley-bailey-LAR,2026,wesley-bailey,Wesley Bailey,LB,LAR,
stetson-bennett-LAR,2026,stetson-bennett,Stetson Bennett,QB,LAR,
austin-blaske-LAR,2026,austin-blaske,Austin Blaske,OT,LAR,
jack-bouwmeester-LAR,2026,jack-bouwmeester,Jack Bouwmeester,P,LAR,
matthew-caldwell-LAR,2026,matthew-caldwell,Matthew Caldwell,QB,LAR,
joe-cardona-LAR,2026,joe-cardona,Joe Cardona,LS,LAR,
dean-connors-LAR,2026,dean-connors,Dean Connors,RB,LAR,
blake-corum-LAR,2026,blake-corum,Blake Corum,RB,LAR,
kamren-curl-LAR,2026,kamren-curl,Kam Curl,SAF,LAR,
cj-daniels-LAR,2026,cj-daniels,CJ Daniels,WR,LAR,
tyler-davis-4-LAR,2026,tyler-davis-4,Tyler Davis,DE,LAR,
justin-dedich-LAR,2026,justin-dedich,Justin Dedich,OL,LAR,
shaun-dolac-LAR,2026,shaun-dolac,Shaun Dolac,LB,LAR,
aaron-donald-LAR,2026,aaron-donald,Aaron Donald,DE,LAR,
kevin-dotson-LAR,2026,kevin-dotson,Kevin Dotson,G,LAR,
ethan-evans-LAR,2026,ethan-evans,Ethan Evans,P,LAR,
terrance-ferguson-2-LAR,2026,terrance-ferguson-2,Terrance Ferguson,TE,LAR,
braden-fiske-LAR,2026,braden-fiske,Braden Fiske,DE,LAR,
emmanuel-forbes-LAR,2026,emmanuel-forbes,Emmanuel Forbes,CB,LAR,
poona-ford-LAR,2026,poona-ford,Poona Ford,DT,LAR,
nyzier-fourqurean-LAR,2026,nyzier-fourqurean,Nyzier Fourqurean,CB,LAR,
myles-garrett-LAR,2026,myles-garrett,Myles Garrett,DE,LAR,
ty-hamilton-LAR,2026,ty-hamilton,Ty Hamilton,DT,LAR,
blake-hance-LAR,2026,blake-hance,Blake Hance,G,LAR,
tyler-higbee-LAR,2026,tyler-higbee,Tyler Higbee,TE,LAR,
tanner-ingle-LAR,2026,tanner-ingle,Tanner Ingle,SAF,LAR,
alaric-jackson-LAR,2026,alaric-jackson,Alaric Jackson,OT,LAR,
desjuan-johnson-LAR,2026,desjuan-johnson,Desjuan Johnson,LB,LAR,
kamren-kinchens-LAR,2026,kamren-kinchens,Kamren Kinchens,SAF,LAR,
max-klare-LAR,2026,max-klare,Max Klare,TE,LAR,
quentin-lake-LAR,2026,quentin-lake,Quentin Lake,SAF,LAR,
cam-lampkin-LAR,2026,cam-lampkin,Cam Lampkin,DB,LAR,
nate-landman-LAR,2026,nate-landman,Nate Landman,LB,LAR,
beaux-limmer-LAR,2026,beaux-limmer,Beaux Limmer,G,LAR,
warren-mcclendon-LAR,2026,warren-mcclendon,Warren McClendon Jr.,OT,LAR,
jaylen-mccollough-LAR,2026,jaylen-mccollough,Jaylen McCollough,SAF,LAR,
trent-mcduffie-LAR,2026,trent-mcduffie,Trent McDuffie,CB,LAR,
dylan-mcmahon-LAR,2026,dylan-mcmahon,Dylan McMahon,C,LAR,
harrison-mevis-LAR,2026,harrison-mevis,Harrison Mevis,K,LAR,
konata-mumpfield-LAR,2026,konata-mumpfield,Konata Mumpfield,WR,LAR,
larrell-murchison-LAR,2026,larrell-murchison,Larrell Murchison,DT,LAR,
bill-murray-3-LAR,2026,bill-murray-3,Bill Murray,G,LAR,
puka-nacua-LAR,2026,puka-nacua,Puka Nacua,WR,LAR,
elias-neal-LAR,2026,elias-neal,Elias Neal,LB,LAR,
bill-norton-LAR,2026,bill-norton,Bill Norton,DE,LAR,
colby-parkinson-LAR,2026,colby-parkinson,Colby Parkinson,TE,LAR,
darryl-peterson-iii-LAR,2026,darryl-peterson-iii,Darryl Peterson III,OLB,LAR,
brennan-presley-LAR,2026,brennan-presley,Brennan Presley,WR,LAR,
david-quessenberry-LAR,2026,david-quessenberry,David Quessenberry,OT,LAR,
daniel-rickert-LAR,2026,daniel-rickert,Daniel Rickert,LB,LAR,
ronnie-rivers-LAR,2026,ronnie-rivers,Ronnie Rivers,RB,LAR,
coleman-shelton-LAR,2026,coleman-shelton,Coleman Shelton,C,LAR,
jamie-sheriff-LAR,2026,jamie-sheriff,Jamie Sheriff,LB,LAR,
ty-simpson-LAR,2026,ty-simpson,Ty Simpson,QB,LAR,
xavier-smith-LAR,2026,xavier-smith,Xavier Smith,WR,LAR,
omar-speights-LAR,2026,omar-speights,Omar Speights,LB,LAR,
matthew-stafford-LAR,2026,matthew-stafford,Matthew Stafford,QB,LAR,
josaiah-stewart-2-LAR,2026,josaiah-stewart-2,Josaiah Stewart,LB,LAR,
grant-stuard-LAR,2026,grant-stuard,Grant Stuard,LB,LAR,
keir-thomas-LAR,2026,keir-thomas,Keir Thomas,LB,LAR,
keagen-trost-LAR,2026,keagen-trost,Keagen Trost,OT,LAR,
kobie-turner-LAR,2026,kobie-turner,Kobie Turner,DE,LAR,
dan-villari-LAR,2026,dan-villari,Dan Villari,TE,LAR,
josh-wallace-LAR,2026,josh-wallace,Josh Wallace,CB,LAR,
eddie-walls-iii-LAR,2026,eddie-walls-iii,Eddie Walls III,LB,LAR,
jordan-waters-LAR,2026,jordan-waters,Jordan Waters,RB,LAR,
jaylen-watson-LAR,2026,jaylen-watson,Jaylen Watson,CB,LAR,
jordan-whittington-LAR,2026,jordan-whittington,Jordan Whittington,WR,LAR,
kyren-williams-LAR,2026,kyren-williams,Kyren Williams,RB,LAR,
byron-young-2-LAR,2026,byron-young-2,Byron Young,LB,LAR,
brandon-aiyuk-SF,2026,brandon-aiyuk,Brandon Aiyuk,WR,SF,
isaac-alarcon-SF,2026,isaac-alarcon,Isaac Alarcon,OT,SF,
vincent-anthony-jr-SF,2026,vincent-anthony-jr,Vincent Anthony Jr.,DE,SF,
tatum-bethune-SF,2026,tatum-bethune,Tatum Bethune,LB,SF,
kaelon-black-SF,2026,kaelon-black,Kaelon Black,RB,SF,
nick-bosa-SF,2026,nick-bosa,Nick Bosa,DE,SF,
jake-brendel-SF,2026,jake-brendel,Jake Brendel,C,SF,
ji-ayir-brown-SF,2026,ji-ayir-brown,Ji'Ayir Brown,SAF,SF,
brandon-codington-SF,2026,brandon-codington,Brandon Codrington,DB,SF,
connor-colby-SF,2026,connor-colby,Connor Colby,G,SF,
alfred-collins-SF,2026,alfred-collins,Alfred Collins,DT,SF,
jacob-cowing-SF,2026,jacob-cowing,Jacob Cowing,WR,SF,
enrique-cruz-jr-SF,2026,enrique-cruz-jr,Enrique Cruz,OT,SF,
ashtyn-davis-SF,2026,ashtyn-davis,Ashtyn Davis,SAF,SF,
khalil-dinkins-SF,2026,khalil-dinkins,Khalil Dinkins,TE,SF,
jaden-dugger-SF,2026,jaden-dugger,Jaden Dugger,LB,SF,
mike-evans-SF,2026,mike-evans,Mike Evans,WR,SF,
andrew-farmer-SF,2026,andrew-farmer,Andrew Farmer,LB,SF,
luke-farrell-SF,2026,luke-farrell,Luke Farrell,TE,SF,
darrick-forrest-SF,2026,darrick-forrest,Darrick Forrest,SAF,SF,
luke-gifford-SF,2026,luke-gifford,Luke Gifford,LB,SF,
kevin-givens-SF,2026,kevin-givens,Kevin Givens,DT,SF,
jalen-graham-SF,2026,jalen-graham,Jalen Graham,LB,SF,
renardo-green-SF,2026,renardo-green,Renardo Green,CB,SF,
dre-greenlaw-x9042-SF,2026,dre-greenlaw-x9042,Dre Greenlaw,LB,SF,
wesley-grimes-SF,2026,wesley-grimes,Wesley Grimes,WR,SF,
isaac-guerendo-SF,2026,isaac-guerendo,Isaac Guerendo,RB,SF,
gracen-halton-SF,2026,gracen-halton,Gracen Halton,DT,SF,
romello-height-SF,2026,romello-height,Romello Height,DE,SF,
nate-hobbs-SF,2026,nate-hobbs,Nate Hobbs,CB,SF,
khadarel-hodge-SF,2026,khadarel-hodge,KhaDarel Hodge,WR,SF,
jordan-james-SF,2026,jordan-james,Jordan James,RB,SF,
jack-jones-2-SF,2026,jack-jones-2,Jack Jones,CB,SF,
mac-jones-SF,2026,mac-jones,Mac Jones,QB,SF,
kyle-juszczyk-SF,2026,kyle-juszczyk,Kyle Juszczyk,FB,SF,
mikail-kamara-SF,2026,mikail-kamara,Mikail Kamara,DE,SF,
khalid-kareem-SF,2026,khalid-kareem,Khalid Kareem,DE,SF,
christian-kirk-SF,2026,christian-kirk,Christian Kirk,WR,SF,
george-kittle-SF,2026,george-kittle,George Kittle,TE,SF,
deommodore-lenoir-SF,2026,deommodore-lenoir,Deommodore Lenoir,CB,SF,
vederian-lowe-SF,2026,vederian-lowe,Vederian Lowe,OT,SF,
nick-martin-2-SF,2026,nick-martin-2,Nick Martin,LB,SF,
christian-mccaffrey-SF,2026,christian-mccaffrey,Christian McCaffrey,RB,SF,
sincere-mccormick-SF,2026,sincere-mccormick,Sincere McCormick,RB,SF,
colton-mckivitz-SF,2026,colton-mckivitz,Colton McKivitz,OT,SF,
malik-mustapha-SF,2026,malik-mustapha,Malik Mustapha,SAF,SF,
siran-neal-SF,2026,siran-neal,Siran Neal,DB,SF,
drake-nugent-SF,2026,drake-nugent,Drake Nugent,C,SF,
osa-odighizuwa-SF,2026,osa-odighizuwa,Osa Odighizuwa,DT,SF,
ogbo-okoronkwo-SF,2026,ogbo-okoronkwo,Ogbo Okoronkwo,LB,SF,
sam-okuayinonu-SF,2026,sam-okuayinonu,Sam Okuayinonu,DT,SF,
jarrett-patterson-SF,2026,jarrett-patterson,Jarrett Patterson,C,SF,
will-pauling-SF,2026,will-pauling,Will Pauling,WR,SF,
ricky-pearsall-SF,2026,ricky-pearsall,Ricky Pearsall,WR,SF,
eddy-pineiro-SF,2026,eddy-pineiro,Eddy Pineiro,K,SF,
austen-pleasants-SF,2026,austen-pleasants,Austen Pleasants,OL,SF,
ephesians-prysock-SF,2026,ephesians-prysock,Ephesians Prysock,CB,SF,
dominick-puni-SF,2026,dominick-puni,Dominick Puni,OT,SF,
brock-purdy-SF,2026,brock-purdy,Brock Purdy,QB,SF,
demarcus-robinson-SF,2026,demarcus-robinson,Demarcus Robinson,WR,SF,
jakob-robinson-SF,2026,jakob-robinson,Jakob Robinson,CB,SF,
kurtis-rourke-SF,2026,kurtis-rourke,Kurtis Rourke,QB,SF,
deebo-samuel-SF,2026,deebo-samuel,Deebo Samuel Sr.,WR,SF,
foster-sarell-SF,2026,foster-sarell,Foster Sarell,OT,SF,
marques-sigle-SF,2026,marques-sigle,Marques Sigle,SAF,SF,
upton-stout-SF,2026,upton-stout,Upton Stout,CB,SF,
de-zhaun-stribling-SF,2026,de-zhaun-stribling,De'Zhaun Stribling,WR,SF,
jalen-stroman-SF,2026,jalen-stroman,Jalen Stroman,SAF,SF,
james-thompson-jr-SF,2026,james-thompson-jr,James Thompson Jr.,DT,SF,
jake-tonges-SF,2026,jake-tonges,Jake Tonges,TE,SF,
brett-toth-SF,2026,brett-toth,Brett Toth,G,SF,
sebastian-valdez-SF,2026,sebastian-valdez,Sebastian Valdez,DL,SF,
corliss-waitman-SF,2026,corliss-waitman,Corliss Waitman,P,SF,
garret-wallow-SF,2026,garret-wallow,Garret Wallow,LB,SF,
fred-warner-SF,2026,fred-warner,Fred Warner,MLB,SF,
jordan-watkins-SF,2026,jordan-watkins,Jordan Watkins,WR,SF,
jon-weeks-SF,2026,jon-weeks,Jon Weeks,LS,SF,
cj-west-SF,2026,cj-west,CJ West,DT,SF,
keion-white-SF,2026,keion-white,Keion White,DE,SF,
mykel-williams-SF,2026,mykel-williams,Mykel Williams,DE,SF,
trent-williams-SF,2026,trent-williams,Trent Williams,OT,SF,
brayden-willis-SF,2026,brayden-willis,Brayden Willis,TE,SF,
carver-willis-SF,2026,carver-willis,Carver Willis,OT,SF,
nick-zakelj-SF,2026,nick-zakelj,Nick Zakelj,OT,SF,
terrion-arnold-SEA,2026,terrion-arnold,Terrion Arnold,CB,SEA,
elijah-arroyo-SEA,2026,elijah-arroyo,Elijah Arroyo,TE,SEA,
aj-barner-SEA,2026,aj-barner,AJ Barner,TE,SEA,
d-anthony-bell-SEA,2026,d-anthony-bell,D'Anthony Bell,DB,SEA,
jake-bobo-SEA,2026,jake-bobo,Jake Bobo,WR,SEA,
anthony-bradford-SEA,2026,anthony-bradford,Anthony Bradford,G,SEA,
logan-brown-SEA,2026,logan-brown,Logan Brown,OT,SEA,
zach-charbonnet-SEA,2026,zach-charbonnet,Zach Charbonnet,RB,SEA,
irvin-charles-SEA,2026,irvin-charles,Irvin Charles,WR,SEA,
bud-clark-SEA,2026,bud-clark,Bud Clark,SAF,SEA,
charles-cross-2-SEA,2026,charles-cross-2,Charles Cross,OT,SEA,
michael-dansby-SEA,2026,michael-dansby,Michael Dansby,CB,SEA,
sam-darnold-SEA,2026,sam-darnold,Sam Darnold,QB,SEA,
michael-dickson-SEA,2026,michael-dickson,Michael Dickson,P,SEA,
trevon-diggs-SEA,2026,trevon-diggs,Trevon Diggs,CB,SEA,
deven-eastern-SEA,2026,deven-eastern,Deven Eastern,DT,SEA,
nick-emmanwori-SEA,2026,nick-emmanwori,Nick Emmanwori,SAF,SEA,
aj-finley-SEA,2026,aj-finley,AJ Finley,SAF,SEA,
montorie-foster-jr-SEA,2026,montorie-foster-jr,Montorie Foster Jr,WR,SEA,
dante-fowler-SEA,2026,dante-fowler,Dante Fowler Jr.,LB,SEA,
andre-fuller-SEA,2026,andre-fuller,Andre Fuller,CB,SEA,
derick-hall-SEA,2026,derick-hall,Derick Hall,LB,SEA,
bobby-hart-SEA,2026,bobby-hart,Bobby Hart,OT,SEA,
christian-haynes-SEA,2026,christian-haynes,Christian Haynes,G,SEA,
emmanuel-henderson-jr-SEA,2026,emmanuel-henderson-jr,Emmanuel Henderson Jr.,WR,SEA,
julian-hicks-SEA,2026,julian-hicks,Julian Hicks,WR,SEA,
george-holani-SEA,2026,george-holani,George Holani,RB,SEA,
maxen-hook-SEA,2026,maxen-hook,Maxen Hook,SAF,SEA,
tory-horton-SEA,2026,tory-horton,Tory Horton,WR,SEA,
aidan-hubbard-SEA,2026,aidan-hubbard,Aidan Hubbard,LB,SEA,
joshua-jobe-SEA,2026,joshua-jobe,Josh Jobe,CB,SEA,
ernest-jones-2-SEA,2026,ernest-jones-2,Ernest Jones,LB,SEA,
josh-jones-2-SEA,2026,josh-jones-2,Josh Jones,OT,SEA,
velus-jones-SEA,2026,velus-jones,Velus Jones Jr.,WR,SEA,
nick-kallerup-SEA,2026,nick-kallerup,Nick Kallerup,TE,SEA,
tyrice-knight-SEA,2026,tyrice-knight,Tyrice Knight,LB,SEA,
cooper-kupp-SEA,2026,cooper-kupp,Cooper Kupp,WR,SEA,
demarcus-lawrence-SEA,2026,demarcus-lawrence,DeMarcus Lawrence,LB,SEA,
drew-lock-SEA,2026,drew-lock,Drew Lock,QB,SEA,
julian-love-SEA,2026,julian-love,Julian Love,SAF,SEA,
abraham-lucas-SEA,2026,abraham-lucas,Abraham Lucas,OT,SEA,
federico-maranges-SEA,2026,federico-maranges,Federico Maranges,C,SEA,
rylie-mills-SEA,2026,rylie-mills,Rylie Mills,DT,SEA,
jalen-milroe-SEA,2026,jalen-milroe,Jalen Milroe,QB,SEA,
mike-morris-2-SEA,2026,mike-morris-2,Mike Morris,DE,SEA,
byron-murphy-ii-SEA,2026,byron-murphy-ii,Byron Murphy II,DT,SEA,
jason-myers-SEA,2026,jason-myers,Jason Myers,K,SEA,
julian-neal-SEA,2026,julian-neal,Julian Neal,CB,SEA,
uchenna-nwosu-SEA,2026,uchenna-nwosu,Uchenna Nwosu,LB,SEA,
patrick-o-connell-SEA,2026,patrick-o-connell,Patrick O'Connell,LB,SEA,
ty-okada-SEA,2026,ty-okada,Ty Okada,SAF,SEA,
olu-oluwatimi-SEA,2026,olu-oluwatimi,Olu Oluwatimi,C,SEA,
connor-o-toole-SEA,2026,connor-o-toole,Connor O'Toole,LB,SEA,
robbie-ouzts-SEA,2026,robbie-ouzts,Robbie Ouzts,RB,SEA,
brandon-pili-SEA,2026,brandon-pili,Brandon Pili,DT,SEA,
jadarian-price-SEA,2026,jadarian-price,Jadarian Price,RB,SEA,
nehemiah-pritchett-SEA,2026,nehemiah-pritchett,Nehemiah Pritchett,CB,SEA,
jarran-reed-SEA,2026,jarran-reed,Jarran Reed,DT,SEA,
mason-richman-SEA,2026,mason-richman,Mason Richman,G,SEA,
brady-russell-SEA,2026,brady-russell,Brady Russell,RB,SEA,
eric-saubert-SEA,2026,eric-saubert,Eric Saubert,TE,SEA,
rashid-shaheed-SEA,2026,rashid-shaheed,Rashid Shaheed,WR,SEA,
avery-smith-SEA,2026,avery-smith,Avery Smith,CB,SEA,
jaxon-smith-njigba-SEA,2026,jaxon-smith-njigba,Jaxon Smith-Njigba,WR,SEA,
beau-stephens-SEA,2026,beau-stephens,Beau Stephens,G,SEA,
chris-stoll-SEA,2026,chris-stoll,Chris Stoll,LS,SEA,
jalen-sundell-SEA,2026,jalen-sundell,Jalen Sundell,OT,SEA,
chazz-surratt-SEA,2026,chazz-surratt,Chazz Surratt,LB,SEA,
drake-thomas-SEA,2026,drake-thomas,Drake Thomas,LB,SEA,
rodney-thomas-4-SEA,2026,rodney-thomas-4,Rodney Thomas,SAF,SEA,
ricky-white-iii-SEA,2026,ricky-white-iii,Ricky White III,WR,SEA,
leonard-williams-SEA,2026,leonard-williams,Leonard Williams,DE,SEA,
emanuel-wilson-SEA,2026,emanuel-wilson,Emanuel Wilson,RB,SEA,
devon-witherspoon-SEA,2026,devon-witherspoon,Devon Witherspoon,CB,SEA,
jacardia-wright-SEA,2026,jacardia-wright,Jacardia Wright,RB,SEA,
grey-zabel-SEA,2026,grey-zabel,Grey Zabel,G,SEA,
