player_id,player_name,team_id,jersey_number,position,status,height_in,weight_lb,experience,college
josh-allen,Josh Allen,BUF,17,QB,ACT,77,237,9,Wyoming
kyle-allen,Kyle Allen,BUF,11,QB,ACT,75,210,8,Houston
alec-anderson-2,Alec Anderson,BUF,70,OT,ACT,77,305,4,UCLA
joe-andreessen,Joe Andreessen,BUF,44,LB,ACT,73,240,3,Buffalo
tyler-bass,Tyler Bass,BUF,16,K,ACT,70,183,7,Georgia Southern
skyler-bell,Skyler Bell,BUF,13,WR,ACT,71,192,R,Connecticut
christian-benford,Christian Benford,BUF,47,CB,ACT,73,205,5,Villanova
terrel-bernard,Terrel Bernard,BUF,8,LB,ACT,73,224,5,Baylor
cole-bishop,Cole Bishop,BUF,24,SAF,ACT,74,207,3,Utah
jude-bowry,Jude Bowry,BUF,74,OT,ACT,77,314,R,Boston College
nick-broeker,Nick Broeker,BUF,65,G,DEV,76,305,3,Mississippi
spencer-brown,Spencer Brown,BUF,79,OT,ACT,80,311,6,Northern Iowa
shane-buechele,Shane Buechele,BUF,6,QB,DEV,72,210,4,SMU
dewayne-carter,DeWayne Carter,BUF,90,DT,ACT,74,302,3,Duke
bradley-chubb,Bradley Chubb,BUF,9,OLB,ACT,76,268,9,N.C. State
travis-clayton,Travis Clayton,BUF,67,OT,DEV,79,303,2,
keon-coleman,Keon Coleman,BUF,,WR,ACT,75,213,3,Florida State
james-cook,James Cook,BUF,4,RB,ACT,71,190,5,Georgia
austin-corbett,Austin Corbett,BUF,63,G,ACT,76,306,9,Nevada
te-cory-couch,Te'Cory Couch,BUF,33,DB,DEV,70,185,1,Miami
lloyd-cushenberry,Lloyd Cushenberry III,BUF,53,C,ACT,76,315,7,LSU
michael-danna,Michael Danna,BUF,51,LB,ACT,74,257,6,Michigan
ray-davis-2,Ray Davis,BUF,7,RB,ACT,68,211,3,Kentucky
dion-dawkins,Dion Dawkins,BUF,73,OT,ACT,77,320,10,Temple
tommy-doman,Tommy Doman Jr.,BUF,39,P,ACT,76,214,R,Florida
greg-dortch,Greg Dortch,BUF,,WR,DEV,67,180,6,Wake Forest
zane-durant,Zane Durant,BUF,92,DT,RES,73,290,R,Penn State
kaleb-elarms-orr,Kaleb Elarms-Orr,BUF,52,LB,ACT,74,234,R,TCU
reid-ferguson,Reid Ferguson,BUF,69,LS,ACT,74,235,10,LSU
deaundre-ford,Dee Alford,BUF,23,CB,ACT,71,180,5,Tusculum College
sam-franklin,Sam Franklin Jr.,BUF,28,SAF,ACT,75,210,7,Temple
greg-gaines,Greg Gaines,BUF,97,DT,ACT,73,312,8,Washington
chauncey-gardner-johnson,C.J. Gardner-Johnson,BUF,22,SAF,ACT,71,208,8,Florida
frank-gore-jr,Frank Gore Jr.,BUF,20,RB,DEV,68,201,1,Southern Mississippi
stephen-gosnell,Stephen Gosnell,BUF,89,WR,DEV,73,198,1,Virginia Tech
tylan-grable,Tylan Grable,BUF,68,OT,ACT,77,313,3,UCF
shaq-thompson,Shaq Thompson,BUF,54,OLB,DEV,72,230,12,Washington
maxwell-hairston,Maxwell Hairston,BUF,1,CB,ACT,71,192,2,Kentucky
damar-hamlin,Damar Hamlin,BUF,3,SAF,ACT,72,200,6,Pittsburgh
jordan-hancock,Jordan Hancock,BUF,37,CB,ACT,73,195,2,Ohio State
jackson-hawes,Jackson Hawes,BUF,85,TE,ACT,76,253,2,Georgia Tech
mike-hoecht,Michael Hoecht,BUF,55,LB,ACT,76,267,6,Brown
davison-igbinosun,Davison Igbinosun,BUF,21,CB,ACT,74,189,R,Ohio State
landon-jackson,Landon Jackson,BUF,94,DE,ACT,78,264,2,Arkansas
keonta-jenkins,Keonta Jenkins,BUF,49,LB,DEV,74,211,1,Virginia Tech
ty-johnson-x3152,Ty Johnson,BUF,26,RB,ACT,70,210,8,Maryland
andre-jones-jr,Andre Jones Jr.,BUF,59,LB,DEV,77,258,2,Louisiana-Lafayette
anthony-kendall,Anthony Kendall,BUF,30,CB,DEV,70,188,3,Baldwin Wallace College
jalon-kilgore,Jalon Kilgore,BUF,29,SAF,ACT,73,211,R,South Carolina
dalton-kincaid,Dalton Kincaid,BUF,86,TE,ACT,75,246,4,Utah
dawson-knox,Dawson Knox,BUF,88,TE,ACT,76,254,8,Mississippi
keleki-latu,Keleki Latu,BUF,83,TE,ACT,78,249,1,Washington
chase-lundt,Chase Lundt,BUF,77,OT,DEV,79,304,2,Connecticut
ja-mori-maclin,Ja'Mori Maclin,BUF,84,WR,DEV,71,183,R,Kentucky
phidarian-mathis,Phidarian Mathis,BUF,72,DT,SUS,76,312,5,Alabama
connor-mcgovern-2,Connor McGovern,BUF,66,G,ACT,78,318,8,Penn State
d-j-moore,DJ Moore,BUF,2,WR,ACT,72,213,9,Maryland
ed-oliver,Ed Oliver,BUF,91,DT,ACT,73,287,8,Houston
josh-palmer,Josh Palmer,BUF,5,WR,ACT,73,210,6,Tennessee
t-j-parker,TJ Parker,BUF,99,LB,ACT,75,263,R,Clemson
ar-maj-reed-adams,Ar'maj Reed-Adams,BUF,60,G,ACT,77,314,R,Texas A&M
gregory-rousseau,Greg Rousseau,BUF,15,LB,ACT,78,266,6,Miami
t-j-sanders,T.J. Sanders,BUF,98,DT,ACT,76,297,2,South Carolina
khalil-shakir,Khalil Shakir,BUF,10,WR,ACT,72,190,5,Boise State
tyrell-shavers,Tyrell Shavers,BUF,14,WR,PUP,76,211,2,San Diego State
trent-sherfield,Trent Sherfield,BUF,18,WR,DEV,72,203,9,Vanderbilt
javon-solomon,Javon Solomon,BUF,56,LB,ACT,73,246,3,Troy
geno-stone,Geno Stone,BUF,25,SAF,DEV,71,210,7,Iowa
dorian-strong,Dorian Strong,BUF,43,CB,RSN,72,185,2,Virginia Tech
o-cyrus-torrence,O'Cyrus Torrence,BUF,64,G,ACT,77,330,4,Florida
deone-walker,Deone Walker,BUF,96,DT,ACT,79,331,2,Kentucky
kani-walker,Kani Walker,BUF,41,DB,DEV,74,204,R,Arkansas
dorian-williams,Dorian Williams,BUF,42,LB,ACT,73,228,4,Tulane
jedrick-wills,Jedrick Wills,BUF,,OT,DEV,76,307,6,Alabama
devon-achane,De'Von Achane,MIA,28,RB,ACT,69,195,4,Texas A&M
tucker-addington,Tucker Addington,MIA,46,LS,ACT,74,230,1,Sam Houston State
liam-anderson,Liam Anderson,MIA,,LB,DEV,75,230,1,Holy Cross
zayne-anderson,Zayne Anderson,MIA,23,SAF,ACT,74,206,4,BYU
gottlieb-ayedze,Gottlieb Ayedze,MIA,72,OT,DEV,76,309,1,Maryland
darrell-baker-jr,Darrell Baker Jr.,MIA,22,CB,PUP,73,190,4,Georgia Southern
robert-beal-jr,Rob Beal Jr.,MIA,51,DE,ACT,76,264,4,Georgia
chris-bell-2,Chris Bell,MIA,18,WR,ACT,74,228,R,Louisville
zeek-biggers,Zeek Biggers,MIA,93,DT,ACT,78,315,2,Georgia Tech
ethan-bonner,Ethan Bonner,MIA,27,CB,DEV,73,190,3,Stanford
julius-brents,Julius Brents,MIA,8,CB,ACT,75,203,4,Kansas State
aaron-brewer-2,Aaron Brewer,MIA,55,C,ACT,73,290,7,Texas State-San Marcos
jordyn-brooks,Jordyn Brooks,MIA,20,LB,ACT,72,240,7,Texas Tech
major-burns,Major Burns,MIA,43,SAF,DEV,74,207,1,LSU
dj-campbell,DJ Campbell,MIA,63,G,ACT,75,321,R,Texas
kevin-coleman-jr,Kevin Coleman Jr.,MIA,21,WR,ACT,70,180,R,Missouri
brady-cook,Brady Cook,MIA,15,QB,ACT,74,215,2,Missouri
keith-cooper,Keith Cooper Jr.,MIA,97,DE,ACT,77,285,1,Houston
marcellas-dial,Marcellas Dial Jr.,MIA,24,DB,ACT,72,190,3,South Carolina
caleb-douglas,Caleb Douglas,MIA,7,WR,ACT,76,208,R,Texas Tech
storm-duck,Storm Duck,MIA,29,CB,PUP,72,195,3,Louisville
greg-dulcich,Greg Dulcich,MIA,85,TE,ACT,76,245,5,UCLA
clelin-ferrell-x4864,Clelin Ferrell,MIA,98,DE,DEV,76,265,8,Clemson
amari-gainer,Amari Gainer,MIA,,LB,DEV,75,240,2,North Carolina
willie-gay-jr,Willie Gay Jr.,MIA,40,LB,ACT,73,246,7,Mississippi State
chukwuebuka-jason-godrick,Chukwuebuka Godrick,MIA,79,OT,ACT,77,295,1,
ollie-gordon-ii,Ollie Gordon II,MIA,,RB,ACT,74,225,2,Oklahoma State
kenneth-grant-2,Kenneth Grant,MIA,78,DT,RSR,75,335,2,Michigan
ronnie-harrison,Ronnie Harrison,MIA,56,LB,ACT,74,220,9,Alabama
dj-herman,DJ Herman,MIA,34,RB,ACT,73,242,R,San Diego State
malik-herring,Malik Herring,MIA,90,DE,ACT,75,280,6,Georgia
jarquez-hunter-3,Jarquez Hunter,MIA,,RB,DEV,70,211,2,Auburn
austin-jackson,Austin Jackson,MIA,73,OT,ACT,77,305,7,USC
chris-johnson-8,Chris Johnson,MIA,3,CB,ACT,72,196,R,San Diego State
justin-joly,Justin Joly,MIA,80,TE,ACT,75,241,R,N.C. State
will-kacmarek,Will Kacmarek,MIA,89,TE,ACT,78,264,R,Ohio State
jarrett-kingston,Jarrett Kingston,MIA,62,OT,ACT,76,308,3,USC
rene-konga,Rene Konga,MIA,95,DE,RES,75,298,R,Louisville
max-llewellyn,Max Llewellyn,MIA,57,DE,DEV,77,263,R,Iowa
kyle-louis,Kyle Louis,MIA,19,LB,ACT,72,225,R,Pittsburgh
jason-marshall-jr,Jason Marshall Jr.,MIA,4,CB,ACT,72,204,2,Florida
kyle-mccord,Kyle McCord,MIA,14,QB,ACT,75,218,1,Syracuse
rodney-mcgraw,Rodney McGraw,MIA,59,DE,DEV,76,264,R,Western Michigan
andrew-meyer,Andrew Meyer,MIA,60,C,ACT,75,290,3,Texas-El Paso
jordan-miller-3,Jordan Miller,MIA,,DT,DEV,75,307,1,SMU
ryan-miller-2,Ryan Miller,MIA,84,WR,ACT,74,221,3,Furman
trey-moore,Trey Moore,MIA,17,LB,RSR,74,243,R,Texas
riley-patterson,Riley Patterson,MIA,47,K,ACT,72,196,6,Memphis
patrick-paul,Patrick Paul,MIA,52,OT,ACT,79,326,3,Houston
jordan-phillips-2,Jordan Phillips,MIA,94,DT,ACT,75,324,2,Maryland
bradley-pinion,Bradley Pinion,MIA,48,P,ACT,77,250,12,Clemson
kadyn-proctor,Kadyn Proctor,MIA,74,OT,ACT,79,360,R,Alabama
jalen-reagor,Jalen Reagor,MIA,88,WR,DEV,71,197,6,TCU
chop-robinson,Chop Robinson,MIA,44,LB,ACT,75,265,3,Penn State
jacob-rodriguez,Jacob Rodriguez,MIA,10,LB,ACT,73,235,R,Texas Tech
jonah-savaiinaea,Jonah Savaiinaea,MIA,71,G,ACT,77,326,2,Arizona
will-sheppard,Will Sheppard,MIA,,WR,DEV,75,196,1,Colorado
zach-sieler,Zach Sieler,MIA,92,DE,ACT,78,300,9,Ferris State
jaylin-simpson,Jaylin Simpson,MIA,,CB,DEV,72,180,1,Auburn
mazi-smith,Mazi Smith,MIA,,DT,DEV,75,337,4,Michigan
michael-taaffe,Michael Taaffe,MIA,16,SAF,ACT,72,190,R,Texas
reese-taylor,Reese Taylor,MIA,35,DB,ACT,71,190,2,Purdue
jalen-tolbert,Jalen Tolbert,MIA,1,WR,ACT,73,195,5,South Alabama
dante-trader-jr,Dante Trader Jr.,MIA,11,SAF,ACT,71,202,2,Maryland
seydou-traore,Seydou Traore,MIA,83,TE,ACT,76,242,R,Mississippi State
cole-turner,Cole Turner,MIA,87,TE,RES,78,240,3,Nevada
josh-uche,Joshua Uche,MIA,9,LB,ACT,75,252,7,Michigan
caedan-wallace,Caedan Wallace,MIA,77,G,ACT,77,314,3,Penn State
carlos-washington,Carlos Washington,MIA,26,RB,DEV,71,210,1,Southeastern Louisiana
malik-washington,Malik Washington,MIA,6,WR,ACT,68,192,3,Virginia
tre-watson-x1104,Tre Watson,MIA,,TE,DEV,77,250,1,Texas A&M
malik-willis,Malik Willis,MIA,2,QB,ACT,73,225,5,Liberty
julius-wood,Julius Wood,MIA,25,DB,ACT,73,202,2,East Carolina
jackson-woodard,Jackson Woodard,MIA,42,LB,ACT,74,230,1,UNLV
jaylen-wright,Jaylen Wright,MIA,5,RB,ACT,70,205,3,Tennessee
tanner-arkin,Tanner Arkin,NE,84,TE,ACT,76,262,R,Illinois
julian-ashby,Julian Ashby,NE,47,LS,ACT,73,231,2,Vanderbilt
bryce-baringer,Bryce Baringer,NE,17,P,RES,74,215,4,Michigan State
christian-barmore,Christian Barmore,NE,90,DT,ACT,77,315,6,Alabama
andres-borregales,Andy Borregales,NE,8,K,ACT,71,202,2,Miami
k-j-britt,K.J. Britt,NE,35,LB,DEV,72,240,6,Auburn
ben-brown-2,Ben Brown,NE,77,C,ACT,77,312,4,Mississippi
a-j-brown,A.J. Brown,NE,1,WR,ACT,73,226,8,Mississippi
mike-brown-7,Mike Brown,NE,33,SAF,DEV,73,218,4,Miami (Ohio)
marcus-bryant,Marcus Bryant,NE,52,OT,RSR,79,320,2,Missouri
kevin-byard,Kevin Byard,NE,31,FS,ACT,71,212,11,Middle Tennessee State
will-campbell,Will Campbell,NE,66,OT,ACT,78,319,2,LSU
channing-canada,Channing Canada,NE,29,CB,ACT,71,190,R,TCU
efton-chism-iii,Efton Chism III,NE,86,WR,ACT,70,198,2,Eastern Washington
dametrious-crownover,Dametrious Crownover,NE,68,OT,ACT,79,319,R,Texas A&M
carlton-davis,Carlton Davis III,NE,7,CB,ACT,73,200,8,Auburn
elliott-davison,Elliott Davison,NE,,SAF,DEV,72,190,1,Texas-San Antonio
tommy-devito,Tommy DeVito,NE,16,QB,ACT,74,210,4,Illinois
kyle-dixon,Kyle Dixon,NE,83,WR,DEV,74,220,R,Culver-Stockton College
cameron-dorner,Cameron Dorner,NE,88,WR,DEV,73,188,R,North Texas
romeo-doubs,Romeo Doubs,NE,87,WR,ACT,74,210,5,Nevada
demario-douglas,DeMario Douglas,NE,3,WR,ACT,68,185,4,Liberty
cory-durden,Cory Durden,NE,94,DT,ACT,76,305,2,N.C. State
christian-elliss,Christian Elliss,NE,53,LB,ACT,74,231,5,Idaho
joshua-farmer,Joshua Farmer,NE,92,DT,ACT,75,312,2,Florida State
reggie-gilliam,Reggie Gilliam,NE,44,RB,ACT,73,255,7,Toledo
christian-gonzalez,Christian Gonzalez,NE,,CB,ACT,73,205,4,Oregon
eric-gregory,Eric Gregory,NE,95,DT,DEV,75,319,2,Arkansas
hassan-haskins,Hassan Haskins,NE,26,RB,DEV,74,228,5,Michigan
treveyon-henderson,TreVeyon Henderson,NE,32,RB,ACT,70,202,2,Ohio State
hunter-henry,Hunter Henry,NE,85,TE,ACT,77,249,11,Arkansas
julian-hill,Julian Hill,NE,80,TE,RES,76,251,4,Campbell University
mack-hollins,Mack Hollins,NE,13,WR,ACT,76,221,10,North Carolina
erick-hunter,Erick Hunter,NE,49,LB,ACT,74,225,R,Morgan State
quintayvious-hutchins,Quintayvious Hutchins,NE,45,LB,ACT,75,245,R,Boston College
gabe-jacas,Gabe Jacas,NE,50,LB,ACT,76,261,R,Illinois
khalil-jacobs,Khalil Jacobs,NE,59,LB,RES,73,227,R,Missouri
dre-mont-jones,Dre'Mont Jones,NE,5,DE,ACT,75,268,8,Ohio State
marcus-jones-2,Marcus Jones,NE,25,CB,ACT,68,188,5,Houston
corey-kiner,Corey Kiner,NE,9,RB,ACT,69,210,2,Cincinnati
jake-kubas,Jake Kubas,NE,,G,DEV,76,308,2,North Dakota State
harold-landry,Harold Landry III,NE,2,LB,PUP,74,252,9,Boston College
lan-larison,Lan Larison,NE,34,RB,DEV,71,209,2,UC Davis
cameron-latu,Cameron Latu,NE,36,TE,ACT,77,244,3,Alabama
caleb-lomu,Caleb Lomu,NE,74,OT,ACT,78,313,R,Utah
drake-maye,Drake Maye,NE,10,QB,ACT,76,225,3,North Carolina
lorenz-metz,Lorenz Metz,NE,61,OT,DEV,81,320,1,Cincinnati
myles-montgomery,Myles Montgomery,NE,39,RB,RES,70,205,R,UCF
behren-morton,Behren Morton,NE,15,QB,ACT,74,218,R,Texas Tech
morgan-moses,Morgan Moses,NE,76,OT,ACT,78,320,13,Virginia
darius-muasau,Darius Muasau,NE,54,LB,ACT,73,230,3,UCLA
namdi-obiazor,Namdi Obiazor,NE,48,LB,ACT,75,229,R,TCU
mike-onwenu,Mike Onwenu,NE,71,G,ACT,75,350,7,Michigan
dell-pettus,Dell Pettus,NE,24,SAF,ACT,71,200,3,Troy
jeremiah-pharms-2,Jeremiah Pharms Jr.,NE,98,DT,DEV,75,300,3,Friends U.
elijah-ponder-2,Elijah Ponder,NE,91,LB,ACT,75,261,2,Cal Poly (San Luis Obispo)
karon-prunty,Karon Prunty,NE,21,CB,ACT,74,192,R,Wake Forest
jose-ramirez,Jose Ramirez,NE,,LB,DEV,74,252,1,Eastern Michigan
eli-raridon,Eli Raridon,NE,82,TE,ACT,78,245,R,Notre Dame
jaylen-reed,Jaylen Reed,NE,23,SAF,ACT,72,212,2,Penn State
jacob-rizy,Jacob Rizy,NE,64,C,DEV,77,306,R,Florida State
walter-rouse,Walter Rouse,NE,72,OT,ACT,78,314,3,Oklahoma
brenden-schooler,Brenden Schooler,NE,41,SAF,RSN,73,210,5,Texas
robert-spillane,Robert Spillane,NE,14,LB,ACT,73,234,8,Western Michigan
rhamondre-stevenson,Rhamondre Stevenson,NE,38,RB,ACT,72,227,6,Oklahoma
leonard-taylor-iii,Leonard Taylor III,NE,93,DT,ACT,75,305,3,Miami
greg-van-roten,Greg Van Roten,NE,70,G,ACT,75,305,12,Penn
alijah-vera-tucker,Alijah Vera-Tucker,NE,75,G,ACT,77,308,6,USC
kindle-vildor,Kindle Vildor,NE,28,CB,DEV,71,189,7,Georgia Southern
jeremiah-webb,Jeremiah Webb,NE,29,WR,RES,71,198,1,South Alabama
kyle-williams-5,Kyle Williams,NE,18,WR,ACT,71,190,2,Washington State
milton-williams,Milton Williams,NE,97,DT,ACT,75,290,6,Louisiana Tech
jared-wilson,Jared Wilson,NE,55,C,ACT,75,310,2,Georgia
riley-wilson,Riley Wilson,NE,51,LB,DEV,73,226,R,Arizona
mitch-wishnowsky,Mitch Wishnowsky,NE,,P,DEV,74,220,8,Utah
charles-woods,Charles Woods,NE,22,CB,ACT,71,185,3,SMU
craig-woodson,Craig Woodson,NE,4,SAF,ACT,72,200,2,California
shane-zylstra,Shane Zylstra,NE,,TE,DEV,76,240,5,Minnesota State
braelon-allen,Braelon Allen,NYJ,,RB,ACT,73,235,3,Wisconsin
david-bailey-2,David Bailey,NYJ,31,LB,ACT,75,250,R,Texas Tech
mory-bamba,Mory Bamba,NYJ,38,CB,DEV,74,193,R,BYU
brant-banks,Brant Banks,NYJ,,OT,DEV,79,306,1,Rice
tyler-baron,Tyler Baron,NYJ,94,DE,PUP,76,258,2,Miami
andrew-beck,Andrew Beck,NYJ,47,FB,ACT,75,255,7,Texas
dane-belton,Dane Belton,NYJ,6,SAF,ACT,73,205,5,Iowa
jowon-briggs,Jowon Briggs,NYJ,91,DE,ACT,73,313,3,Cincinnati
tre-brown,Tre Brown,NYJ,30,CB,RES,70,185,6,Oklahoma
jarvis-brownlee-jr,Jarvis Brownlee Jr.,NYJ,2,DB,ACT,70,194,3,Louisville
andre-cisco,Andre Cisco,NYJ,8,SAF,ACT,72,210,6,Syracuse
jordan-clark,Jordan Clark,NYJ,33,CB,DEV,69,184,2,Notre Dame
anez-cooper,Anez Cooper,NYJ,72,G,RSR,77,334,R,Miami
omar-cooper-jr,Omar Cooper Jr.,NYJ,11,WR,ACT,72,199,R,Indiana
demario-davis,Demario Davis,NYJ,56,OLB,ACT,74,239,15,Arkansas State
isaiah-davis,Isaiah Davis,NYJ,32,RB,ACT,73,220,3,South Dakota State
paschal-ekeji,Paschal Ekeji,NYJ,54,DE,DEV,76,230,1,
kingsley-enagbare,Kingsley Enagbare,NYJ,52,LB,ACT,76,258,5,South Carolina
olumuyiwa-fashanu,Olumuyiwa Fashanu,NYJ,74,OT,ACT,78,312,3,Penn State
minkah-fitzpatrick,Minkah Fitzpatrick,NYJ,29,FS,ACT,73,202,9,Alabama
blake-grupe,Blake Grupe,NYJ,4,K,ACT,67,156,4,Notre Dame
breece-hall,Breece Hall,NYJ,20,RB,ACT,71,217,5,Iowa State
jack-heflin,Jack Heflin,NYJ,96,DT,DEV,75,304,2,Iowa
al-jay-henderson,Al-Jay Henderson,NYJ,,RB,DEV,70,216,R,Buffalo
thomas-hennessy,Thomas Hennessy,NYJ,42,LS,ACT,74,246,10,Duke
darrell-jackson-jr,Darrell Jackson Jr.,NYJ,95,DT,ACT,77,315,R,Florida State
kingsley-jonathan,Kingsley Jonathan,NYJ,57,DE,RES,76,260,3,Syracuse
jaden-keller,Jaden Keller,NYJ,48,LB,DEV,75,235,R,Virginia Tech
cade-klubnik,Cade Klubnik,NYJ,10,QB,ACT,74,207,R,Clemson
kohl-levao,Kohl Levao,NYJ,60,OL,DEV,78,350,1,Hawaii
nate-lynn,Nate Lynn,NYJ,92,DE,DEV,75,256,2,William & Mary
francisco-mauigoa,Francisco Mauigoa,NYJ,51,LB,ACT,74,233,2,Miami
malik-mcclain,Malik McClain,NYJ,84,WR,DEV,77,205,R,Arizona State
marcelino-mccrary-ball,Marcelino McCrary-Ball,NYJ,41,LB,ACT,72,214,3,Indiana
will-mcdonald-iv,Will McDonald IV,NYJ,9,DE,ACT,76,245,4,Iowa State
braiden-mcgregor,Braiden McGregor,NYJ,55,DE,ACT,78,267,3,Michigan
austin-mcnamara,Austin McNamara,NYJ,14,P,ACT,76,204,2,Texas Tech
armand-membou,Armand Membou,NYJ,70,OT,ACT,76,332,2,Missouri
jordan-meredith,Jordan Meredith,NYJ,67,G,ACT,74,300,4,Western Kentucky
adonai-mitchell,Adonai Mitchell,NYJ,15,WR,ACT,74,205,3,Texas
max-mitchell,Max Mitchell,NYJ,61,OT,ACT,78,307,5,Louisiana-Lafayette
malachi-moore,Malachi Moore,NYJ,27,SAF,ACT,71,196,2,Alabama
josh-myers,Josh Myers,NYJ,71,C,ACT,77,310,6,Ohio State
xavier-newman-johnson,Xavier Newman-Johnson,NYJ,65,G,DEV,74,297,4,Baylor
kene-nwangwu,Kene Nwangwu,NYJ,3,RB,ACT,73,210,6,Iowa State
chukwuma-okorafor,Chukwuma Okorafor,NYJ,79,OT,ACT,78,320,8,Western Michigan
david-onyemata,David Onyemata,NYJ,93,DT,ACT,75,300,11,Manitoba (Canada)
joseph-ossai,Joseph Ossai,NYJ,46,DE,ACT,76,253,6,Texas
payton-page,Payton Page,NYJ,98,DT,DEV,76,300,1,Clemson
dylan-parham,Dylan Parham,NYJ,64,G,ACT,75,311,5,Memphis
tim-patrick,Tim Patrick,NYJ,17,WR,ACT,77,210,9,Utah
vj-payne,VJ Payne,NYJ,34,SAF,RSR,75,206,R,Kansas State
harrison-phillips,Harrison Phillips,NYJ,97,DT,ACT,75,307,9,Stanford
d-angelo-ponds,D'Angelo Ponds,NYJ,23,CB,ACT,68,182,R,Indiana
jamaal-pritchett,Jamaal Pritchett,NYJ,81,WR,DEV,68,175,1,South Alabama
troy-reeder,Troy Reeder,NYJ,,LB,DEV,75,236,8,Delaware
jeremy-ruckert,Jeremy Ruckert,NYJ,89,TE,ACT,77,250,5,Ohio State
kenyon-sadiq,Kenyon Sadiq,NYJ,16,TE,ACT,75,241,R,Oregon
jason-sanders,Jason Sanders,NYJ,19,K,DEV,71,195,9,New Mexico
jamien-sherwood,Jamien Sherwood,NYJ,44,LB,ACT,74,216,6,Auburn
arian-smith,Arian Smith,NYJ,82,WR,ACT,72,179,2,Georgia
geno-smith,Geno Smith,NYJ,7,QB,ACT,75,221,14,West Virginia
brandon-stephens-3,Brandon Stephens,NYJ,21,CB,ACT,73,215,6,SMU
qwan-tez-stiggers,Qwan'tez Stiggers,NYJ,37,DB,ACT,72,197,3,
t-vondre-sweat,T'Vondre Sweat,NYJ,99,DT,ACT,76,366,3,Texas
mason-taylor,Mason Taylor,NYJ,85,TE,ACT,77,251,2,LSU
azareye-h-thomas,Azareye'h Thomas,NYJ,1,CB,ACT,73,197,2,Florida State
joe-tippmann,Joe Tippmann,NYJ,66,C,ACT,78,313,4,Wisconsin
chip-trayanum,Chip Trayanum,NYJ,40,RB,RES,71,227,R,Toledo
trevin-wallace,Trevin Wallace,NYJ,49,LB,ACT,73,237,3,Kentucky
isaiah-williams-3,Isaiah Williams,NYJ,18,WR,ACT,70,185,3,Illinois
garrett-wilson,Garrett Wilson,NYJ,5,WR,ACT,72,183,5,Ohio State
samuel-womack,Samuel Womack,NYJ,22,CB,DEV,70,189,5,Toledo
jelani-woods,Jelani Woods,NYJ,86,TE,ACT,79,253,5,Virginia
nahshon-wright,Nahshon Wright,NYJ,26,CB,ACT,76,190,6,Oregon State
bailey-zappe,Bailey Zappe,NYJ,4,QB,DEV,73,215,4,Western Kentucky
rasheen-ali,Rasheen Ali,BAL,26,RB,ACT,71,210,3,Marshall
mark-andrews,Mark Andrews,BAL,89,TE,ACT,77,250,9,Oklahoma
aj-arcuri,A.J. Arcuri,BAL,,OT,DEV,79,312,2,Michigan State
chidobe-awuzie,Chidobe Awuzie,BAL,3,CB,ACT,72,202,10,Colorado
rashod-bateman,Rashod Bateman,BAL,7,WR,ACT,73,193,6,Minnesota
rayshaun-benny,Rayshaun Benny,BAL,99,DT,DEV,75,305,R,Michigan
teddye-buchanan,Teddye Buchanan,BAL,40,LB,ACT,74,240,2,California
ethan-burke,Ethan Burke,BAL,45,LB,ACT,78,267,R,Texas
calais-campbell,Calais Campbell,BAL,93,DE,ACT,80,307,19,Miami
gerad-christian-lichtenhan,Gerad Lichtenhan,BAL,78,OT,DEV,80,330,1,Oregon State
josh-cuevas,Josh Cuevas,BAL,85,TE,ACT,75,245,R,Alabama
dominic-deluca,Dominic DeLuca,BAL,42,LB,DEV,73,228,R,Penn State
ryan-eckley,Ryan Eckley,BAL,30,P,ACT,72,205,R,Michigan State
chuma-edoga,Chuma Edoga,BAL,,OT,DEV,76,315,8,USC
joe-fagnano,Joe Fagnano,BAL,12,QB,ACT,75,230,R,Connecticut
zay-flowers,Zay Flowers,BAL,4,WR,ACT,69,183,4,Boston College
mike-green-5,Mike Green,BAL,15,LB,ACT,75,250,2,Marshall
xavier-guillory,Xavier Guillory,BAL,16,WR,DEV,74,203,1,Arizona State
jovaughn-gwyn,Jovaughn Gwyn,BAL,54,G,ACT,74,310,4,South Carolina
kyle-hamilton,Kyle Hamilton,BAL,14,SAF,ACT,76,218,5,Notre Dame
jaylinn-hawkins,Jaylinn Hawkins,BAL,21,SAF,ACT,73,208,7,California
trey-hendrickson,Trey Hendrickson,BAL,91,LB,ACT,76,265,10,Florida Atlantic
derrick-henry,Derrick Henry,BAL,22,RB,ACT,75,252,11,Alabama
matthew-hibner,Matthew Hibner,BAL,88,TE,ACT,76,251,R,SMU
jay-higgins,Jay Higgins,BAL,49,LB,ACT,72,230,2,Iowa
justice-hill,Justice Hill,BAL,43,RB,ACT,70,195,8,Oklahoma State
marlon-humphrey,Marlon Humphrey,BAL,44,CB,ACT,72,200,10,Alabama
tyler-huntley,Tyler Huntley,BAL,5,QB,ACT,73,204,7,Utah
olaivavega-ioane,Olaivavega Ioane,BAL,71,G,ACT,76,326,R,Penn State
adisa-isaac,Adisa Isaac,BAL,50,LB,DEV,76,254,3,Penn State
keondre-jackson,Keondre Jackson,BAL,39,SAF,ACT,74,215,2,Illinois State
lamar-jackson,Lamar Jackson,BAL,8,QB,ACT,74,205,9,Louisville
john-jenkins,John Jenkins,BAL,94,DT,ACT,75,360,14,Georgia
carl-jones,Carl Jones,BAL,48,LB,DEV,72,223,2,UCLA
travis-jones,Travis Jones,BAL,98,DT,ACT,76,338,5,Connecticut
emery-jones-jr,Emery Jones Jr.,BAL,51,OT,ACT,77,325,2,LSU
bilhal-kone,Bilhal Kone,BAL,31,CB,RES,73,190,2,Western Michigan
ja-kobi-lane,Ja'Kobi Lane,BAL,6,WR,ACT,76,205,R,USC
tyler-loop,Tyler Loop,BAL,33,K,ACT,71,191,2,Arizona
nnamdi-madubuike,Nnamdi Madubuike,BAL,92,DT,ACT,75,305,7,Texas A&M
keyon-martin,Keyon Martin,BAL,38,CB,ACT,69,170,2,Louisiana-Lafayette
jake-moody,Jake Moody,BAL,,K,DEV,73,210,4,Michigan
chris-moore,Chris Moore,BAL,17,WR,DEV,73,200,10,Cincinnati
nick-moore,Nick Moore,BAL,46,LS,ACT,74,260,5,Georgia
david-olajiga,David Olajiga,BAL,65,DT,DEV,75,310,1,Central Missouri
aeneas-peebles,Aeneas Peebles,BAL,90,DT,ACT,72,300,2,Virginia Tech
ty-pezza,Ty Pezza,BAL,84,TE,DEV,75,234,R,Brown
danny-pinter,Danny Pinter,BAL,63,G,RES,76,301,6,Ball State
ethan-pocic,Ethan Pocic,BAL,77,C,ACT,78,320,10,LSU
adam-randall,Adam Randall,BAL,23,RB,RES,75,232,R,Clemson
chandler-rivers,Chandler Rivers,BAL,29,CB,ACT,70,189,R,Duke
jahquez-robinson,Jahquez Robinson,BAL,41,SAF,RES,74,201,R,Auburn
tavius-robinson,Tavius Robinson,BAL,95,LB,ACT,78,262,4,Mississippi
roger-rosengarten,Roger Rosengarten,BAL,70,OT,ACT,77,310,3,Washington
kaimon-rucker,Kaimon Rucker,BAL,56,LB,DEV,74,265,1,North Carolina
elijah-sarratt,Elijah Sarratt,BAL,13,WR,ACT,74,215,R,Indiana
john-simpson-2,John Simpson,BAL,74,G,ACT,76,330,7,Clemson
trenton-simpson,Trenton Simpson,BAL,32,LB,ACT,74,242,4,Clemson
roquan-smith,Roquan Smith,BAL,,ILB,ACT,73,235,9,Georgia
durham-smythe,Durham Smythe,BAL,80,TE,ACT,76,248,9,Notre Dame
ronnie-stanley,Ronnie Stanley,BAL,79,OT,ACT,78,310,11,Notre Dame
malaki-starks,Malaki Starks,BAL,24,SAF,ACT,73,205,2,Georgia
t-j-tampa,T.J. Tampa,BAL,27,CB,ACT,73,190,3,Iowa State
skylar-thompson,Skylar Thompson,BAL,11,QB,RES,74,210,5,Kansas State
nick-vannett,Nick Vannett,BAL,,TE,DEV,78,257,11,Ohio State
carson-vinson,Carson Vinson,BAL,76,OT,ACT,79,325,2,Alabama A&M
andrew-vorhees,Andrew Vorhees,BAL,72,G,ACT,78,330,3,USC
devontez-walker,Devontez Walker,BAL,81,WR,ACT,73,198,3,North Carolina
k-von-wallace,K'Von Wallace,BAL,26,SAF,DEV,71,205,6,Clemson
jonathan-ward,Jonathan Ward,BAL,35,RB,DEV,72,202,6,Central Michigan
broderick-washington,Broderick Washington,BAL,96,DT,ACT,74,314,7,Texas Tech
ladarius-webb-jr,Ladarius Webb Jr.,BAL,,DB,DEV,69,168,R,Wake Forest
lajohntay-wester,LaJohntay Wester,BAL,10,WR,ACT,69,180,2,Colorado
nate-wiggins,Nate Wiggins,BAL,2,CB,ACT,73,182,3,Clemson
zion-young,Zion Young,BAL,9,LB,ACT,77,267,R,Missouri
erick-all,Erick All,CIN,83,TE,ACT,77,255,3,Iowa
jonathan-allen,Jonathan Allen,CIN,93,DT,ACT,75,300,10,Alabama
jordan-battle,Jordan Battle,CIN,27,SAF,ACT,73,215,4,Alabama
jacob-bayer,Jacob Bayer,CIN,69,C,ACT,75,310,1,Arkansas State
swayze-bozeman,Swayze Bozeman,CIN,47,LB,ACT,73,224,2,Southern Mississippi
trikweze-bridges,Trikweze Bridges,CIN,,DB,DEV,74,200,2,Florida
tahj-brooks,Tahj Brooks,CIN,25,RB,ACT,69,220,2,Texas Tech
chase-brown,Chase Brown,CIN,30,RB,ACT,70,211,4,Illinois
orlando-brown,Orlando Brown,CIN,75,OT,ACT,80,350,9,Oklahoma
kentrel-bullock,Kentrel Bullock,CIN,31,RB,DEV,70,205,R,South Alabama
oren-burks,Oren Burks,CIN,42,ILB,ACT,75,233,9,Vanderbilt
joe-burrow,Joe Burrow,CIN,9,QB,ACT,76,215,7,LSU
barrett-carter,Barrett Carter,CIN,49,LB,ACT,72,230,2,Clemson
ja-marr-chase,Ja'Marr Chase,CIN,1,WR,ACT,72,205,6,LSU
sean-clifford,Sean Clifford,CIN,4,QB,DEV,74,212,2,Penn State
bryan-cook,Bryan Cook,CIN,6,SAF,ACT,73,210,5,Cincinnati
howard-cross-iii,Howard Cross III,CIN,95,DT,DEV,73,285,2,Notre Dame
jalen-davis,Jalen Davis,CIN,35,CB,ACT,70,186,6,Utah State
tacario-davis,Tacario Davis,CIN,20,CB,ACT,76,194,R,Washington
kyle-dugger,Kyle Dugger,CIN,29,SAF,ACT,73,216,7,Lenoir Rhyne
jack-endries,Jack Endries,CIN,84,TE,ACT,77,245,R,Texas
dylan-fairchild,Dylan Fairchild,CIN,63,G,ACT,77,318,2,Georgia
joe-flacco,Joe Flacco,CIN,16,QB,ACT,78,245,19,Delaware
isaiah-foskey,Isaiah Foskey,CIN,51,DE,DEV,77,280,4,Notre Dame
javon-foster,Javon Foster,CIN,73,OT,ACT,77,319,2,Missouri
blake-freeland,Blake Freeland,CIN,,OT,DEV,79,302,4,BYU
mike-gesicki,Mike Gesicki,CIN,88,TE,ACT,78,245,9,Penn State
joe-giles-harris,Joe Giles-Harris,CIN,43,LB,DEV,74,234,3,Duke
shaka-heyward,Shaka Heyward,CIN,50,LB,DEV,75,238,3,Duke
tee-higgins,Tee Higgins,CIN,5,WR,ACT,76,219,7,Clemson
b-j-hill,B.J. Hill,CIN,92,DT,ACT,75,311,9,N.C. State
dax-hill,Daxton Hill,CIN,23,DB,ACT,72,195,5,Michigan
myles-hinton,Myles Hinton,CIN,77,OT,ACT,78,342,2,Michigan
cashius-howell,Cashius Howell,CIN,55,DE,ACT,76,255,R,Texas A&M
tanner-hudson,Tanner Hudson,CIN,87,TE,DEV,77,241,7,Southern Arkansas
andrei-iosivas,Andrei Iosivas,CIN,80,WR,ACT,75,210,4,Princeton
d-j-ivey,D.J. Ivey,CIN,38,CB,ACT,73,192,4,Miami
kris-jenkins-2,Kris Jenkins,CIN,90,DT,ACT,75,310,3,Michigan
josh-johnson,Josh Johnson,CIN,11,QB,DEV,75,219,14,San Diego
cedric-johnson,Cedric Johnson,CIN,52,DE,ACT,75,264,3,Mississippi
pj-jules,PJ Jules,CIN,37,SAF,ACT,72,203,2,Southern Illinois
ted-karras,Ted Karras,CIN,64,C,ACT,76,310,11,Illinois
demetrius-knight-jr,Demetrius Knight Jr.,CIN,44,LB,ACT,74,240,2,South Carolina
dexter-lawrence,Dexter Lawrence,CIN,97,DT,ACT,77,350,8,Clemson
connor-lew,Connor Lew,CIN,65,C,ACT,76,310,R,Auburn
bralyn-lux,Bralyn Lux,CIN,21,DB,DEV,70,180,1,Texas Tech
boye-mafe,Boye Mafe,CIN,53,DE,ACT,76,265,5,Minnesota
evan-mcpherson,Evan McPherson,CIN,2,K,ACT,71,185,6,Florida
dohnte-meyers,Dohnte Meyers,CIN,81,WR,ACT,71,186,1,Delta State University
kendall-milton,Kendall Milton,CIN,36,RB,DEV,73,230,1,Georgia
amarius-mims,Amarius Mims,CIN,71,OT,ACT,80,350,3,Georgia
jordan-moore-2,Jordan Moore,CIN,14,WR,DEV,72,191,1,Duke
myles-murphy,Myles Murphy,CIN,99,DE,ACT,77,275,4,Clemson
josh-newton,Josh Newton,CIN,28,CB,ACT,71,190,3,TCU
brian-parker-ii,Brian Parker II,CIN,62,OT,RSR,77,310,R,Duke
samaje-perine,Samaje Perine,CIN,34,RB,ACT,70,240,10,Oklahoma
garmon-randolph,Garmon Randolph,CIN,,LB,DEV,80,260,1,Baylor
ryan-rehkow,Ryan Rehkow,CIN,8,P,ACT,77,235,3,BYU
dalton-risner,Dalton Risner,CIN,66,G,ACT,77,312,8,Kansas State
jalen-rivers,Jalen Rivers,CIN,74,G,ACT,77,319,2,Miami
landon-robinson,Landon Robinson,CIN,96,DT,ACT,72,295,R,Navy
drew-sample,Drew Sample,CIN,89,TE,ACT,77,260,8,Washington
tj-slaton,Tedarrell Slaton,CIN,98,DT,ACT,77,340,6,Florida
shemar-stewart,Shemar Stewart,CIN,94,DE,ACT,77,267,2,Texas A&M
ja-sir-taylor,Ja'Sir Taylor,CIN,26,CB,RSR,70,185,5,Wake Forest
noah-thomas,Noah Thomas,CIN,17,WR,DEV,77,203,R,Georgia
dj-turner-2,DJ Turner II,CIN,,CB,ACT,71,185,4,Michigan
william-wagner,William Wagner,CIN,46,LS,ACT,74,240,2,Michigan
ke-shawn-williams,Ke'Shawn Williams,CIN,12,WR,ACT,69,189,2,Indiana
russ-yeast,Russ Yeast,CIN,22,SAF,DEV,70,195,3,Kansas State
colbie-young,Colbie Young,CIN,86,WR,ACT,76,218,R,Georgia
austin-barber,Austin Barber,CLE,58,OT,ACT,79,320,R,Florida
derek-barnett,Derek Barnett,CLE,97,DE,ACT,75,259,10,Tennessee
mekhi-blackmon,Mekhi Blackmon,CLE,29,DB,ACT,71,178,4,USC
corey-bojorquez,Corey Bojorquez,CLE,13,P,ACT,72,217,9,New Mexico
isaiah-bond,Isaiah Bond,CLE,,WR,ACT,71,180,2,Texas
denzel-boston,Denzel Boston,CLE,12,WR,ACT,76,215,R,Washington
parker-brailsford,Parker Brailsford,CLE,52,C,ACT,74,290,R,Alabama
myles-bryant,Myles Bryant,CLE,27,CB,DEV,69,192,7,Washington
michael-burton,Michael Burton,CLE,34,FB,ACT,72,247,12,Rutgers
tyson-campbell,Tyson Campbell,CLE,7,CB,ACT,73,195,6,Georgia
elijah-chatman,Elijah Chatman,CLE,62,DT,RES,72,278,2,SMU
michael-coats-jr,Michael Coats Jr.,CLE,,CB,DEV,70,185,R,West Virginia
maliek-collins,Maliek Collins,CLE,96,DT,ACT,74,310,11,Nebraska
kc-concepcion,KC Concepcion,CLE,1,WR,ACT,72,190,R,Texas A&M
malachi-corley,Malachi Corley,CLE,11,WR,ACT,71,215,3,Western Kentucky
kalia-davis,Kalia Davis,CLE,93,DT,RES,74,310,5,UCF
grant-delpit,Grant Delpit,CLE,9,SAF,ACT,75,208,7,LSU
logan-fano,Logan Fano,CLE,99,DE,DEV,77,252,R,Utah
harold-fannin-jr,Harold Fannin Jr.,CLE,44,TE,ACT,76,241,2,Bowling Green
spencer-fano,Spencer Fano,CLE,55,OT,ACT,78,315,R,Utah
dillon-gabriel,Dillon Gabriel,CLE,6,QB,RSR,71,205,2,Oregon
mason-graham,Mason Graham,CLE,94,DT,ACT,76,315,2,Michigan
kendrick-green,Kendrick Green,CLE,53,G,RES,76,315,5,Illinois
taylen-green,Taylen Green,CLE,15,QB,ACT,78,230,R,Arkansas
michael-hall-jr,Mike Hall Jr.,CLE,51,DT,ACT,75,300,3,Ohio State
myles-harden,Myles Harden,CLE,26,CB,ACT,71,195,3,South Dakota
ronnie-hickman-jr,Ronnie Hickman Jr.,CLE,33,SAF,ACT,73,209,4,Ohio State
tytus-howard-x1979,Tytus Howard,CLE,71,OT,ACT,77,320,8,Alabama State
adin-huntington,Adin Huntington,CLE,98,DE,ACT,73,281,2,Tulane
noah-igbinoghene,Noah Igbinoghene,CLE,,CB,ACT,71,197,7,Auburn
justin-jefferson-2,Justin Jefferson,CLE,17,LB,ACT,72,223,R,Alabama
elgton-jenkins,Elgton Jenkins,CLE,74,C,ACT,77,311,8,Mississippi State
teven-jenkins,Teven Jenkins,CLE,78,G,ACT,78,320,6,Oklahoma State
jerry-jeudy,Jerry Jeudy,CLE,3,WR,ACT,73,195,7,Alabama
zion-johnson,Zion Johnson,CLE,77,G,ACT,75,316,5,Boston College
dawand-jones,Dawand Jones,CLE,79,OT,ACT,80,375,4,Ohio State
quinshon-judkins,Quinshon Judkins,CLE,10,RB,ACT,72,221,2,Ohio State
sam-kamara,Sam Kamara,CLE,92,DT,DEV,72,272,4,Stony Brook
kt-leveston,KT Leveston,CLE,72,OT,DEV,76,335,3,Kansas State
zion-logue,Zion Logue,CLE,,DT,DEV,78,325,1,Georgia
easton-mascarenas-arnold,Easton Mascarenas-Arnold,CLE,42,LB,ACT,71,226,2,USC
damarri-mathis,Damarri Mathis,CLE,37,DB,RES,71,195,5,Pittsburgh
isaiah-mcguire,Isaiah McGuire,CLE,57,DE,ACT,76,268,4,Missouri
jaleel-mclaughlin,Jaleel McLaughlin,CLE,,RB,DEV,69,183,4,Youngstown State
donovan-mcmillon-2,Donovan McMillon,CLE,31,SAF,ACT,74,203,2,Pittsburgh
emmanuel-mcneil-warren,Emmanuel McNeil-Warren,CLE,28,SAF,ACT,75,210,R,Toledo
bub-means,Bub Means,CLE,,WR,DEV,74,215,3,Pittsburgh
jeremiah-owusu-koramoah,Jeremiah Owusu-Koramoah,CLE,6,LB,PUP,74,221,6,Notre Dame
toriano-pride-jr,Toriano Pride Jr.,CLE,35,CB,ACT,70,185,R,Missouri
winston-reid,Winston Reid,CLE,59,LB,ACT,72,225,3,Weber State
d-angelo-ross,D'Angelo Ross,CLE,37,CB,DEV,69,190,5,New Mexico
joe-royer,Joe Royer,CLE,18,TE,RSN,77,250,R,Cincinnati
carsen-ryan,Carsen Ryan,CLE,48,TE,ACT,75,255,R,BYU
dylan-sampson,Dylan Sampson,CLE,22,RB,ACT,68,201,2,Tennessee
raheim-sanders,Raheim Sanders,CLE,23,RB,ACT,72,230,2,South Carolina
shedeur-sanders,Shedeur Sanders,CLE,2,QB,ACT,74,212,2,Colorado
carson-schwesinger,Carson Schwesinger,CLE,49,LB,ACT,75,242,2,UCLA
rex-sunahara,Rex Sunahara,CLE,50,LS,ACT,78,242,3,West Virginia
messiah-swinson,Messiah Swinson,CLE,,TE,DEV,79,259,1,Arizona State
khordae-sydnor,Khordae Sydnor,CLE,90,DE,DEV,76,264,R,Vanderbilt
andre-szmyt,Andre Szmyt,CLE,25,K,ACT,72,200,2,Syracuse
daniel-thomas-2,Daniel Thomas,CLE,24,SAF,ACT,70,215,7,Auburn
nadame-tucker,Nadame Tucker,CLE,,DE,DEV,75,250,R,Western Michigan
edefuan-ulofoshio,Edefuan Ulofoshio,CLE,54,LB,RES,73,240,2,Washington
jared-verse,Jared Verse,CLE,8,DE,ACT,76,260,3,Florida State
tylan-wallace,Tylan Wallace,CLE,16,WR,ACT,71,200,6,Oklahoma State
denzel-ward,Denzel Ward,CLE,21,CB,ACT,71,190,9,Ohio State
zion-washington,Zion Washington,CLE,30,SAF,DEV,73,208,R,Boise State
deshaun-watson,Deshaun Watson,CLE,4,QB,ACT,75,223,10,Clemson
nathaniel-watson,Nathaniel Watson,CLE,40,LB,DEV,72,233,3,Mississippi State
blake-whiteheart,Blake Whiteheart,CLE,86,TE,ACT,76,250,4,Wake Forest
chris-williams-5,Chris Williams,CLE,61,DT,DEV,74,298,5,Wagner
quincy-williams,Quincy Williams,CLE,5,LB,ACT,71,230,8,Murray State
sam-williams-4,Sam Williams,CLE,54,DE,ACT,76,261,5,Mississippi
kole-wilson,Kole Wilson,CLE,87,WR,DEV,67,177,R,Baylor
alex-wright,Alex Wright,CLE,91,DE,RES,77,267,5,UAB
luke-wypler,Luke Wypler,CLE,56,C,ACT,75,303,4,Ohio State
zak-zinter,Zak Zinter,CLE,70,G,ACT,78,310,3,Michigan
drew-allar,Drew Allar,PIT,16,QB,ACT,77,228,R,Penn State
spencer-anderson,Spencer Anderson,PIT,74,G,ACT,77,305,4,Maryland
kyler-baugh,Kyler Baugh,PIT,65,DT,DEV,74,305,1,Minnesota
keeanu-benton,Keeanu Benton,PIT,95,DT,ACT,76,309,4,Wisconsin
germie-bernard,Germie Bernard,PIT,17,WR,ACT,73,206,R,Alabama
yahya-black,Yahya Black,PIT,94,DE,ACT,77,330,2,Iowa
chris-boswell,Chris Boswell,PIT,9,K,ACT,74,185,12,Rice
jaquan-brisker-x6231,Jaquan Brisker,PIT,3,SAF,ACT,73,204,5,Penn State
carson-bruener,Carson Bruener,PIT,44,LB,ACT,73,227,2,Washington
cole-burgess,Cole Burgess,PIT,85,WR,RES,73,192,1,Cortland State Of New York
sebastian-castro,Sebastian Castro,PIT,49,SAF,DEV,71,203,2,Iowa
dylan-cook,Dylan Cook,PIT,60,OT,ACT,78,305,3,Montana
jamel-dean,Jamel Dean,PIT,35,CB,ACT,73,206,8,Auburn
rico-dowdle,Rico Dowdle,PIT,13,RB,ACT,71,218,7,South Carolina
jack-driscoll,Jack Driscoll,PIT,68,OT,RSR,77,312,6,Auburn
gennings-dunker,Gennings Dunker,PIT,73,G,ACT,77,319,R,Iowa
brandin-echols,Brandin Echols,PIT,26,CB,ACT,70,179,6,Kentucky
deshon-elliott,DeShon Elliott,PIT,25,SAF,RSR,73,210,9,Texas
daylen-everette,Daylen Everette,PIT,23,CB,ACT,73,196,R,Georgia
troy-fautanu,Troy Fautanu,PIT,76,OT,ACT,76,317,3,Washington
bishop-fitzgerald,Bishop Fitzgerald,PIT,,SAF,DEV,71,205,R,USC
zach-frazier,Zach Frazier,PIT,54,C,ACT,75,310,3,West Virginia
pat-freiermuth,Pat Freiermuth,PIT,88,TE,ACT,77,258,6,Penn State
daequan-hardy,Daequan Hardy,PIT,,CB,RES,69,178,1,Penn State
derrick-harmon-2,Derrick Harmon,PIT,99,DT,ACT,76,313,2,Oregon
eli-heidenreich,Eli Heidenreich,PIT,29,RB,ACT,72,198,R,Navy
nick-herbig,Nick Herbig,PIT,51,LB,ACT,74,240,4,Wisconsin
cameron-heyward,Cameron Heyward,PIT,97,DE,ACT,77,295,16,Ohio State
alex-highsmith,Alex Highsmith,PIT,56,LB,ACT,76,242,7,Charlotte
brock-hoffman,Brock Hoffman,PIT,67,C,ACT,76,318,5,Virginia Tech
cole-holcomb,Cole Holcomb,PIT,55,LB,ACT,73,240,8,North Carolina
travis-homer,Travis Homer,PIT,21,RB,DEV,70,202,8,Miami
will-howard,Will Howard,PIT,18,QB,ACT,76,235,2,Ohio State
max-hurleman,Max Hurleman,PIT,84,RB,DEV,71,200,1,Notre Dame
max-iheanachor,Max Iheanachor,PIT,71,OT,ACT,78,321,R,Arizona State
rayshawn-jenkins,Rayshawn Jenkins,PIT,20,DB,ACT,73,220,10,Miami
kevin-jobity-jr,Kevin Jobity Jr.,PIT,92,DT,ACT,76,300,R,Syracuse
brandon-johnson-3,Brandon Johnson,PIT,,WR,DEV,74,195,3,UCF
cameron-johnston,Cameron Johnston,PIT,19,P,ACT,71,194,9,Ohio State
steven-jones-2,Steven Jones,PIT,79,G,DEV,77,340,1,Oregon
sebastian-joseph-day,Sebastian Joseph-Day,PIT,69,DT,ACT,76,310,8,Rutgers
donte-kent,Donte Kent,PIT,34,CB,PUP,70,189,2,Central Michigan
christian-kuntz,Christian Kuntz,PIT,46,LS,ACT,73,228,6,Duquesne
logan-lee,Logan Lee,PIT,91,DT,RES,77,286,3,Iowa
ryan-mccollum,Ryan McCollum,PIT,62,C,ACT,77,300,4,Texas A&M
mason-mccormick,Mason McCormick,PIT,66,G,ACT,77,315,3,South Dakota State
lake-mcree,Lake McRee,PIT,81,TE,DEV,76,243,R,USC
d-k-metcalf,DK Metcalf,PIT,4,WR,ACT,76,235,8,Mississippi
doug-nester,Doug Nester,PIT,72,G,DEV,78,306,1,West Virginia
lew-nichols-iii,Lew Nichols III,PIT,31,RB,DEV,70,220,1,Central Michigan
riley-nowakowski,Riley Nowakowski,PIT,37,FB,ACT,74,250,R,Indiana
esezi-otomewo,Esezi Otomewo,PIT,93,DT,DEV,77,282,4,Minnesota
michael-pittman-2,Michael Pittman,PIT,11,WR,ACT,76,223,7,USC
joey-porter-jr,Joey Porter Jr.,PIT,24,CB,ACT,74,194,4,Penn State
patrick-queen,Patrick Queen,PIT,6,LB,ACT,72,230,7,LSU
jalen-ramsey,Jalen Ramsey,PIT,5,CB,ACT,73,208,11,Florida State
aaron-rodgers,Aaron Rodgers,PIT,8,QB,ACT,74,223,22,California
gabe-rubio,Gabe Rubio,PIT,96,DE,ACT,77,321,R,Notre Dame
mason-rudolph,Mason Rudolph,PIT,2,QB,ACT,77,235,9,Oklahoma State
asante-samuel-jr,Asante Samuel Jr.,PIT,22,CB,ACT,70,180,6,Florida State
jack-sawyer,Jack Sawyer,PIT,33,LB,ACT,76,260,2,Ohio State
ben-skowronek,Ben Skowronek,PIT,15,WR,ACT,75,224,6,Notre Dame
doneiko-slaughter,Doneiko Slaughter,PIT,40,DB,DEV,72,190,1,Arkansas
brandon-smith-x2335,Brandon Smith,PIT,87,WR,DEV,74,220,1,Iowa
robert-spears-jennings,Robert Spears-Jennings,PIT,28,SAF,ACT,73,205,R,Oklahoma
bradyn-swinson,Bradyn Swinson,PIT,,LB,DEV,76,255,2,LSU
robert-tonyan,Robert Tonyan,PIT,85,TE,ACT,77,240,8,Indiana State
car-lin-vigers,Car'lin Vigers,PIT,,DB,DEV,74,200,1,Louisiana-Monroe
jaylen-warren,Jaylen Warren,PIT,30,RB,ACT,68,215,5,Oklahoma State
darnell-washington,Darnell Washington,PIT,80,TE,ACT,79,265,4,Georgia
t-j-watt,T.J. Watt,PIT,90,OLB,ACT,76,252,10,Wisconsin
julius-welschof,Julius Welschof,PIT,45,LB,DEV,78,265,1,Charlotte
kaden-wetjen,Kaden Wetjen,PIT,10,WR,ACT,69,196,R,Iowa
payton-wilson,Payton Wilson,PIT,41,LB,ACT,76,242,3,N.C. State
roman-wilson,Roman Wilson,PIT,14,WR,ACT,72,192,3,Michigan
jacoby-windmon,Jacoby Windmon,PIT,53,LB,DEV,74,250,2,Michigan State
azeez-al-shaair,Azeez Al-Shaair,HOU,,LB,ACT,74,228,8,Florida Atlantic
will-anderson-jr,Will Anderson Jr.,HOU,51,DE,ACT,76,243,4,Alabama
jake-andrews,Jake Andrews,HOU,60,C,ACT,75,308,4,Troy
reed-blankenship,Reed Blankenship,HOU,6,SAF,ACT,73,203,5,Middle Tennessee State
lewis-bond,Lewis Bond,HOU,82,WR,DEV,71,190,R,Boston College
kayshon-boutte,Kayshon Boutte,HOU,14,WR,ACT,71,203,4,LSU
chris-braswell,Chris Braswell,HOU,,LB,DEV,75,255,3,Alabama
austin-brinkman,Austin Brinkman,HOU,40,LS,ACT,76,241,2,West Virginia
british-brooks,British Brooks,HOU,44,RB,ACT,71,225,3,North Carolina
evan-brown,Evan Brown,HOU,63,C,ACT,75,320,8,SMU
trent-brown,Trent Brown,HOU,77,OT,ACT,80,380,12,Florida
calen-bullock,Calen Bullock,HOU,2,SAF,ACT,75,190,3,USC
solomon-byrd,Solomon Byrd,HOU,50,DE,RES,75,250,1,USC
jadeveon-clowney,Jadeveon Clowney,HOU,90,DE,ACT,77,266,13,South Carolina
nico-collins,Nico Collins,HOU,12,WR,ACT,76,222,6,Michigan
jaden-crumedy,Jaden Crumedy,HOU,,DT,ACT,76,309,3,Mississippi State
tank-dell,Tank Dell,HOU,1,WR,RSR,70,165,4,Houston
mario-edwards,Mario Edwards,HOU,97,DT,ACT,75,280,11,Florida State
aireontae-ersery,Aireontae Ersery,HOU,79,OT,ACT,78,330,2,Minnesota
ka-imi-fairbairn,Ka'imi Fairbairn,HOU,15,K,ACT,72,183,11,UCLA
aiden-fisher,Aiden Fisher,HOU,59,LB,ACT,73,231,R,Indiana
blake-fisher,Blake Fisher,HOU,57,OT,ACT,78,312,3,Notre Dame
ali-gaye,Ali Gaye,HOU,95,DE,RES,78,265,3,LSU
gavin-gerhardt,Gavin Gerhardt,HOU,,C,DEV,76,235,R,Cincinnati
mark-gronowski,Mark Gronowski,HOU,,QB,DEV,74,226,R,Iowa
sam-hagen,Sam Hagen,HOU,76,OT,RES,78,320,R,South Dakota State
bryce-hall,Bryce Hall,HOU,34,CB,DEV,73,202,6,Virginia
logan-hall,Logan Hall,HOU,96,DE,ACT,78,283,5,Houston
jake-hansen,Jake Hansen,HOU,35,LB,ACT,73,230,5,Illinois
sabastian-harsh,Sabastian Harsh,HOU,54,DE,ACT,74,255,R,N.C. State
jayden-higgins,Jayden Higgins,HOU,81,WR,RES,76,215,2,Iowa State
jamal-hill,Jamal Hill,HOU,56,LB,DEV,72,226,3,Oregon
dylan-horton,Dylan Horton,HOU,92,DE,RES,76,275,4,TCU
jake-hummel,Jacob Hummel,HOU,33,LB,ACT,73,229,5,Iowa State
danielle-hunter,Danielle Hunter,HOU,55,DE,ACT,77,263,12,LSU
xavier-hutchinson,Xavier Hutchinson,HOU,19,WR,ACT,75,210,4,Iowa State
alijah-huzzie,Alijah Huzzie,HOU,28,CB,DEV,70,195,1,North Carolina
ed-ingram,Ed Ingram,HOU,69,G,ACT,75,307,5,LSU
ja-marcus-ingram,Ja'Marcus Ingram,HOU,20,CB,RSR,74,190,3,Buffalo
brevin-jordan,Brevin Jordan,HOU,9,TE,ACT,75,245,6,Miami
jawhar-jordan,Jawhar Jordan,HOU,25,RB,DEV,70,186,1,Louisville
josh-kelly,Josh Kelly,HOU,85,WR,DEV,73,192,1,Texas Tech
marlin-klein,Marlin Klein,HOU,83,TE,ACT,78,250,R,Michigan
kai-kroeger,Kai Kroeger,HOU,38,P,ACT,76,213,2,South Carolina
kamari-lassiter,Kamari Lassiter,HOU,3,CB,ACT,72,180,3,Georgia
woody-marks,Woody Marks,HOU,4,RB,ACT,70,208,2,USC
kayden-mcdonald,Kayden McDonald,HOU,93,DT,RES,75,326,R,Ohio State
graham-mertz,Graham Mertz,HOU,18,QB,RES,74,216,2,Florida
davis-mills,Davis Mills,HOU,10,QB,ACT,76,225,6,Stanford
zaire-mitchell-paden,Zaire Mitchell-Paden,HOU,,TE,DEV,77,257,1,Florida Atlantic
david-montgomery,David Montgomery,HOU,32,RB,ACT,71,230,8,Iowa State
foster-moreau,Foster Moreau,HOU,87,TE,ACT,76,250,8,LSU
james-neal-iii,James Neal III,HOU,70,OT,DEV,78,325,R,Iowa State
jaylin-noel,Jaylin Noel,HOU,13,WR,ACT,71,200,2,Iowa State
febechi-nwaiwu,Febechi Nwaiwu,HOU,64,G,ACT,76,319,R,Oklahoma
george-odum,George Odum,HOU,,DB,DEV,73,202,9,Central Arkansas
k-c-ossai,K.C. Ossai,HOU,52,LB,RES,74,241,1,Louisiana
max-pircher,Max Pircher,HOU,,OT,DEV,79,325,1,
jalen-pitre,Jalen Pitre,HOU,5,SAF,ACT,72,200,5,Baylor
kamari-ramsey,Kamari Ramsey,HOU,27,SAF,ACT,72,204,R,USC
sheldon-rankins,Sheldon Rankins,HOU,98,DT,ACT,74,305,11,Louisville
dominique-robinson,Dominique Robinson,HOU,94,DE,ACT,77,275,5,Miami (Ohio)
keylan-rutledge,Keylan Rutledge,HOU,66,G,ACT,76,320,R,Georgia Tech
dalton-schultz,Dalton Schultz,HOU,86,TE,ACT,77,242,9,Stanford
braden-smith,Braden Smith,HOU,71,OT,RES,78,312,9,Auburn
jaylin-smith,Jaylin Smith,HOU,22,CB,ACT,71,190,2,USC
tremon-smith,Tremon Smith,HOU,11,CB,ACT,72,190,9,Central Arkansas
daniel-sobkowicz,Daniel Sobkowicz,HOU,89,WR,DEV,75,205,R,Illinois State
e-j-speed,E.J. Speed,HOU,45,LB,PUP,76,227,8,Tarleton State
m-j-stewart,M.J. Stewart,HOU,29,SAF,PUP,71,205,9,North Carolina
derek-stingley-jr,Derek Stingley Jr.,HOU,24,CB,ACT,73,195,5,LSU
cade-stover,Cade Stover,HOU,8,TE,ACT,76,251,3,Ohio State
c-j-stroud,C.J. Stroud,HOU,7,QB,ACT,75,218,4,Ohio State
junior-tafuna,Junior Tafuna,HOU,91,DT,DEV,75,305,1,Utah
wyatt-teller,Wyatt Teller,HOU,75,G,ACT,76,315,9,Virginia Tech
nathan-thomas,Nathan Thomas,HOU,78,OT,ACT,77,330,3,Louisiana-Lafayette
mitchell-tinsley,Mitchell Tinsley,HOU,,WR,DEV,73,205,3,Penn State
tommy-togiai,Tommy Togiai,HOU,72,DT,ACT,74,296,5,Ohio State
henry-to-oto-o,Henry To'oTo'o,HOU,39,LB,ACT,74,228,4,Alabama
jared-wayne,Jared Wayne,HOU,17,WR,ACT,75,210,1,Pittsburgh
noah-whittington,Noah Whittington,HOU,26,RB,DEV,68,203,R,Oregon
wade-woodaz,Wade Woodaz,HOU,30,LB,ACT,76,235,R,Clemson
collin-wright,Collin Wright,HOU,37,CB,ACT,72,195,R,Stanford
adetomiwa-adebawore,Adetomiwa Adebawore,IND,95,DT,ACT,74,282,4,Northwestern
austin-ajiake,Austin Ajiake,IND,58,LB,ACT,73,223,2,UNLV
mo-alie-cox,Mo Alie-Cox,IND,81,TE,ACT,77,267,9,Virginia Commonwealth Univ.
cj-allen,CJ Allen,IND,53,LB,ACT,72,230,R,Georgia
keenan-allen,Keenan Allen,IND,10,WR,ACT,74,211,14,California
cameron-ball,Cameron Ball,IND,92,DT,DEV,75,310,R,Arkansas
bryce-boettcher,Bryce Boettcher,IND,50,LB,ACT,73,230,R,Oregon
davon-booth,Davon Booth,IND,,RB,DEV,70,205,R,Mississippi State
tanor-bortolini,Tanor Bortolini,IND,60,C,ACT,76,303,3,Wisconsin
pharaoh-brown,Pharaoh Brown,IND,49,TE,DEV,77,246,9,Oregon
deforest-buckner,DeForest Buckner,IND,99,DT,ACT,79,295,11,Oregon
deion-burks,Deion Burks,IND,80,WR,ACT,69,180,R,Oklahoma
camryn-bynum,Camryn Bynum,IND,,SAF,ACT,72,200,6,California
jaylon-carlies,Jaylon Carlies,IND,57,LB,ACT,75,227,3,Missouri
rob-carter-jr,Rob Carter Jr.,IND,39,CB,DEV,70,175,1,Robert Morris
anderson-castle,Anderson Castle,IND,42,RB,DEV,72,220,R,Duke
tahj-chambers,Tahj Chambers,IND,44,LB,ACT,74,230,R,Mississippi
micheal-clemons,Micheal Clemons,IND,72,DE,ACT,77,263,5,Texas A&M
caden-curry,Caden Curry,IND,55,DE,ACT,74,257,R,Ohio State
akeem-davis-gaither,Akeem Davis-Gaither,IND,51,LB,ACT,74,238,7,Appalachian State
josh-downs,Josh Downs,IND,2,WR,ACT,69,171,4,North Carolina
ashton-dulin,Ashton Dulin,IND,16,WR,ACT,74,215,8,Malone
johnathan-edwards,Johnathan Edwards,IND,35,DB,ACT,73,200,2,Tulane
jalen-farmer,Jalen Farmer,IND,62,G,ACT,76,312,R,Kentucky
kenny-fletcher-jr,Kenny Fletcher Jr.,IND,,TE,DEV,75,252,R,Rutgers
sauce-gardner,Sauce Gardner,IND,1,CB,ACT,75,190,5,Cincinnati
dj-giddens,DJ Giddens,IND,21,RB,ACT,73,212,2,Kansas State
matt-goncalves,Matt Goncalves,IND,71,G,ACT,78,317,3,Pittsburgh
anthony-gould,Anthony Gould,IND,6,WR,DEV,68,174,3,Oregon State
george-gumbs-jr,George Gumbs Jr.,IND,52,DE,ACT,76,245,R,Florida
kapena-gushiken,Kapena Gushiken,IND,34,CB,ACT,69,189,R,Mississippi
kenneth-harris-2,Kenneth Harris,IND,33,CB,DEV,72,195,R,Oklahoma State
a-j-haulcy,A.J. Haulcy,IND,25,SAF,ACT,71,215,R,LSU
reid-holskey,Reid Holskey,IND,,OT,DEV,78,306,1,Miami (Ohio)
daniel-jones-x5302,Daniel Jones,IND,17,QB,ACT,77,230,8,Duke
arden-key,Arden Key,IND,98,DE,ACT,77,240,9,LSU
laiatu-latu,Laiatu Latu,IND,97,DE,ACT,77,265,3,UCLA
riley-leonard,Riley Leonard,IND,15,QB,ACT,76,213,2,Notre Dame
will-mallory,Will Mallory,IND,86,TE,RSR,76,239,4,Miami
roy-mbaeteka,Roy Mbaeteka,IND,78,OT,DEV,80,330,1,
seth-mcgowan,Seth McGowan,IND,20,RB,ACT,73,223,R,Kentucky
mitchell-melton,Mitchell Melton,IND,54,DE,DEV,75,253,R,Virginia
cameron-mitchell,Cameron Mitchell,IND,43,DB,RES,71,191,4,Northwestern
d-j-montgomery,D.J. Montgomery,IND,2,WR,RES,73,201,5,Austin Peay
quenton-nelson,Quenton Nelson,IND,56,G,ACT,77,330,9,Notre Dame
andrew-ogletree,Andrew Ogletree,IND,85,TE,ACT,77,260,5,Youngstown State
jonathan-owens,Jonathan Owens,IND,38,SAF,ACT,71,204,8,Missouri Western
alec-pierce,Alec Pierce,IND,14,WR,ACT,75,211,5,Cincinnati
bernhard-raimann,Bernhard Raimann,IND,79,OT,ACT,78,303,5,Central Michigan
luke-rhodes,Luke Rhodes,IND,46,LS,ACT,74,238,10,William & Mary
anthony-richardson,Anthony Richardson,IND,5,QB,ACT,76,244,4,Florida
nolan-rucci,Nolan Rucci,IND,76,OT,DEV,80,314,R,Penn State
rigoberto-sanchez,Rigoberto Sanchez,IND,8,P,ACT,72,195,10,Hawaii
daniel-scott,Daniel Scott,IND,32,SAF,DEV,73,208,4,California
spencer-shrader,Spencer Shrader,IND,3,K,ACT,74,201,3,Notre Dame
josh-sills,Josh Sills,IND,66,G,DEV,78,325,3,Oklahoma State
tim-smith-4,Tim Smith,IND,93,DT,ACT,76,306,1,Alabama
grover-stewart,Grover Stewart,IND,90,DT,ACT,76,315,10,Albany State (GA)
jonathan-taylor,Jonathan Taylor,IND,28,RB,ACT,70,226,7,Wisconsin
cam-taylor-britt,Cam Taylor-Britt,IND,29,CB,SUS,71,200,5,Nebraska
luke-tenuta,Luke Tenuta,IND,67,OT,ACT,80,315,4,Virginia Tech
jerry-tillery,Jerry Tillery,IND,94,DT,ACT,78,295,8,Notre Dame
carson-towt,Carson Towt,IND,45,TE,RES,79,242,R,Notre Dame
jalen-travis,Jalen Travis,IND,75,OT,ACT,80,339,2,Iowa State
laquon-treadwell,Laquon Treadwell,IND,13,WR,ACT,74,215,10,Mississippi
dalton-tucker,Dalton Tucker,IND,68,G,ACT,78,307,3,Marshall
jt-tuimoloau,Jaylahn Tuimoloau,IND,91,DE,ACT,76,264,2,Ohio State
sedrick-van-pran-granger,Sedrick Van Pran-Granger,IND,63,C,ACT,76,315,3,Georgia
justin-walley,Justin Walley,IND,27,CB,ACT,71,190,2,Minnesota
charvarius-ward,Charvarius Ward,IND,7,CB,ACT,73,196,9,Middle Tennessee State
tyler-warren,Tyler Warren,IND,84,TE,ACT,78,256,2,Penn State
trey-washington,Trey Washington,IND,41,SAF,DEV,70,205,1,Mississippi
west-weeks,West Weeks,IND,47,LB,DEV,73,230,R,LSU
nick-westbrook-ikhine,Nick Westbrook-Ikhine,IND,12,WR,DEV,74,211,7,Indiana
hunter-wohler,Hunter Wohler,IND,30,SAF,ACT,74,213,2,Wisconsin
ameer-abdullah,Ameer Abdullah,JAX,20,RB,ACT,69,203,12,Nebraska
joey-aguilar,Joey Aguilar,JAX,17,QB,DEV,75,225,R,Tennessee
josh-hines-allen,Josh Hines-Allen,JAX,41,DE,ACT,77,255,8,Kentucky
lequint-allen,LeQuint Allen Jr.,JAX,5,RB,ACT,72,201,2,Syracuse
arik-armstead,Arik Armstead,JAX,91,DT,ACT,79,290,12,Oregon
jared-bartlett,Jared Bartlett,JAX,45,LB,RES,74,237,1,Cincinnati
nate-boerkircher,Nate Boerkircher,JAX,87,TE,ACT,77,250,R,Texas A&M
t-j-bollers,T.J. Bollers,JAX,94,DT,DEV,74,305,R,California
christian-braswell,Christian Braswell,JAX,21,CB,ACT,71,185,3,Rutgers
montaric-brown,Montaric Brown,JAX,1,CB,ACT,72,190,5,Arkansas
josh-cameron,Josh Cameron,JAX,19,WR,ACT,73,224,R,Baylor
geron-christian,Geron Christian,JAX,79,OT,DEV,77,335,9,Louisville
ezra-cleveland,Ezra Cleveland,JAX,76,G,ACT,78,311,7,Boise State
branson-combs,Branson Combs,JAX,50,LB,ACT,75,228,2,Wake Forest
logan-cooke,Logan Cooke,JAX,9,P,ACT,77,230,9,Mississippi State
eli-cox,Eli Cox,JAX,,C,DEV,76,309,1,Kentucky
matt-dickerson,Matt Dickerson,JAX,93,DT,ACT,77,300,6,UCLA
garrett-digiorgio,Garrett DiGiorgio,JAX,74,OT,RES,79,320,R,UCLA
zach-durfee,Zach Durfee,JAX,58,DE,RSR,77,258,R,Washington
quinn-ewers,Quinn Ewers,JAX,10,QB,ACT,74,209,2,Texas
daniel-faalele,Daniel Faalele,JAX,68,G,ACT,80,380,5,Minnesota
dennis-gardeck,Dennis Gardeck,JAX,47,LB,ACT,72,232,9,Sioux Falls
bj-green-ii,BJ Green II,JAX,95,DE,ACT,73,270,2,Colorado
robert-hainsey,Robert Hainsey,JAX,73,OT,ACT,76,306,6,Notre Dame
davon-hamilton,DaVon Hamilton,JAX,52,DT,ACT,76,335,7,Ohio State
anton-harrison,Anton Harrison,JAX,77,OT,ACT,77,315,4,Oklahoma
parker-hughes,Parker Hughes,JAX,53,LB,RES,73,228,R,Middle Tennessee State
travis-hunter,Travis Hunter,JAX,12,CB,ACT,73,185,2,Colorado
jalen-huskey,Jalen Huskey,JAX,22,SAF,ACT,74,201,R,Maryland
antonio-johnson-3,Antonio Johnson,JAX,6,SAF,ACT,74,198,4,Texas A&M
jarrian-jones,Jarrian Jones,JAX,4,CB,ACT,71,190,3,Florida State
tim-jones-3,Tim Jones,JAX,13,WR,DEV,73,200,4,Southern Mississippi
jack-kiser,Jack Kiser,JAX,54,LB,DEV,74,231,2,Notre Dame
tanner-koziol,Tanner Koziol,JAX,88,TE,ACT,79,250,R,Houston
rayuan-lane-iii,Rayuan Lane III,JAX,25,SAF,ACT,71,197,2,Navy
trevor-lawrence,Trevor Lawrence,JAX,16,QB,ACT,78,220,6,Clemson
jourdan-lewis,Jourdan Lewis,JAX,2,CB,ACT,70,190,10,Michigan
cam-little,Cam Little,JAX,39,K,ACT,73,172,3,Arkansas
walker-little,Walker Little,JAX,72,OT,ACT,79,325,6,Stanford
ross-matiscik,Ross Matiscik,JAX,46,LS,ACT,72,240,7,Baylor
jalen-mcleod,Jalen McLeod,JAX,35,LB,DEV,73,236,2,Auburn
patrick-mekari,Patrick Mekari,JAX,65,OT,RSR,76,305,8,California
kaevon-merriweather,Kaevon Merriweather,JAX,,SAF,DEV,72,212,4,Iowa
jakobi-meyers,Jakobi Meyers,JAX,3,WR,ACT,74,200,8,N.C. State
ventrell-miller,Ventrell Miller,JAX,51,LB,ACT,72,232,4,Florida
wyatt-milum,Wyatt Milum,JAX,64,OT,ACT,78,317,2,West Virginia
jonah-monheim,Jonah Monheim,JAX,60,C,ACT,77,310,2,USC
quintin-morris,Quintin Morris,JAX,80,TE,ACT,74,243,5,Bowling Green
jabbar-muhammad,Jabbar Muhammad,JAX,37,CB,DEV,70,185,1,Oregon
nick-mullens,Nick Mullens,JAX,14,QB,DEV,73,210,8,Southern Mississippi
eric-murray,Eric Murray,JAX,29,S,ACT,71,199,11,Minnesota
sam-mustipher,Sam Mustipher,JAX,69,C,RES,75,306,6,Notre Dame
foye-oluokun,Foye Oluokun,JAX,23,LB,ACT,74,229,9,Yale
ruke-orhorhoro,Ruke Orhorhoro,JAX,99,DT,ACT,76,294,3,Clemson
trebor-pena,Trebor Pena,JAX,86,WR,DEV,70,186,R,Penn State
emmanuel-pregnon,Emmanuel Pregnon,JAX,75,G,ACT,76,318,R,Oregon
caleb-ransaw,Caleb Ransaw,JAX,27,SAF,ACT,72,196,2,Tulane
albert-regis,Albert Regis,JAX,98,DT,ACT,73,317,R,Texas A&M
chris-rodriguez-jr,Chris Rodriguez Jr.,JAX,24,RB,ACT,71,224,4,Kentucky
hayden-rucci,Hayden Rucci,JAX,,TE,DEV,77,247,1,Wisconsin
cam-ron-silmon-craig,Cam'Ron Silmon-Craig,JAX,42,DB,DEV,70,185,1,Colorado
brenton-strange,Brenton Strange,JAX,85,TE,ACT,76,253,4,Penn State
danny-striggow,Danny Striggow,JAX,92,DE,ACT,77,255,2,Minnesota
jahlani-tavai,Jahlani Tavai,JAX,31,LB,ACT,74,255,9,Hawaii
j-mari-taylor,J'Mari Taylor,JAX,30,RB,DEV,69,204,R,Virginia
brian-thomas-jr,Brian Thomas Jr.,JAX,7,WR,ACT,74,209,3,LSU
bryan-thomas-jr,Bryan Thomas Jr.,JAX,57,DE,ACT,74,235,R,South Carolina
austin-trammell,Austin Trammell,JAX,81,WR,DEV,70,185,4,Rice
bhayshul-tuten,Bhayshul Tuten,JAX,33,RB,ACT,69,209,2,Virginia Tech
cole-van-lanen,Cole Van Lanen,JAX,70,G,ACT,76,312,6,Wisconsin
travon-walker,Travon Walker,JAX,44,DE,ACT,77,272,5,Georgia
parker-washington,Parker Washington,JAX,11,WR,ACT,70,204,4,Penn State
c-j-williams,C.J. Williams,JAX,18,WR,ACT,73,205,R,Stanford
wesley-williams-x4243,Wesley Williams,JAX,90,DE,ACT,75,256,R,Duke
michael-wortham,Michael Wortham,JAX,,WR,DEV,69,190,R,Montana
kilian-zierer,Kilian Zierer,JAX,78,OT,DEV,79,312,2,Auburn
tony-adams-4,Tony Adams,TEN,29,SAF,ACT,71,210,5,Illinois
elic-ayomanor,Elic Ayomanor,TEN,5,WR,ACT,74,206,2,Stanford
shemar-bartholomew,Shemar Bartholomew,TEN,,CB,DEV,73,200,2,Georgia Southern
cody-barton,Cody Barton,TEN,50,LB,ACT,74,237,8,Utah
daniel-bellinger,Daniel Bellinger,TEN,82,TE,ACT,78,255,5,San Diego State
kendell-brooks,Kendell Brooks,TEN,30,SAF,RES,72,206,2,Michigan State
terrell-burgess,Terrell Burgess,TEN,38,SAF,ACT,71,202,6,Utah
fernando-carmona,Fernando Carmona,TEN,66,G,ACT,77,316,R,Arkansas
michael-carter-3,Michael Carter,TEN,35,RB,DEV,68,201,5,North Carolina
julius-chestnut,Julius Chestnut,TEN,36,RB,ACT,71,228,5,Sacred Heart University
pat-coogan,Pat Coogan,TEN,79,C,ACT,77,310,R,Indiana
morgan-cox,Morgan Cox,TEN,46,LS,ACT,76,233,17,Tennessee
brandon-crenshaw-dickson,Brandon Crenshaw-Dickson,TEN,78,OT,ACT,79,316,2,Florida
mohamoud-diabate,Mohamoud Diabate,TEN,44,LB,DEV,76,235,4,Utah
chimere-dike,Chimere Dike,TEN,17,WR,ACT,73,196,2,Florida
milo-eifler,Milo Eifler,TEN,45,LB,RES,74,225,3,Illinois
jordan-elliott,Jordan Elliott,TEN,95,DT,ACT,76,325,7,Missouri
keldric-faulk,Keldric Faulk,TEN,15,DE,ACT,77,274,R,Auburn
cordale-flott,Cordale Flott,TEN,18,CB,ACT,73,175,5,LSU
john-franklin-myers,John Franklin-Myers,TEN,91,DE,ACT,76,288,9,Stephen F. Austin State
kylen-granson,Kylen Granson,TEN,86,TE,ACT,75,242,6,SMU
cedric-gray,Cedric Gray,TEN,33,LB,ACT,74,240,3,North Carolina
erick-hallett,Erick Hallett,TEN,41,SAF,DEV,71,200,2,Pittsburgh
jaylen-harrell,Jaylen Harrell,TEN,92,DE,RES,76,255,3,Michigan
marcus-harris-4,Marcus Harris,TEN,26,CB,ACT,71,188,2,California
gunnar-helm,Gunnar Helm,TEN,84,TE,ACT,77,241,2,Texas
anthony-hill-jr,Anthony Hill Jr.,TEN,53,LB,ACT,75,238,R,Texas
jalyn-holmes,Jalyn Holmes,TEN,97,DT,DEV,77,283,7,Ohio State
amani-hooker,Amani Hooker,TEN,37,SAF,ACT,71,210,8,Iowa
hendon-hooker,Hendon Hooker,TEN,16,QB,DEV,75,221,3,Tennessee
timmy-horne,Timmy Horne,TEN,94,DT,DEV,76,312,4,Kansas State
james-hudson,James Hudson,TEN,59,OT,ACT,77,310,6,Cincinnati
jermaine-johnson-ii,Jermaine Johnson II,TEN,11,DE,ACT,77,254,5,Florida State
jaylon-jones-2,Jaylon Jones,TEN,,DB,ACT,74,203,4,Texas A&M
truman-jones,Truman Jones,TEN,56,DE,ACT,75,255,2,Harvard
jaren-kanak,Jaren Kanak,TEN,81,TE,RES,74,233,R,Oklahoma
tanoh-kpassagnon,Tanoh Kpassagnon,TEN,58,DE,RES,79,289,8,Villanova
jc-latham,JC Latham,TEN,55,OT,ACT,78,342,3,Alabama
atonio-mafi,Atonio Mafi,TEN,,G,ACT,75,330,2,UCLA
jackie-marshall,Jackie Marshall,TEN,96,DT,ACT,74,293,R,Baylor
jake-martin,Jacob Martin,TEN,57,DE,ACT,74,260,9,Temple
david-martin-robinson,David Martin-Robinson,TEN,88,TE,ACT,75,255,3,Temple
dorian-mausi,Dorian Mausi,TEN,54,LB,RSR,73,234,2,Auburn
jalen-mcmurray,Jalen McMurray,TEN,47,CB,DEV,71,184,R,Tennessee
rasheed-miller,Rasheed Miller,TEN,62,OT,DEV,79,310,R,Louisville
tyren-montgomery,Tyren Montgomery,TEN,19,WR,DEV,71,204,R,John Carroll University
dan-moore-jr,Dan Moore Jr.,TEN,75,OT,ACT,77,315,6,Texas A&M
drew-moss,Drew Moss,TEN,67,G,DEV,75,310,2,Colorado State
kalel-mullings,Kalel Mullings,TEN,31,RB,DEV,74,226,2,Michigan
oluwafemi-oladejo,Oluwafemi Oladejo,TEN,7,DE,ACT,75,259,2,UCLA
isaiah-oliver,Isaiah Oliver,TEN,,FS,DEV,72,202,9,Colorado
k-j-osborn,K.J. Osborn,TEN,8,WR,DEV,71,203,6,Miami
owen-pappoe,Owen Pappoe,TEN,40,LB,ACT,72,230,4,Auburn
tony-pollard,Tony Pollard,TEN,20,RB,ACT,72,209,8,Memphis
xavier-restrepo,Xavier Restrepo,TEN,87,WR,DEV,70,202,1,Miami
calvin-ridley,Calvin Ridley,TEN,,WR,ACT,73,190,8,Alabama
micah-robinson,Micah Robinson,TEN,21,CB,ACT,71,186,2,Tulane
wan-dale-robinson,Wan'Dale Robinson,TEN,4,WR,ACT,68,185,5,Kentucky
austin-schlottmann,Austin Schlottmann,TEN,51,C,ACT,78,310,8,TCU
jeffery-simmons,Jeffery Simmons,TEN,98,DT,ACT,76,305,8,Mississippi State
nicholas-singleton,Nicholas Singleton,TEN,32,RB,ACT,72,219,R,Penn State
peter-skoronski,Peter Skoronski,TEN,77,G,ACT,76,330,4,Northwestern
jackson-slater,Jackson Slater,TEN,64,G,ACT,75,320,2,Sacramento State
joey-slye,Joey Slye,TEN,6,K,ACT,71,228,8,Virginia Tech
tyjae-spears,Tyjae Spears,TEN,2,RB,ACT,71,200,4,Tulane
nazir-stackhouse,Nazir Stackhouse,TEN,93,DT,ACT,76,327,2,Georgia
laki-tasi,Laki Tasi,TEN,68,NT,DEV,78,373,1,
carnell-tate,Carnell Tate,TEN,14,WR,ACT,74,192,R,Ohio State
alontae-taylor,Alontae Taylor,TEN,24,CB,ACT,73,199,5,Tennessee
solomon-thomas,Solomon Thomas,TEN,90,DT,ACT,74,285,10,Stanford
tommy-townsend,Tommy Townsend,TEN,3,P,ACT,73,191,7,Florida
mitchell-trubisky,Mitchell Trubisky,TEN,10,QB,ACT,74,222,10,North Carolina
cam-ward,Cam Ward,TEN,1,QB,ACT,74,219,2,Miami
james-williams-8,James Williams,TEN,52,LB,ACT,76,232,3,Miami
joshua-williams,Joshua Williams,TEN,25,CB,RSR,75,201,5,Fayetteville State University
joel-wilson,Joel Wilson,TEN,83,TE,DEV,76,245,1,Central Michigan
kevin-winston-jr,Kevin Winston Jr.,TEN,23,SAF,ACT,74,213,2,Penn State
kris-abrams-draine,Kris Abrams-Draine,DEN,31,CB,ACT,71,178,3,Missouri
nate-adkins,Nate Adkins,DEN,45,TE,ACT,75,252,4,South Carolina
david-agoha,David Agoha,DEN,,DE,DEV,76,260,1,
zach-allen,Zach Allen,DEN,99,DE,ACT,76,285,8,Boston College
tycen-anderson,Tycen Anderson,DEN,6,SAF,ACT,74,210,5,Toledo
brent-austin,Brent Austin,DEN,33,CB,DEV,71,180,R,California
tyler-badie,Tyler Badie,DEN,28,RB,ACT,68,197,3,Missouri
levelle-bailey,Levelle Bailey,DEN,56,LB,RES,74,225,2,Fresno State
michael-bandy,Michael Bandy,DEN,83,WR,DEV,70,190,3,San Diego
jahdae-barron,Jahdae Barron,DEN,23,CB,ACT,71,200,2,Texas
dallen-bentley,Dallen Bentley,DEN,89,TE,ACT,76,253,R,Utah
garett-bolles,Garett Bolles,DEN,72,OT,ACT,77,300,10,Utah
nik-bonitto,Nik Bonitto,DEN,15,LB,ACT,75,240,5,Oklahoma
pat-bryant,Pat Bryant,DEN,13,WR,ACT,74,204,2,Illinois
kage-casey,Kage Casey,DEN,78,OT,ACT,77,311,R,Boise State
jonah-coleman,Jonah Coleman,DEN,20,RB,ACT,68,220,R,Washington
jonathon-cooper,Jonathon Cooper,DEN,,LB,EXE,76,257,6,Ohio State
jeremy-crawshaw,Jeremy Crawshaw,DEN,16,P,ACT,75,205,2,Florida
frank-crum,Frank Crum,DEN,73,OT,RSR,79,315,3,Wyoming
michael-deiter,Michael Deiter,DEN,67,C,RES,78,315,7,Wisconsin
j-k-dobbins,J.K. Dobbins,DEN,27,RB,ACT,70,212,7,Ohio State
sam-ehlinger,Sam Ehlinger,DEN,4,QB,ACT,73,222,6,Texas
jonah-elliss,Jonah Elliss,DEN,52,LB,ACT,74,246,3,Utah
evan-engram,Evan Engram,DEN,1,TE,ACT,75,240,10,Mississippi
alex-forsyth,Alex Forsyth,DEN,54,C,ACT,76,312,4,Oregon
mitchell-fraboni,Mitchell Fraboni,DEN,48,LS,DEV,74,223,5,Arizona State
troy-franklin,Troy Franklin,DEN,11,WR,ACT,75,180,3,Oregon
sean-fresch-jr,Sean Fresch,DEN,37,DB,DEV,69,181,1,Rice
nick-gargiulo,Nick Gargiulo,DEN,66,G,PUP,77,327,2,South Carolina
rj-harvey,RJ Harvey,DEN,12,RB,ACT,68,205,2,UCF
matt-henningsen,Matt Henningsen,DEN,91,DE,RES,75,291,4,Wisconsin
talanoa-hufanga,Talanoa Hufanga,DEN,9,SAF,ACT,72,200,6,USC
lil-jordan-humphrey,Lil'Jordan Humphrey,DEN,5,WR,ACT,76,225,7,Texas
jordan-jackson,Jordan Jackson,DEN,94,DT,ACT,77,294,3,Air Force
brandon-jones-3,Brandon Jones,DEN,22,SAF,ACT,73,191,7,Texas
d-j-jones,D.J. Jones,DEN,93,DT,ACT,72,305,10,Mississippi
sai-vion-jones,Sai'vion Jones,DEN,95,DE,ACT,77,289,2,LSU
kolbe-katsis,Kolbe Katsis,DEN,81,WR,DEV,73,185,R,Northern Arizona
dane-key,Dane Key,DEN,87,WR,DEV,75,210,R,Nebraska
devon-key,Devon Key,DEN,26,SAF,ACT,72,208,3,Western Kentucky
lucas-krull,Lucas Krull,DEN,85,TE,DEV,78,260,4,Pittsburgh
caleb-lohner,Caleb Lohner,DEN,84,TE,RSR,79,250,1,Utah
wil-lutz,Wil Lutz,DEN,3,K,ACT,71,184,11,Georgia State
mike-mcglinchey,Mike McGlinchey,DEN,69,OT,ACT,80,315,9,Notre Dame
ja-quan-mcmillian,Ja'Quan McMillian,DEN,29,CB,ACT,70,183,4,East Carolina
quinn-meinerz,Quinn Meinerz,DEN,77,C,ACT,75,320,6,Wisconsin-Whitewater
tyler-miller,Tyler Miller,DEN,71,OT,DEV,81,335,R,Iowa State
marvin-mims-jr,Marvin Mims Jr.,DEN,19,WR,ACT,71,182,4,Oklahoma
riley-moss,Riley Moss,DEN,21,CB,ACT,72,193,4,Iowa
red-murdock,Red Murdock,DEN,50,LB,DEV,73,240,R,Buffalo
bo-nix,Bo Nix,DEN,10,QB,ACT,74,217,3,Oregon
tyler-onyedim,Tyler Onyedim,DEN,98,DT,ACT,75,292,R,Texas A&M
gavin-ortega,Gavin Ortega,DEN,68,OT,DEV,77,300,R,Weber State
alex-palczewski,Alex Palczewski,DEN,63,OT,ACT,78,315,4,Illinois
matt-peart,Matt Peart,DEN,79,OT,ACT,79,318,7,Connecticut
ben-powers-x2568,Ben Powers,DEN,74,G,ACT,76,310,8,Oklahoma
adam-prentice,Adam Prentice,DEN,46,FB,DEV,72,245,6,South Carolina
taylor-rapp,Taylor Rapp,DEN,30,SAF,DEV,72,208,8,Washington
karene-reid,Karene Reid,DEN,47,LB,ACT,72,227,2,Utah
malcolm-roach,Malcolm Roach,DEN,97,DT,ACT,75,290,7,Texas
que-robinson,Que Robinson,DEN,51,LB,ACT,76,243,2,Alabama
cody-schrader,Cody Schrader,DEN,25,RB,DEV,69,214,3,Missouri
miles-scott,Miles Scott,DEN,39,SAF,DEV,71,210,R,Illinois
alex-singleton,Alex Singleton,DEN,49,LB,ACT,74,240,8,Montana State
jl-skinner-iii,JL Skinner,DEN,34,SAF,ACT,76,220,4,Boise State
jarrett-stidham,Jarrett Stidham,DEN,8,QB,ACT,75,215,7,Auburn
justin-strnad,Justin Strnad,DEN,40,LB,ACT,75,235,7,Wake Forest
patrick-surtain-ii,Pat Surtain II,DEN,2,CB,ACT,74,202,6,Alabama
courtland-sutton,Courtland Sutton,DEN,14,WR,ACT,76,216,9,SMU
calvin-throckmorton,Calvin Throckmorton,DEN,76,OT,DEV,77,311,6,Oregon
dondrea-tillman,Dondrea Tillman,DEN,92,LB,ACT,76,247,3,"Indiana PA, University of"
adam-trautman,Adam Trautman,DEN,82,TE,ACT,77,253,7,Dayton
jordan-turner,Jordan Turner,DEN,55,LB,ACT,73,231,2,Michigan State
eyioma-uwazurike,Eyioma Uwazurike,DEN,96,DT,ACT,78,320,4,Iowa State
jaylen-waddle,Jaylen Waddle,DEN,17,WR,ACT,70,185,6,Alabama
johnny-walker-jr,Johnny Walker Jr.,DEN,59,LB,DEV,75,250,2,Missouri
luke-wattenberg,Luke Wattenberg,DEN,60,C,ACT,77,300,5,Washington
cyrus-allen,Cyrus Allen,KC,13,WR,ACT,71,180,R,Cincinnati
felix-anudike-uzomah,Felix Anudike-Uzomah,KC,91,DE,ACT,76,255,4,Kansas State
matt-araiza,Matt Araiza,KC,14,P,ACT,74,200,3,San Diego State
andrew-armstrong,Andrew Armstrong,KC,85,WR,DEV,76,210,1,Arkansas
jeffrey-bassa,Jeffrey Bassa,KC,31,LB,ACT,74,235,2,Oregon
kahlil-benson,Kahlil Benson,KC,70,OT,ACT,78,319,R,Indiana
nick-bolton,Nick Bolton,KC,32,LB,ACT,71,237,6,Missouri
jake-briningstool,Jake Briningstool,KC,88,TE,ACT,78,240,2,Clemson
harrison-butker,Harrison Butker,KC,7,K,ACT,76,205,10,Georgia Tech
jeff-caldwell,Jeff Caldwell,KC,8,WR,RES,77,215,R,Cincinnati
mike-caliendo,Mike Caliendo,KC,66,G,ACT,76,300,4,Western Michigan
jadon-canady,Jadon Canady,KC,22,CB,ACT,70,185,R,Oregon
nate-carter,Nate Carter,KC,,RB,DEV,70,202,2,Michigan State
cole-christiansen,Cole Christiansen,KC,48,LB,DEV,73,230,2,Army
jack-cochrane,Jack Cochrane,KC,43,LB,ACT,75,236,5,South Dakota
chamarri-conner,Chamarri Conner,KC,27,DB,ACT,72,202,4,Virginia Tech
mansoor-delane,Mansoor Delane,KC,5,CB,ACT,72,190,R,LSU
ethan-downs,Ethan Downs,KC,40,LB,RES,76,263,1,Oklahoma
ethan-driskell,Ethan Driskell,KC,75,OT,DEV,80,313,2,Marshall
bryson-eason,Bryson Eason,KC,94,DT,ACT,74,323,R,Tennessee
omari-evans,Omari Evans,KC,80,WR,DEV,72,195,R,Washington
joshua-ezeudu,Joshua Ezeudu,KC,73,G,ACT,76,310,5,North Carolina
justin-fields,Justin Fields,KC,6,QB,ACT,75,227,6,Ohio State
kristian-fulton,Kristian Fulton,KC,8,CB,ACT,71,197,6,LSU
ashton-gillotte,Ashton Gillotte,KC,97,DE,ACT,75,270,2,Louisville
alohi-gilman,Alohi Gilman,KC,17,SAF,ACT,70,201,7,Notre Dame
noah-gray,Noah Gray,KC,83,TE,ACT,75,240,6,Duke
john-michael-gyllenborg,John Michael Gyllenborg,KC,84,TE,RES,77,251,R,Wyoming
marcus-harris-3,Marcus Harris,KC,96,DT,DEV,75,295,1,Auburn
jaden-hicks,Jaden Hicks,KC,21,SAF,ACT,73,215,3,Washington State
jimmy-holiday,Jimmy Holiday,KC,82,WR,RES,73,211,1,Louisiana Tech
creed-humphrey,Creed Humphrey,KC,52,C,ACT,76,302,6,Oklahoma
emmett-johnson-2,Emmett Johnson,KC,10,RB,ACT,70,202,R,Nebraska
cam-jones,Cam Jones,KC,45,LB,DEV,74,227,4,Indiana
chris-jones,Chris Jones,KC,95,DE,ACT,78,310,11,Mississippi State
george-karlaftis,George Karlaftis,KC,56,DE,ACT,76,263,5,Purdue
travis-kelce,Travis Kelce,KC,87,TE,ACT,77,250,14,Cincinnati
kader-kohou,Kader Kohou,KC,26,CB,DEV,70,195,5,East Texas A&M
patrick-mahomes,Patrick Mahomes,KC,15,QB,ACT,74,225,10,Texas Tech
tanner-mccalister,Tanner McCalister,KC,34,SAF,DEV,71,191,1,Ohio State
cooper-mcdonald,Cooper McDonald,KC,44,LB,ACT,75,240,2,TCU
jaylon-moore-2,Jaylon Moore,KC,77,OT,ACT,76,311,6,Western Michigan
omarr-norman-lott,Omarr Norman-Lott,KC,55,DT,PUP,75,315,2,Tennessee
hunter-nourzad,Hunter Nourzad,KC,64,C,ACT,75,317,3,Penn State
garrett-nussmeier,Garrett Nussmeier,KC,19,QB,ACT,73,205,R,LSU
xavier-nwankpa,Xavier Nwankpa,KC,29,SAF,ACT,74,213,R,Iowa
pete-nygra,Pete Nygra,KC,50,C,DEV,76,300,R,Louisville
thomas-odukoya,Thomas Odukoya,KC,,TE,DEV,78,253,2,Eastern Michigan
emmanuel-ogbah,Emmanuel Ogbah,KC,90,DE,DEV,76,275,11,Oklahoma State
jaydn-ott,Jaydn Ott,KC,39,RB,DEV,71,208,R,Oklahoma
d-arco-perkins-mcallister,D'Arco Perkins-McAllister,KC,46,CB,DEV,73,195,R,Louisiana-Monroe
diego-pounds,Diego Pounds,KC,61,OT,ACT,78,335,R,Mississippi
jack-pyburn-2,Jack Pyburn,KC,54,DE,ACT,76,258,R,LSU
nikko-remigio,Nikko Remigio,KC,81,WR,ACT,69,187,2,Fresno State
rashee-rice,Rashee Rice,KC,4,WR,ACT,73,203,4,SMU
christian-roland-wallace,Christian Roland-Wallace,KC,30,CB,ACT,71,202,3,USC
jalen-royals-2,Jalen Royals,KC,11,WR,ACT,72,195,2,Utah State
josh-simmons-2,Josh Simmons,KC,71,OT,ACT,77,310,2,Ohio State
deshon-singleton,DeShon Singleton,KC,25,SAF,DEV,75,210,R,Nebraska
brashard-smith,Brashard Smith,KC,24,RB,ACT,70,196,2,SMU
trey-smith,Trey Smith,KC,65,G,ACT,78,321,6,Tennessee
tyreke-smith,Tyreke Smith,KC,57,DE,DEV,75,255,3,Ohio State
l-jarius-sneed,L'Jarius Sneed,KC,38,CB,ACT,73,192,7,Louisiana Tech
kingsley-suamataia,Kingsley Suamataia,KC,76,OT,ACT,76,326,3,BYU
r-mason-thomas,R Mason Thomas,KC,51,DE,ACT,74,249,R,Oklahoma
tyquan-thornton,Tyquan Thornton,KC,2,WR,ACT,74,185,5,Baylor
khyiris-tonga,Khyiris Tonga,KC,92,DT,ACT,74,335,6,BYU
drue-tranquill,Drue Tranquill,KC,23,LB,ACT,74,234,8,Notre Dame
ben-vansumeren,Ben VanSumeren,KC,,RB,DEV,74,231,4,Michigan State
matt-waletzko,Matt Waletzko,KC,73,OT,RES,80,305,4,North Dakota
kenneth-walker-iii,Kenneth Walker III,KC,9,RB,ACT,69,211,5,Michigan State
jared-wiley,Jared Wiley,KC,12,TE,ACT,78,249,3,TCU
nohl-williams,Nohl Williams,KC,20,CB,ACT,73,200,2,California
james-winchester,James Winchester,KC,41,LS,ACT,75,240,12,Oklahoma
peter-woods,Peter Woods,KC,99,DT,ACT,75,310,R,Clemson
xavier-worthy,Xavier Worthy,KC,1,WR,ACT,71,165,3,Texas
chigozie-anusiem,Chigozie Anusiem,LV,29,DB,RES,73,200,2,Colorado State
jack-bech,Jack Bech,LV,18,WR,ACT,73,214,2,TCU
ronnie-bell,Ronnie Bell,LV,,WR,DEV,72,192,3,Michigan
malik-benson,Malik Benson,LV,19,WR,ACT,73,195,R,Oregon
thomas-booker,Thomas Booker,LV,99,DT,ACT,75,301,4,Stanford
brock-bowers,Brock Bowers,LV,89,TE,ACT,75,235,3,Georgia
spencer-burford,Spencer Burford,LV,70,G,ACT,76,300,5,Texas-San Antonio
adam-butler,Adam Butler,LV,69,DT,ACT,77,300,9,Vanderbilt
bryce-cabeldue,Bryce Cabeldue,LV,,G,ACT,76,308,2,Kansas
jeremy-chinn,Jeremy Chinn,LV,11,SAF,ACT,75,220,7,Southern Illinois
brandon-cleveland,Brandon Cleveland,LV,90,DT,DEV,75,307,R,N.C. State
a-j-cole,AJ Cole,LV,6,P,ACT,76,220,8,N.C. State
chris-collier,Chris Collier,LV,33,RB,RES,71,206,2,University of Lock Haven
kirk-cousins,Kirk Cousins,LV,8,QB,ACT,75,209,15,Michigan State
keyron-crawford,Keyron Crawford,LV,42,DE,RES,76,253,R,Auburn
maxx-crosby-x6606,Maxx Crosby,LV,98,DE,ACT,77,255,8,Eastern Michigan
nakobe-dean,Nakobe Dean,LV,17,LB,ACT,71,229,5,Georgia
tommy-eichenberg,Tommy Eichenberg,LV,44,LB,ACT,74,233,3,Ohio State
foley-fatukasi,Foley Fatukasi,LV,94,DT,ACT,76,318,8,Connecticut
matt-gay,Matt Gay,LV,14,K,ACT,72,232,5,Utah
delmar-glaze,DJ Glaze,LV,71,OT,ACT,76,331,3,Maryland
charles-grant-2,Charles Grant,LV,60,OT,ACT,76,304,2,William & Mary
patrick-gurd,Patrick Gurd,LV,,TE,DEV,76,250,R,Cincinnati
roman-hemby,Roman Hemby,LV,37,RB,DEV,72,210,R,Indiana
tonka-hemingway,Tonka Hemingway,LV,97,DT,ACT,74,284,2,South Carolina
niklas-henning,Niklas Henning,LV,73,OT,DEV,77,291,R,Queens University (Canada)
connor-heyward,Connor Heyward,LV,34,FB,ACT,72,230,5,Michigan State
brennan-jackson,Brennan Jackson,LV,54,LB,RES,76,259,3,Washington State
ashton-jeanty,Ashton Jeanty,LV,2,RB,ACT,68,208,2,Boise State
dalton-johnson,Dalton Johnson,LV,43,SAF,ACT,71,198,R,Arizona
patrick-johnson,Patrick Johnson,LV,93,DE,ACT,74,248,6,Tulane
taron-johnson,Taron Johnson,LV,3,CB,ACT,71,192,9,Weber State
tim-keenan-iii,Tim Keenan III,LV,,DT,DEV,74,320,R,Alabama
malcolm-koonce,Malcolm Koonce,LV,51,DE,ACT,74,243,6,Buffalo
dylan-laube,Dylan Laube,LV,23,RB,ACT,70,206,3,New Hampshire
jonah-laulu,Jonah Laulu,LV,96,DT,ACT,77,289,3,Oklahoma
cody-lindenberg,Cody Lindenberg,LV,55,LB,ACT,74,236,2,Minnesota
tyler-linderbaum,Tyler Linderbaum,LV,65,C,ACT,74,305,5,Iowa
darrell-luter-jr,Darrell Luter Jr.,LV,25,CB,ACT,72,190,4,South Alabama
hezekiah-masses,Hezekiah Masses,LV,35,CB,ACT,73,185,R,California
kansei-matsuzawa,Kansei Matsuzawa,LV,38,K,DEV,74,200,R,Hawaii
michael-mayer,Michael Mayer,LV,87,TE,ACT,76,256,4,Notre Dame
tristin-mccollum,Tristin McCollum,LV,27,DB,ACT,75,195,3,Sam Houston State
jermod-mccoy,Jermod McCoy,LV,28,CB,ACT,72,193,R,Tennessee
cameron-mcgrone,Cameron McGrone,LV,57,LB,DEV,73,234,3,Michigan
fernando-mendoza,Fernando Mendoza,LV,15,QB,ACT,77,225,R,Indiana
kolton-miller,Kolton Miller,LV,74,OT,ACT,80,326,9,UCLA
chris-myarick,Chris Myarick,LV,41,TE,DEV,77,261,5,Temple
jalen-nailor,Jalen Nailor,LV,9,WR,ACT,72,190,5,Michigan State
evan-neal,Evan Neal,LV,,G,DEV,79,340,5,Alabama
aidan-o-connell,Aidan O'Connell,LV,12,QB,ACT,75,206,4,Purdue
dare-ogunbowale,Dare Ogunbowale,LV,32,RB,DEV,71,205,8,Wisconsin
azeez-ojulari,Azeez Ojulari,LV,,LB,DEV,75,240,6,Georgia
segun-olubi,Segun Olubi,LV,50,LB,ACT,74,220,4,San Diego State
kwity-paye,Kwity Paye,LV,95,DE,ACT,75,265,6,Michigan
jj-pegues,JJ Pegues,LV,92,DT,ACT,74,325,2,Mississippi
justin-pickett,Justin Pickett,LV,77,G,RES,79,311,R,Duke
isaiah-pola-mao,Isaiah Pola-Mao,LV,20,SAF,ACT,75,204,5,USC
darien-porter-2,Darien Porter,LV,26,CB,ACT,74,195,2,Iowa State
jackson-powers-johnson,Jackson Powers-Johnson,LV,58,C,ACT,75,325,3,Oregon
will-putnam,Will Putnam,LV,67,C,DEV,76,301,2,Clemson
caleb-rogers,Caleb Rogers,LV,76,G,ACT,76,312,2,Texas Tech
corey-rucker,Corey Rucker,LV,32,WR,RES,72,213,R,Arkansas State
carter-runyon-2,Carter Runyon,LV,84,TE,RSR,76,243,2,Towson
justin-shorter,Justin Shorter,LV,88,TE,RES,76,227,4,Florida
cian-slone,Cian Slone,LV,48,DE,DEV,75,239,R,N.C. State
eric-stokes-3,Eric Stokes,LV,5,CB,ACT,72,194,6,Georgia
treydan-stukes,Treydan Stukes,LV,31,SAF,ACT,74,200,R,Arizona
ian-thomas,Ian Thomas,LV,80,TE,ACT,75,253,9,Indiana
deven-thompkins,Deven Thompkins,LV,83,WR,DEV,68,155,5,Utah State
dont-e-thornton-jr,Dont'e Thornton Jr.,LV,10,WR,RES,77,205,2,Tennessee
tre-tucker,Tre Tucker,LV,1,WR,ACT,68,182,4,Cincinnati
greedy-vance,Greedy Vance,LV,22,CB,DEV,70,168,2,USC
quay-walker,Quay Walker,LV,7,LB,ACT,76,240,5,Georgia
alex-ward,Alex Ward,LV,47,LS,ACT,76,240,4,UCF
mike-washington-jr,Mike Washington Jr.,LV,4,RB,ACT,74,228,R,Arkansas
cody-white-2,Cody White,LV,,WR,DEV,75,227,5,Michigan State
dareke-young,Dareke Young,LV,81,WR,ACT,74,224,5,Lenoir Rhyne
trey-zuhn-iii,Trey Zuhn III,LV,66,G,ACT,79,319,R,Texas A&M
joe-alt,Joe Alt,LAC,76,OT,ACT,80,322,3,Notre Dame
kayode-awosika,Kayode Awosika,LAC,74,G,ACT,75,312,5,Buffalo
nick-barrett,Nick Barrett,LAC,91,DT,ACT,75,327,R,South Carolina
lander-barton,Lander Barton,LAC,57,LB,DEV,77,240,R,Utah
tyler-biadasz,Tyler Biadasz,LAC,63,C,RES,76,318,7,Wisconsin
travis-burke,Travis Burke,LAC,77,OT,ACT,81,315,R,Memphis
jamaree-caldwell,Jamaree Caldwell,LAC,99,DT,ACT,73,340,2,Oregon
andre-carter-ii,Andre Carter II,LAC,51,LB,DEV,78,256,2,Army
junior-colson,Junior Colson,LAC,25,LB,DEV,75,247,3,Michigan
derius-davis,Derius Davis,LAC,12,WR,ACT,68,165,4,TCU
gregory-desrosiers,Gregory Desrosiers,LAC,31,RB,DEV,71,200,R,Memphis
cameron-dicker,Cameron Dicker,LAC,11,K,ACT,73,216,5,Texas
bud-dupree,Bud Dupree,LAC,48,OLB,ACT,76,269,12,Kentucky
troy-dye,Troy Dye,LAC,43,LB,ACT,75,225,7,Oregon
justin-eboigbe,Justin Eboigbe,LAC,92,DT,ACT,77,292,3,Alabama
kaiir-elam,Kaiir Elam,LAC,,CB,DEV,73,191,5,Florida
oronde-gadsden-ii,Oronde Gadsden II,LAC,86,TE,ACT,77,236,2,Syracuse
omarion-hampton,Omarion Hampton,LAC,8,RB,ACT,72,220,2,North Carolina
josh-harris,Josh Harris,LAC,47,LS,ACT,73,224,15,Auburn
alex-harkey,Alex Harkey,LAC,73,G,ACT,78,327,R,Oregon
tre-harris,Tre Harris,LAC,9,WR,ACT,75,210,2,Mississippi
cam-hart,Cam Hart,LAC,20,CB,ACT,74,207,3,Notre Dame
daiyan-henley,Daiyan Henley,LAC,,LB,ACT,73,225,4,Washington State
justin-herbert,Justin Herbert,LAC,10,QB,ACT,78,236,7,Oregon
patrick-herbert,Patrick Herbert,LAC,,TE,DEV,77,255,1,Oregon
alec-ingold-x8122,Alec Ingold,LAC,30,FB,ACT,73,240,8,Wisconsin
donte-jackson,Donte Jackson,LAC,26,CB,ACT,70,180,8,LSU
derwin-james,Derwin James,LAC,3,FS,ACT,74,215,9,Florida State
jordan-jefferson-2,Jordan Jefferson,LAC,,DT,DEV,76,317,3,LSU
tony-jefferson,Tony Jefferson,LAC,23,S,ACT,71,211,12,Oklahoma
gary-jennings,Gary Jennings,LAC,,WR,DEV,73,216,2,West Virginia
amar-johnson-2,Amar Johnson,LAC,35,RB,DEV,70,205,1,South Dakota State
quentin-johnston,Quentin Johnston,LAC,1,WR,ACT,74,208,4,TCU
josh-kaltenberger,Josh Kaltenberger,LAC,68,C,DEV,78,308,1,Maryland
charlie-kolar,Charlie Kolar,LAC,88,TE,ACT,78,250,5,Iowa State
keandre-lambert-smith,KeAndre Lambert-Smith,LAC,84,WR,ACT,73,182,2,Auburn
trey-lance,Trey Lance,LAC,5,QB,ACT,76,226,6,North Dakota State
deane-leonard,Deane Leonard,LAC,33,CB,ACT,72,195,5,Mississippi
khalil-mack,Khalil Mack,LAC,52,OLB,ACT,75,269,13,Buffalo
scott-matlock,Scott Matlock,LAC,44,DT,RSR,76,296,4,Boise State
ladd-mcconkey,Ladd McConkey,LAC,15,WR,ACT,72,185,3,Georgia
akheem-mesidor,Akheem Mesidor,LAC,90,LB,ACT,75,280,R,Miami
r-j-mickens,R.J. Mickens,LAC,27,SAF,ACT,72,210,2,Clemson
keaton-mitchell,Keaton Mitchell,LAC,34,RB,ACT,68,191,4,East Carolina
elijah-molden,Elijah Molden,LAC,2,CB,ACT,70,191,6,Washington
caleb-murphy,Caleb Murphy,LAC,,LB,DEV,75,254,4,Ferris State
david-njoku,David Njoku,LAC,83,TE,ACT,76,246,12,Miami
trevor-penning,Trevor Penning,LAC,75,OT,ACT,79,325,5,Northern Iowa
denzel-perryman,Denzel Perryman,LAC,6,MLB,RES,71,240,12,Miami
del-shawn-phillips,Del'Shawn Phillips,LAC,53,LB,ACT,74,230,7,Illinois
trey-pipkins,Trey Pipkins,LAC,79,OT,ACT,78,307,8,Sioux Falls
nikko-reed,Nikko Reed,LAC,46,DB,DEV,70,180,2,Oregon
j-k-scott,J.K. Scott,LAC,16,P,ACT,77,208,8,Alabama
rodney-shelley,Rodney Shelley,LAC,24,DB,ACT,71,180,R,Georgia Tech
rashawn-slater,Rashawn Slater,LAC,70,OT,ACT,76,315,6,Northwestern
jake-slaughter,Jake Slaughter,LAC,66,C,ACT,76,308,R,Florida
genesis-smith,Genesis Smith,LAC,22,SAF,ACT,74,204,R,Arizona
jacob-spomer,Jacob Spomer,LAC,60,C,ACT,75,290,R,Fresno State
tarheeb-still,Tarheeb Still,LAC,4,CB,ACT,73,196,3,Maryland
cole-strange,Cole Strange,LAC,69,G,ACT,77,305,5,Tennessee-Chattanooga
evan-svoboda,Evan Svoboda,LAC,49,TE,DEV,77,251,R,Wyoming
teair-tart,Teair Tart,LAC,93,DT,ACT,74,315,7,Florida International
branson-taylor,Branson Taylor,LAC,71,OT,RSR,78,330,1,Pittsburgh
logan-taylor,Logan Taylor,LAC,65,G,ACT,79,312,R,Boston College
brenen-thompson,Brenen Thompson,LAC,89,WR,ACT,69,170,R,Mississippi State
dalvin-tomlinson,Dalvin Tomlinson,LAC,94,DE,ACT,75,317,10,Alabama
tuli-tuipulotu,Tuli Tuipulotu,LAC,45,LB,ACT,75,266,4,USC
dj-uiagalelei,DJ Uiagalelei,LAC,7,QB,DEV,76,252,1,Florida State
laekin-vakalahi,Laekin Vakalahi,LAC,78,OT,DEV,77,327,1,
kimani-vidal,Kimani Vidal,LAC,28,RB,ACT,68,215,3,Troy
marlowe-wax,Marlowe Wax,LAC,58,LB,ACT,73,236,2,Syracuse
theo-wease-jr,Theo Wease Jr.,LAC,,WR,DEV,74,210,1,Missouri
terry-webb,Terry Webb,LAC,64,DT,DEV,75,313,R,SMU
kendall-williamson,Kendall Williamson,LAC,32,SAF,ACT,72,203,2,Stanford
isaiah-world,Isaiah World,LAC,67,OT,RSN,80,318,R,Oregon
israel-abanikanda,Israel Abanikanda,DAL,25,RB,DEV,70,225,3,Pittsburgh
bryan-anger,Bryan Anger,DAL,5,P,ACT,75,214,15,California
brandon-aubrey,Brandon Aubrey,DAL,17,K,ACT,75,218,4,Notre Dame
jaishawn-barham,Jaishawn Barham,DAL,55,LB,ACT,74,240,R,Michigan
justin-barron,Justin Barron,DAL,45,LB,DEV,76,235,1,Syracuse
tj-bass,TJ Bass,DAL,66,G,ACT,77,320,4,Oregon
cooper-beebe,Cooper Beebe,DAL,56,C,ACT,75,320,3,Kansas State
markquese-bell,Markquese Bell,DAL,14,SAF,ACT,74,217,5,Florida A&M
daron-bland,DaRon Bland,DAL,26,CB,ACT,74,202,5,Fresno State
tyler-booker,Tyler Booker,DAL,52,G,ACT,77,330,2,Alabama
camden-brown,Camden Brown,DAL,80,WR,ACT,74,204,R,Georgia Southern
jonathan-bullard,Jonathan Bullard,DAL,90,DE,ACT,75,290,11,Florida
caelen-carson,Caelen Carson,DAL,21,DB,ACT,72,198,3,Wake Forest
alijah-clark,Alijah Clark,DAL,11,DB,ACT,73,200,2,Syracuse
kenny-clark,Kenny Clark,DAL,97,NT,ACT,75,314,11,UCLA
ajani-cornelius,Ajani Cornelius,DAL,65,OT,ACT,77,318,2,Oregon
malik-davis,Malik Davis,DAL,20,RB,ACT,71,205,3,Florida
emari-demercado,Emari Demercado,DAL,31,RB,ACT,69,215,4,TCU
caleb-downs,Caleb Downs,DAL,13,SAF,ACT,72,210,R,Ohio State
tommy-dunn,Tommy Dunn,DAL,95,DT,DEV,75,305,R,Kansas
cobie-durant,Cobie Durant,DAL,2,CB,ACT,71,187,5,South Carolina State
donovan-ezeiruaku,Donovan Ezeiruaku,DAL,6,LB,ACT,74,255,2,Boston College
princeton-fant,Princeton Fant,DAL,85,TE,RES,74,245,2,Tennessee
jake-ferguson,Jake Ferguson,DAL,87,TE,ACT,77,250,5,Wisconsin
ryan-flournoy,Ryan Flournoy,DAL,19,WR,ACT,73,205,3,Southeast Missouri State
elijah-garcia,Elijah Garcia,DAL,,DE,DEV,77,302,3,Rice
rashan-gary,Rashan Gary,DAL,7,LB,ACT,77,275,8,Michigan
kelvin-gilliam,Kelvin Gilliam,DAL,94,DT,RES,74,300,R,Virginia Tech
tyler-guyton,Tyler Guyton,DAL,60,OT,ACT,79,325,3,Oklahoma
matt-hennessy,Matt Hennessy,DAL,72,C,RES,76,295,7,Temple
malik-hooker,Malik Hooker,DAL,24,FS,ACT,73,215,10,Ohio State
james-houston,James Houston,DAL,41,LB,ACT,73,248,5,Jackson State University
sam-howell,Sam Howell,DAL,16,QB,ACT,73,225,5,North Carolina
jordan-hudson,Jordan Hudson,DAL,81,WR,DEV,73,202,R,SMU
shemar-james,Shemar James,DAL,50,LB,ACT,73,235,2,Florida
marcellus-johnson,Marcellus Johnson,DAL,79,OT,DEV,76,315,1,Missouri
broderick-jones,Broderick Jones,DAL,77,OT,ACT,77,311,4,Georgia
derion-kendrick,Derion Kendrick,DAL,15,CB,DEV,72,199,5,Georgia
ceedee-lamb,CeeDee Lamb,DAL,88,WR,ACT,74,198,7,Oklahoma
isaiah-land,Isaiah Land,DAL,58,LB,DEV,76,250,3,Florida A&M
malachi-lawrence,Malachi Lawrence,DAL,57,LB,ACT,76,253,R,UCF
nick-leverett,Nick Leverett,DAL,51,G,ACT,75,315,5,Rice
marist-liufau,Marist Liufau,DAL,35,LB,RSR,74,245,3,Notre Dame
p-j-locke,P.J. Locke,DAL,1,DB,ACT,70,205,7,Texas
hunter-luepke,Hunter Luepke,DAL,30,RB,ACT,73,250,4,North Dakota State
von-miller,Von Miller,DAL,40,OLB,ACT,75,245,16,Texas A&M
joe-milton-iii,Joe Milton III,DAL,,QB,DEV,77,236,3,Tennessee
jonathan-mingo,Jonathan Mingo,DAL,18,WR,ACT,74,225,4,Mississippi
james-mitchell,James Mitchell,DAL,,TE,DEV,76,264,4,Virginia Tech
devin-moore-2,Devin Moore,DAL,29,CB,RSR,75,198,R,Florida
wanya-morris,Wanya Morris,DAL,,OT,DEV,78,307,4,Oklahoma
adedayo-odeleye,Adedayo Odeleye,DAL,96,DE,DEV,77,285,1,
otito-ogbonnia,Otito Ogbonnia,DAL,91,DT,ACT,76,320,5,UCLA
demarvion-overshown,DeMarvion Overshown,DAL,,LB,ACT,75,235,4,Texas
lt-overton,LT Overton,DAL,99,DT,ACT,75,274,R,Alabama
george-pickens,George Pickens,DAL,3,WR,ACT,75,205,5,Georgia
dak-prescott,Dak Prescott,DAL,4,QB,ACT,74,230,11,Mississippi State
shavon-revel-jr,Shavon Revel Jr.,DAL,28,CB,ACT,74,198,2,East Carolina
curtis-robinson,Curtis Robinson,DAL,42,LB,DEV,75,246,4,Stanford
dj-rogers,DJ Rogers,DAL,49,TE,RES,76,255,R,TCU
luke-schoonmaker,Luke Schoonmaker,DAL,86,TE,ACT,77,250,4,Michigan
drew-shelton,Drew Shelton,DAL,67,OT,ACT,77,313,R,Penn State
trent-sieg,Trent Sieg,DAL,44,LS,ACT,76,255,9,Colorado State
anthony-smith-3,Anthony Smith,DAL,83,WR,DEV,74,200,R,East Carolina
tyler-smith,Tyler Smith,DAL,73,G,RES,77,328,5,Tulsa
brevyn-spann-ford,Brevyn Spann-Ford,DAL,89,TE,ACT,78,265,3,Minnesota
ameer-speed,Ameer Speed,DAL,23,CB,ACT,75,215,3,Michigan State
terence-steele,Terence Steele,DAL,78,OT,ACT,78,320,7,Texas Tech
reddy-steward,Reddy Steward,DAL,27,DB,DEV,71,187,2,Troy
jalen-thompson,Jalen Thompson,DAL,34,DB,ACT,71,190,8,Washington State
laken-tomlinson,Laken Tomlinson,DAL,,G,DEV,75,323,12,Duke
michael-trigg,Michael Trigg,DAL,46,TE,DEV,76,250,R,Baylor
kavontae-turpin,KaVontae Turpin,DAL,9,WR,ACT,67,158,5,TCU
tyrus-wheat,Tyrus Wheat,DAL,59,LB,ACT,74,260,4,Mississippi State
quinnen-williams,Quinnen Williams,DAL,92,DT,ACT,75,303,8,Alabama
javonte-williams,Javonte Williams,DAL,33,RB,ACT,70,220,6,North Carolina
dee-winters,Dee Winters,DAL,53,LB,ACT,71,227,4,TCU
paulson-adebo,Paulson Adebo,NYG,21,CB,ACT,73,192,6,Stanford
darius-alexander,Darius Alexander,NYG,91,DT,ACT,76,310,2,Toledo
calvin-austin-iii,Calvin Austin III,NYG,82,WR,RES,69,162,5,Memphis
deonte-banks,Deonte Banks,NYG,2,CB,ACT,74,200,4,Maryland
zaire-barnes,Zaire Barnes,NYG,46,LB,ACT,73,232,4,Western Michigan
odell-beckham,Odell Beckham Jr.,NYG,13,WR,ACT,71,198,11,LSU
jarrick-bernard-converse,Jarrick Bernard-Converse,NYG,35,CB,RES,73,205,4,LSU
braxton-berrios,Braxton Berrios,NYG,87,WR,DEV,69,190,9,Miami
korie-black,Korie Black,NYG,38,CB,RSR,72,190,2,Oklahoma State
brian-burns,Brian Burns,NYG,,LB,ACT,77,250,8,Florida State
dalen-cambre,Dalen Cambre,NYG,83,WR,DEV,72,192,2,Louisiana
elijah-campbell,Elijah Campbell,NYG,28,DB,ACT,71,190,6,Northern Iowa
abdul-carter,Abdul Carter,NYG,3,LB,ACT,75,252,2,Penn State
jaxson-dart,Jaxson Dart,NYG,6,QB,ACT,74,223,2,Mississippi
j-c-davis,J.C. Davis,NYG,74,OT,ACT,76,322,R,Illinois
tremaine-edmunds,Tremaine Edmunds,NYG,49,MLB,ACT,76,251,9,Virginia Tech
kingsley-eguakun,Kingsley Eguakun,NYG,,C,DEV,75,305,2,Florida
jermaine-eluemunor,Jermaine Eluemunor,NYG,72,G,ACT,76,338,10,Texas A&M
thomas-fidone-ii,Thomas Fidone II,NYG,86,TE,ACT,78,255,2,Nebraska
malachi-fields,Malachi Fields,NYG,88,WR,ACT,76,222,R,Notre Dame
grant-finley,Grant Finley,NYG,,RB,DEV,76,270,R,Missouri Western
trace-ford,Trace Ford,NYG,48,LB,DEV,74,252,1,Oklahoma
chauncey-golston,Chauncey Golston,NYG,57,DE,ACT,77,277,6,Iowa
jarrod-gray,Jarrod Gray,NYG,79,OT,DEV,79,318,R,
jake-haener,Jake Haener,NYG,18,QB,DEV,73,200,3,Fresno State
najee-harris,Najee Harris,NYG,23,RB,ACT,73,232,6,Alabama
shelby-harris,Shelby Harris,NYG,93,DE,ACT,74,288,12,Illinois State
malik-harrison,Malik Harrison,NYG,,LB,DEV,75,247,7,Ohio State
jevon-holland,Jevon Holland,NYG,8,SAF,ACT,73,207,6,Oregon
colton-hood,Colton Hood,NYG,12,CB,ACT,72,195,R,Tennessee
bryan-hudson,Bryan Hudson,NYG,60,C,ACT,77,305,1,Louisville
jalin-hyatt,Jalin Hyatt,NYG,13,WR,DEV,72,185,4,Tennessee
bobby-jamison-travis,Bobby Jamison-Travis,NYG,97,DT,ACT,75,328,R,Auburn
theo-johnson,Theo Johnson,NYG,84,TE,ACT,78,264,3,Penn State
charlie-jones-3,Charlie Jones,NYG,,WR,DEV,72,190,4,Purdue
elijah-jones-2,Elijah Jones,NYG,,CB,DEV,73,185,3,Boston College
nic-jones,Nic Jones,NYG,31,CB,ACT,72,189,3,Ball State
jack-kelly,Jack Kelly,NYG,51,LB,ACT,74,240,R,BYU
darian-kinnard,Darian Kinnard,NYG,,G,DEV,77,322,4,Kentucky
raheem-layne,Raheem Layne,NYG,43,SAF,DEV,71,192,3,Indiana
isaiah-likely,Isaiah Likely,NYG,9,TE,ACT,76,241,5,Coastal Carolina
chris-manhertz,Chris Manhertz,NYG,85,TE,ACT,78,235,11,Canisius College
ben-mann-2,Ben Mann,NYG,58,LS,ACT,77,232,R,Boston College
chandler-martin,Chandler Martin,NYG,55,LB,DEV,72,230,1,Memphis
francis-mauigoa,Francis Mauigoa,NYG,65,OT,ACT,78,335,R,Miami
marcus-mbow,Marcus Mbow,NYG,71,G,ACT,77,300,2,Purdue
micah-mcfadden,Micah McFadden,NYG,41,LB,ACT,74,232,5,Indiana
darnell-mooney,Darnell Mooney,NYG,17,WR,ACT,71,177,7,Tulane
malik-nabers,Malik Nabers,NYG,1,WR,ACT,72,200,3,LSU
greg-newsome-ii,Greg Newsome II,NYG,20,CB,ACT,72,192,6,Northwestern
tyler-nubin,Tyler Nubin,NYG,27,SAF,ACT,74,210,3,Minnesota
basil-okoye,Basil Okoye,NYG,99,DT,ACT,78,365,2,
gunner-olszewski,Gunner Olszewski,NYG,80,WR,RES,72,192,8,Bemidji State University
rico-payton,Rico Payton,NYG,36,CB,RES,72,182,3,Pittsburg State (KS)
andru-phillips,Andru Phillips,NYG,22,DB,ACT,71,180,3,Kentucky
jason-pinnock,Jason Pinnock,NYG,25,SAF,ACT,72,200,6,Pittsburgh
d-j-reader,DJ Reader,NYG,98,DT,ACT,75,335,11,Clemson
arvell-reese,Arvell Reese,NYG,52,LB,ACT,76,243,R,Ohio State
patrick-ricard,Patrick Ricard,NYG,45,RB,ACT,75,300,10,Maine
roy-robertson-harris,Roy Robertson-Harris,NYG,95,DE,RES,79,300,10,Texas-El Paso
jon-runyan-2,Jon Runyan,NYG,76,G,ACT,76,307,7,Michigan
ryan-schernecke,Ryan Schernecke,NYG,70,OT,DEV,80,330,R,Kutztown
john-michael-schmitz,John Michael Schmitz,NYG,61,C,ACT,76,320,4,Minnesota
devin-singletary,Devin Singletary,NYG,26,RB,ACT,67,203,8,Florida Atlantic
cam-skattebo,Cam Skattebo,NYG,44,RB,ACT,71,215,2,Arizona State
aaron-stinnie,Aaron Stinnie,NYG,64,G,ACT,75,312,9,James Madison
jordan-stout,Jordan Stout,NYG,15,P,ACT,75,214,5,Penn State
kayvon-thibodeaux,Kayvon Thibodeaux,NYG,5,LB,ACT,77,258,5,Oregon
andrew-thomas,Andrew Thomas,NYG,78,OT,ACT,77,315,7,Georgia
tyrone-tracy-jr,Tyrone Tracy Jr.,NYG,29,RB,ACT,71,210,3,Purdue
josh-tupou,Josh Tupou,NYG,94,DT,DEV,75,340,7,Colorado
geno-vandemark,Geno VanDeMark,NYG,,C,DEV,77,326,R,Alabama
ar-darius-washington,Ar'Darius Washington,NYG,24,SAF,ACT,68,180,5,TCU
jameis-winston,Jameis Winston,NYG,19,QB,ACT,76,231,12,Florida State
dominic-zvada,Dominic Zvada,NYG,34,K,ACT,75,187,R,Michigan
kiran-amegadjie,Kiran Amegadjie,PHI,,OT,DEV,77,326,3,Yale
saquon-barkley,Saquon Barkley,PHI,26,RB,ACT,72,232,9,Penn State
zack-baun,Zack Baun,PHI,53,LB,ACT,75,225,7,Wisconsin
markel-bell,Markel Bell,PHI,72,OT,ACT,81,345,R,Miami
jakorian-bennett,Jakorian Bennett,PHI,23,DB,RSR,70,200,4,Maryland
uar-bernard,Uar Bernard,PHI,93,DT,DEV,76,306,R,
tank-bigsby,Tank Bigsby,PHI,8,RB,ACT,71,215,4,Auburn
jaydon-blue,Jaydon Blue,PHI,,RB,DEV,69,198,2,Texas
marquise-brown,Marquise Brown,PHI,,WR,ACT,69,170,8,Oklahoma
grant-calcaterra,Grant Calcaterra,PHI,81,TE,RSR,76,240,5,SMU
chance-campbell,Chance Campbell,PHI,59,LB,DEV,74,232,4,Mississippi
jihaad-campbell,Jihaad Campbell,PHI,11,LB,ACT,75,235,2,Alabama
jalen-carter,Jalen Carter,PHI,98,DT,ACT,75,314,4,Georgia
michael-carter-ii,Michael Carter II,PHI,35,CB,ACT,70,184,6,Duke
darius-cooper,Darius Cooper,PHI,80,WR,ACT,71,210,2,Tarleton State
britain-covey,Britain Covey,PHI,85,WR,DEV,68,173,5,Utah
andy-dalton,Andy Dalton,PHI,14,QB,ACT,74,220,16,TCU
jordan-davis,Jordan Davis,PHI,90,DT,ACT,78,336,5,Georgia
cooper-dejean,Cooper DeJean,PHI,33,CB,ACT,72,198,3,Iowa
landon-dickerson,Landon Dickerson,PHI,69,G,ACT,78,333,6,Alabama
arnold-ebiketie,Arnold Ebiketie,PHI,17,LB,ACT,75,256,5,Penn State
jake-elliott,Jake Elliott,PHI,4,K,ACT,69,167,10,Memphis
a-j-epenesa,A.J. Epenesa,PHI,57,LB,ACT,78,280,7,Iowa
marcus-epps,Marcus Epps,PHI,29,SAF,ACT,72,198,8,Wyoming
xavier-gipson,Xavier Gipson,PHI,,WR,DEV,69,189,4,Stephen F. Austin State
dallas-goedert,Dallas Goedert,PHI,88,TE,ACT,77,256,9,South Dakota State
danny-gray,Danny Gray,PHI,82,WR,DEV,72,200,3,SMU
jonathan-greenard,Jonathan Greenard,PHI,52,LB,ACT,75,263,7,Florida
gabe-hall-2,Gabe Hall,PHI,96,DT,DEV,78,295,1,Baylor
jalyx-hunt,Jalyx Hunt,PHI,58,LB,ACT,75,252,3,Houston Christian University
jalen-hurts,Jalen Hurts,PHI,1,QB,ACT,73,223,7,Oklahoma
keyshawn-james-newby,Keyshawn James-Newby,PHI,50,LB,DEV,73,240,R,New Mexico
e-j-jenkins,E.J. Jenkins,PHI,84,TE,ACT,78,245,2,Georgia Tech
fred-johnson,Fred Johnson,PHI,74,OT,ACT,79,326,8,Florida
lane-johnson,Lane Johnson,PHI,65,OT,ACT,78,325,14,Oklahoma
jonathan-jones,Jonathan Jones,PHI,31,DB,ACT,70,190,11,Auburn
cam-jurgens,Cam Jurgens,PHI,51,C,ACT,75,303,5,Nebraska
drew-kendall,Drew Kendall,PHI,66,C,ACT,76,308,2,Boston College
willie-lampkin,Willie Lampkin,PHI,61,G,ACT,71,290,2,North Carolina
tucker-large,Tucker Large,PHI,,SAF,RSN,71,183,R,Washington State
makai-lemon,Makai Lemon,PHI,9,WR,ACT,71,192,R,USC
robert-longerbeam,Robert Longerbeam,PHI,,CB,DEV,71,175,2,Rutgers
jordan-mailata,Jordan Mailata,PHI,68,OT,ACT,80,365,9,
jake-majors,Jake Majors,PHI,75,C,DEV,75,315,1,Texas
braden-mann,Braden Mann,PHI,10,P,ACT,71,198,7,Texas A&M
tanner-mckee,Tanner McKee,PHI,16,QB,ACT,78,230,4,Stanford
mac-mcwilliams,Mac McWilliams,PHI,22,CB,ACT,70,191,2,UCF
quinyon-mitchell,Quinyon Mitchell,PHI,27,CB,ACT,72,193,3,Toledo
smael-mondon-jr,Smael Mondon Jr.,PHI,42,LB,ACT,74,225,2,Georgia
elijah-moore,Elijah Moore,PHI,19,WR,ACT,70,178,6,Mississippi
micah-morris,Micah Morris,PHI,76,G,ACT,77,334,R,Georgia
andrew-mukuba,Andrew Mukuba,PHI,24,SAF,ACT,71,186,2,Texas
johnny-mundt,Johnny Mundt,PHI,83,TE,ACT,76,245,9,Oregon
moro-ojomo,Moro Ojomo,PHI,97,DT,ACT,75,292,4,Texas
john-ojukwu,John Ojukwu,PHI,67,OT,DEV,77,309,2,Boise State
cole-payton,Cole Payton,PHI,18,QB,ACT,74,233,R,North Dakota State
dameon-pierce,Dameon Pierce,PHI,39,RB,DEV,70,215,5,Florida
maximus-pulley,Maximus Pulley,PHI,36,SAF,DEV,71,200,R,Wofford
mason-reiger,Mason Reiger,PHI,,DE,DEV,77,248,R,Wisconsin
kelee-ringo,Kelee Ringo,PHI,7,CB,ACT,74,207,4,Georgia
ty-robinson,Ty Robinson,PHI,95,DT,ACT,77,288,2,Nebraska
andre-sam,Andre' Sam,PHI,32,SAF,RES,70,194,1,LSU
will-shipley,Will Shipley,PHI,28,RB,ACT,71,210,3,Clemson
devonta-smith,DeVonta Smith,PHI,6,WR,ACT,72,170,6,Alabama
nolan-smith,Nolan Smith,PHI,3,LB,ACT,74,238,4,Georgia
carson-steele,Carson Steele,PHI,34,RB,DEV,72,228,2,UCLA
tyler-steen,Tyler Steen,PHI,56,G,ACT,78,321,4,Alabama
eli-stowers,Eli Stowers,PHI,87,TE,ACT,76,239,R,Vanderbilt
jeremiah-trotter-jr,Jeremiah Trotter Jr.,PHI,54,LB,ACT,72,225,3,Clemson
rocco-underwood,Rocco Underwood,PHI,41,LS,ACT,75,231,R,Florida
joshua-weru,Joshua Weru,PHI,46,LB,DEV,76,244,R,
dontayvion-wicks,Dontayvion Wicks,PHI,13,WR,ACT,73,206,4,Virginia
johnny-wilson-2,Johnny Wilson,PHI,89,WR,RES,78,228,3,Florida State
cole-wisniewski,Cole Wisniewski,PHI,21,SAF,DEV,75,219,R,Texas Tech
tariq-woolen,Riq Woolen,PHI,2,CB,ACT,76,210,5,Texas-San Antonio
byron-young,Byron Young,PHI,94,DT,ACT,75,292,4,Alabama
nick-allegretti,Nick Allegretti,WAS,67,G,ACT,76,310,8,Illinois
kaytron-allen,Kaytron Allen,WAS,31,RB,ACT,71,217,R,Penn State
trey-amos,Trey Amos,WAS,23,CB,RSR,73,190,2,Mississippi
dorance-armstrong,Dorance Armstrong,WAS,92,DE,SUS,76,255,9,Kansas
ricky-barber,Ricky Barber,WAS,50,DT,ACT,75,295,1,UCF
john-bates,John Bates,WAS,87,TE,ACT,78,256,6,Boise State
jaden-bradley,Jaden Bradley,WAS,86,WR,DEV,76,195,R,UNLV
dyami-brown,Dyami Brown,WAS,6,WR,ACT,72,195,6,North Carolina
treylon-burks,Treylon Burks,WAS,13,WR,ACT,74,225,5,Arkansas
percy-butler,Percy Butler,WAS,35,SAF,ACT,72,191,5,Louisiana-Lafayette
k-lavon-chaisson,K'Lavon Chaisson,WAS,45,LB,ACT,75,255,7,LSU
leo-chenal,Leo Chenal,WAS,54,LB,ACT,75,250,5,Wisconsin
brandon-coleman-2,Brandon Coleman,WAS,74,G,ACT,78,320,3,TCU
josh-conerly-jr,Josh Conerly Jr.,WAS,72,OT,ACT,76,315,2,Oregon
samuel-cosmi,Sam Cosmi,WAS,76,OT,ACT,78,309,6,Texas
byron-cowart,Byron Cowart,WAS,55,DT,DEV,75,300,6,Maryland
jacory-croskey-merritt,Jacory Croskey-Merritt,WAS,22,RB,ACT,71,208,2,Arizona
nick-cross,Nick Cross,WAS,25,SAF,ACT,72,212,5,Maryland
jayden-daniels,Jayden Daniels,WAS,5,QB,ACT,76,210,3,LSU
fred-davis-6,Fred Davis,WAS,38,CB,DEV,73,200,R,Northwestern
stefon-diggs,Stefon Diggs,WAS,3,WR,ACT,72,191,12,Maryland
rasul-douglas,Rasul Douglas,WAS,29,CB,ACT,74,209,10,West Virginia
julian-good-jones,Julian Good-Jones,WAS,61,G,DEV,77,313,2,Iowa State
matt-gulbin,Matt Gulbin,WAS,66,C,ACT,76,312,R,Michigan State
sam-hartman,Sam Hartman,WAS,15,QB,DEV,73,209,1,Notre Dame
robert-henry-jr,Robert Henry Jr.,WAS,30,RB,DEV,69,205,R,Texas-San Antonio
javontae-jean-baptiste,Javontae Jean-Baptiste,WAS,41,LB,ACT,76,260,3,Notre Dame
van-jefferson,Van Jefferson,WAS,,WR,DEV,73,200,7,Florida
dj-johnson-2,DJ Johnson,WAS,53,DE,DEV,76,260,3,Oregon
joshua-josephs,Joshua Josephs,WAS,48,LB,ACT,75,240,R,Tennessee
ale-kaho,Ale Kaho,WAS,51,LB,DEV,74,230,2,UCLA
athan-kaliakmanis,Athan Kaliakmanis,WAS,16,QB,ACT,74,216,R,Rutgers
javon-kinlaw,Javon Kinlaw,WAS,99,DT,ACT,77,319,7,South Carolina
jaylin-lane,Jaylin Lane,WAS,83,WR,ACT,70,196,2,Virginia Tech
frankie-luvu,Frankie Luvu,WAS,4,LB,ACT,75,236,9,Washington State
jordan-magee,Jordan Magee,WAS,58,LB,ACT,75,226,3,Temple
marcus-mariota,Marcus Mariota,WAS,8,QB,ACT,76,222,12,Oregon
jartavius-martin,Quan Martin,WAS,20,SAF,ACT,72,195,4,Illinois
jeffrey-m-ba,Jeffrey M'ba,WAS,60,DT,DEV,78,312,R,SMU
luke-mccaffrey,Luke McCaffrey,WAS,11,WR,ACT,74,195,3,Rice
terry-mclaurin,Terry McLaurin,WAS,17,WR,ACT,72,210,8,Ohio State
jeremy-mcnichols,Jeremy McNichols,WAS,26,RB,RSR,69,205,6,Boise State
kain-medrano,Kain Medrano,WAS,56,LB,ACT,75,230,2,UCLA
fabian-moreau,Fabian Moreau,WAS,24,CB,ACT,72,204,10,UCLA
jer-zhan-newton,Jer'Zhan Newton,WAS,95,DT,RES,74,295,3,Illinois
chigoziem-okonkwo,Chig Okonkwo,WAS,85,TE,ACT,75,238,5,Maryland
charles-omenihu,Charles Omenihu,WAS,90,DE,ACT,77,280,8,Texas
tyler-ott,Tyler Ott,WAS,69,LS,ACT,75,253,12,Harvard
odafe-oweh,Odafe Oweh,WAS,98,LB,ACT,77,251,6,Penn State
tyler-owens,Tyler Owens,WAS,18,DB,ACT,74,213,3,Texas Tech
chris-paul,Chris Paul,WAS,75,G,ACT,76,324,5,Tulsa
daron-payne,Daron Payne,WAS,94,NT,ACT,75,320,9,Alabama
esa-pole,Esa Pole,WAS,,OT,DEV,79,319,2,Washington State
jeremy-reaves,Jeremy Reaves,WAS,39,DB,ACT,71,200,7,South Alabama
craig-reynolds,Craig Reynolds,WAS,24,RB,DEV,71,225,7,Kutztown
amik-robertson,Amik Robertson,WAS,2,CB,ACT,69,183,7,Louisiana Tech
darius-rush,Darius Rush,WAS,29,CB,DEV,74,198,2,South Carolina
mike-sainristil,Mike Sainristil,WAS,,CB,ACT,70,182,3,Michigan
trent-scott,Trent Scott,WAS,73,OT,DEV,77,320,9,Grambling State
tim-settle,Tim Settle,WAS,97,DT,ACT,75,315,9,Virginia Tech
ben-sinnott,Ben Sinnott,WAS,82,TE,ACT,76,245,3,Kansas State
terell-smith,Terell Smith,WAS,,CB,DEV,72,204,4,Minnesota
drew-stevens,Drew Stevens,WAS,19,K,ACT,73,213,R,Iowa
sonny-styles,Sonny Styles,WAS,52,LB,ACT,77,243,R,Ohio State
tanoa-togiai,Tanoa Togiai,WAS,62,G,ACT,78,321,R,Utah
laremy-tunsil,Laremy Tunsil,WAS,78,OT,RES,77,313,11,Mississippi
shy-tuttle,Shy Tuttle,WAS,96,DT,ACT,75,300,8,Tennessee
tress-way,Tress Way,WAS,10,P,ACT,73,220,13,Oklahoma
jack-westover,Jack Westover,WAS,,TE,DEV,75,252,2,Washington
rachaad-white,Rachaad White,WAS,1,RB,ACT,72,214,5,Arizona State
antonio-williams-2,Antonio Williams,WAS,14,WR,ACT,71,195,R,Clemson
deatrich-wise,Deatrich Wise,WAS,91,DE,PUP,77,280,10,Arkansas
andrew-wylie,Andrew Wylie,WAS,71,G,ACT,77,304,9,Eastern Michigan
colson-yankoff,Colson Yankoff,WAS,80,TE,ACT,76,225,3,UCLA
isaac-yiadom,Isaac Yiadom,WAS,,CB,DEV,73,188,9,Boston College
salvon-ahmed,Salvon Ahmed,CHI,36,RB,DEV,71,197,6,Washington
tyson-bagent,Tyson Bagent,CHI,17,QB,ACT,75,213,4,Shepherd
caden-barnett,Caden Barnett,CHI,76,G,DEV,76,316,R,Wyoming
theo-benedet,Theo Benedet,CHI,79,OL,ACT,79,305,2,University of British Columbia
josh-blackwell,Josh Blackwell,CHI,39,CB,ACT,71,180,5,Duke
austin-booker,Austin Booker,CHI,94,DE,ACT,78,245,3,Kansas
garrett-bradbury,Garrett Bradbury,CHI,67,C,ACT,75,305,8,N.C. State
brittain-brown,Brittain Brown,CHI,38,RB,RES,73,205,3,UCLA
coby-bryant,Coby Bryant,CHI,2,CB,RES,73,205,5,Cincinnati
luther-burden-iii,Luther Burden III,CHI,10,WR,ACT,72,210,2,Missouri
devin-bush,Devin Bush,CHI,12,LB,ACT,71,234,8,Michigan
stephen-carlson,Stephen Carlson,CHI,88,TE,DEV,76,248,4,Princeton
marcus-davenport,Marcus Davenport,CHI,52,DE,DEV,78,265,9,Texas-San Antonio
kaden-davis,Kaden Davis,CHI,81,WR,DEV,73,193,1,NW Missouri State University
t-j-edwards,T.J. Edwards,CHI,53,LB,ACT,72,228,8,Wisconsin
keyshaun-elliott,Keyshaun Elliott,CHI,49,LB,ACT,73,233,R,Arizona State
tony-fields-ii,Tony Fields II,CHI,43,LB,RES,73,220,5,West Virginia
dallis-flowers,Dallis Flowers,CHI,37,CB,RES,73,196,4,Pittsburg State (KS)
neville-gallimore,Neville Gallimore,CHI,90,DT,ACT,74,307,7,Oklahoma
beau-gardner-2,Beau Gardner,CHI,45,LS,ACT,77,249,R,Georgia
jonathan-garvin,Jonathan Garvin,CHI,52,DE,RES,76,257,4,Miami
kyler-gordon,Kyler Gordon,CHI,6,CB,PUP,71,200,5,Washington
daniel-hardy-2,Daniel Hardy,CHI,92,DE,ACT,74,255,4,Montana State
kyle-hergel,Kyle Hergel,CHI,60,OL,DEV,74,315,2,Boston College
elijah-hicks,Elijah Hicks,CHI,22,SAF,ACT,71,204,5,California
ruben-hyppolite-ii,Ruben Hyppolite II,CHI,47,LB,RES,72,236,2,Maryland
qadir-ismail,Qadir Ismail,CHI,80,TE,DEV,78,245,1,Samford
d-marco-jackson,D'Marco Jackson,CHI,48,LB,ACT,73,233,5,Appalachian State
jonah-jackson,Jonah Jackson,CHI,73,G,ACT,75,319,7,Ohio State
grady-jarrett,Grady Jarrett,CHI,50,DT,ACT,73,294,12,Clemson
anthony-johnson-4,Anthony Johnson,CHI,,CB,DEV,74,205,3,Virginia
buddy-johnson,Buddy Johnson,CHI,47,LB,DEV,74,240,5,Texas A&M
jaylon-johnson,Jaylon Johnson,CHI,1,CB,ACT,72,195,7,Utah
roschon-johnson,Roschon Johnson,CHI,23,RB,ACT,72,227,4,Texas
braxton-jones,Braxton Jones,CHI,70,OT,ACT,77,303,5,Southern Utah State
christian-jones-2,Christian Jones,CHI,,OT,DEV,77,320,3,Texas
logan-jones,Logan Jones,CHI,54,C,ACT,75,299,R,Iowa
nikola-kalinic,Nikola Kalinic,CHI,86,TE,RES,76,248,2,York (Canada)
case-keenum,Case Keenum,CHI,11,QB,ACT,73,220,14,Houston
cole-kmet,Cole Kmet,CHI,85,TE,ACT,78,257,7,Notre Dame
jamree-kromah,Jamree Kromah,CHI,59,DE,ACT,75,268,1,James Madison
hayden-large,Hayden Large,CHI,43,TE,RES,76,255,R,Iowa
cam-lewis,Cam Lewis,CHI,21,CB,ACT,69,183,7,Buffalo
colston-loveland,Colston Loveland,CHI,84,TE,ACT,78,241,2,Michigan
jayden-loving,Jayden Loving,CHI,91,DT,ACT,73,309,R,Wake Forest
james-lynch-2,James Lynch,CHI,97,DT,ACT,76,295,7,Baylor
wayne-matthews-ii,Wayne Matthews II,CHI,35,LB,DEV,72,221,R,Michigan State
jordan-mcfadden,Jordan McFadden,CHI,74,G,ACT,74,306,4,Clemson
scott-miller,Scott Miller,CHI,82,WR,DEV,69,174,8,Bowling Green
kyle-monangai,Kyle Monangai,CHI,25,RB,ACT,68,207,2,Rutgers
malik-muhammad,Malik Muhammad,CHI,24,CB,ACT,72,182,R,Texas
luke-newman,Luke Newman,CHI,65,G,ACT,76,308,2,Michigan State
dayo-odeyingbo,Dayo Odeyingbo,CHI,55,DE,ACT,77,282,6,Vanderbilt
rome-odunze,Rome Odunze,CHI,15,WR,ACT,75,215,3,Washington
clark-phillips-iii,Clark Phillips III,CHI,20,CB,ACT,70,183,4,Utah
deantre-prince,Deantre Prince,CHI,37,CB,DEV,72,183,2,Mississippi
kalif-raymond,Kalif Raymond,CHI,14,WR,ACT,69,160,10,Holy Cross
jp-richardson,JP Richardson,CHI,83,WR,DEV,71,192,1,TCU
sam-roush,Sam Roush,CHI,87,TE,ACT,77,267,R,Stanford
jack-sanborn,Jack Sanborn,CHI,57,LB,ACT,74,234,5,Wisconsin
cairo-santos,Cairo Santos,CHI,8,K,ACT,68,173,13,Tulane
zavier-scott,Zavier Scott,CHI,,RB,DEV,73,221,2,Maine
nephi-sewell,Nephi Sewell,CHI,45,LB,RES,72,228,3,Utah
noah-sewell,Noah Sewell,CHI,46,LB,PUP,73,246,4,Oregon
keidron-smith,Keidron Smith,CHI,,DB,DEV,74,210,2,Kentucky
tyrique-stevenson,Tyrique Stevenson,CHI,29,CB,ACT,72,212,4,Miami
kentavius-street,Kentavius Street,CHI,93,DE,ACT,74,315,8,N.C. State
montez-sweat,Montez Sweat,CHI,98,DE,ACT,78,270,8,Mississippi State
d-andre-swift,D'Andre Swift,CHI,4,RB,ACT,68,204,7,Georgia
tory-taylor,Tory Taylor,CHI,19,P,ACT,76,225,3,Iowa
dillon-thieneman,Dillon Thieneman,CHI,31,SAF,ACT,72,201,R,Oregon
skyler-thomas-2,Skyler Thomas,CHI,38,SAF,ACT,74,191,R,Oregon State
zavion-thomas,Zavion Thomas,CHI,13,WR,ACT,70,190,R,LSU
joseph-michael-thuney,Joe Thuney,CHI,62,G,ACT,77,301,11,N.C. State
ozzy-trapilo,Ozzy Trapilo,CHI,75,OT,ACT,80,312,2,Boston College
shemar-turner,Shemar Turner,CHI,95,DT,PUP,75,293,2,Texas A&M
jordan-van-den-berg,Jordan van den Berg,CHI,96,DT,ACT,75,310,R,Georgia Tech
jahdae-walker,Jahdae Walker,CHI,9,WR,ACT,75,206,2,Texas A&M
caleb-williams,Caleb Williams,CHI,18,QB,ACT,73,226,3,USC
xavier-woods,Xavier Woods,CHI,32,FS,ACT,71,200,10,Louisiana Tech
darnell-wright,Darnell Wright,CHI,58,OT,ACT,77,325,4,Tennessee
keith-abney-ii,Keith Abney II,DET,6,CB,ACT,69,187,R,Arizona State
luke-altmyer,Luke Altmyer,DET,15,QB,DEV,73,213,R,Illinois
joe-bachie,Joe Bachie,DET,35,LB,ACT,74,238,7,Michigan State
derrick-barnes-2,Derrick Barnes,DET,55,LB,ACT,72,240,6,Purdue
ben-bartch,Ben Bartch,DET,78,OT,ACT,78,318,7,St. John's (MN)
jake-bates,Jake Bates,DET,39,K,ACT,70,205,3,Arkansas
larry-borom,Larry Borom,DET,79,G,ACT,77,325,6,Missouri
brian-branch,Brian Branch,DET,32,CB,PUP,72,203,4,Alabama
natrone-brooks,Natrone Brooks,DET,,DB,DEV,71,176,3,Southern Mississippi
aamaris-brown,Aamaris Brown,DET,24,DB,DEV,70,198,R,UNLV
jack-campbell-3,Jack Campbell,DET,46,LB,ACT,77,246,4,Iowa
chuck-clark,Chuck Clark,DET,36,SAF,ACT,72,209,10,Virginia Tech
damone-clark,Damone Clark,DET,11,LB,RES,74,240,5,LSU
devin-cochran,Devin Cochran,DET,77,OT,DEV,79,322,3,Georgia Tech
tyler-conklin,Tyler Conklin,DET,83,TE,ACT,75,245,9,Central Michigan
joshua-dobbs,Joshua Dobbs,DET,11,QB,ACT,75,216,10,Tennessee
khalil-dorsey,Khalil Dorsey,DET,30,CB,ACT,68,190,6,Northern Arizona
jack-fox-x0892,Jack Fox,DET,3,P,ACT,74,218,7,Rice
miles-frazier,Miles Frazier,DET,71,G,ACT,78,325,2,LSU
jahmyr-gibbs,Jahmyr Gibbs,DET,,RB,ACT,69,202,4,Alabama
skyler-gill-howard,Skyler Gill-Howard,DET,50,DT,ACT,72,280,R,Texas Tech
jared-goff,Jared Goff,DET,16,QB,ACT,76,217,11,California
thomas-gordon-2,Thomas Gordon,DET,82,TE,DEV,76,250,1,Northwestern
thomas-harper,Thomas Harper,DET,12,SAF,ACT,68,195,3,Notre Dame
ahmed-hassanein,Ahmed Hassanein,DET,99,DE,ACT,74,275,1,Boise State
hogan-hatten,Hogan Hatten,DET,49,LS,ACT,74,239,3,Idaho
aidan-hutchinson,Aidan Hutchinson,DET,97,DE,ACT,79,268,5,Michigan
christian-izien,Christian Izien,DET,5,SAF,ACT,70,206,4,Rutgers
lucky-jackson,Lucky Jackson,DET,9,WR,DEV,72,186,1,Western Kentucky
kerby-joseph,Kerby Joseph,DET,31,SAF,PUP,72,210,5,Illinois
tom-kennedy,Tom Kennedy,DET,85,WR,ACT,70,195,4,Bryant
elijah-klein,Elijah Klein,DET,,G,DEV,76,319,3,Texas-El Paso
tyler-lacy,Tyler Lacy,DET,93,DE,ACT,76,300,4,Oklahoma State
sam-laporta,Sam LaPorta,DET,87,TE,ACT,75,245,4,Iowa
kendrick-law,Kendrick Law,DET,88,WR,RES,71,203,R,Kentucky
dominic-lovett,Dominic Lovett,DET,19,WR,DEV,70,185,2,Georgia
anthony-lucas-2,Anthony Lucas,DET,61,DE,DEV,77,265,R,USC
avonte-maddox,Avonte Maddox,DET,29,FS,ACT,69,191,9,Pittsburgh
christian-mahogany,Christian Mahogany,DET,73,G,ACT,75,330,3,Boston College
giovanni-manu,Giovanni Manu,DET,59,OL,RSN,79,345,3,University of British Columbia
tay-martin,Tay Martin,DET,17,WR,ACT,75,186,1,Oklahoma State
cade-mays,Cade Mays,DET,64,C,RSR,78,325,5,Tennessee
roger-mccreary,Roger McCreary,DET,21,CB,ACT,71,190,5,Auburn
seth-mclaughlin,Seth McLaughlin,DET,,C,DEV,76,305,1,Ohio State
alim-mcneill,Alim McNeill,DET,54,DT,ACT,74,310,6,N.C. State
jackson-meeks,Jackson Meeks,DET,13,WR,ACT,74,235,1,Syracuse
blake-miller-3,Blake Miller,DET,76,OT,ACT,78,320,R,Clemson
mason-miller,Mason Miller,DET,63,OT,DEV,79,318,1,North Dakota State
derrick-moore-2,Derrick Moore,DET,8,DE,ACT,75,260,R,Michigan
trevor-nowaske,Trevor Nowaske,DET,53,LB,ACT,75,237,4,Saginaw Valley State
amen-ogbongbemiga,Amen Ogbongbemiga,DET,57,LB,DEV,72,231,6,Oklahoma State
eric-o-neill,Eric O'Neill,DET,66,DE,ACT,74,250,R,Rutgers
isiah-pacheco,Isiah Pacheco,DET,10,RB,RES,70,210,5,Rutgers
ennis-rakestraw-jr,Ennis Rakestraw Jr.,DET,2,CB,ACT,71,192,3,Missouri
tate-ratledge,Tate Ratledge,DET,69,G,ACT,78,322,2,Georgia
d-j-reed,D.J. Reed,DET,4,CB,ACT,69,190,9,Kansas State
malcolm-rodriguez,Malcolm Rodriguez,DET,44,LB,ACT,71,230,5,Oklahoma State
jimmy-rolder,Jimmy Rolder,DET,41,LB,ACT,74,238,R,Michigan
jacob-saylors,Jacob Saylors,DET,25,RB,ACT,71,195,2,East Tennessee State
juice-scruggs,Juice Scruggs,DET,70,C,ACT,75,320,4,Penn State
penei-sewell,Penei Sewell,DET,58,OT,ACT,77,335,6,Oregon
jabari-small,Jabari Small,DET,,RB,DEV,71,208,1,Tennessee
chris-smith-9,Chris Smith,DET,90,DT,DEV,73,320,1,Notre Dame
amon-ra-st-brown,Amon-Ra St. Brown,DET,14,WR,ACT,72,202,6,USC
ben-stille,Ben Stille,DET,96,DE,DEV,76,296,3,Nebraska
isaac-teslaa,Isaac TeSlaa,DET,18,WR,ACT,76,214,2,Arkansas
payton-turner,Payton Turner,DET,92,DE,RES,78,270,6,Houston
sione-vaki,Sione Vaki,DET,33,RB,ACT,71,216,3,Utah
devin-white,Devin White,DET,45,LB,ACT,72,252,8,LSU
nick-whiteside,Nick Whiteside,DET,38,DB,DEV,73,200,2,Saginaw Valley State
jameson-williams,Jameson Williams,DET,1,WR,ACT,73,184,5,Alabama
tyleik-williams,Tyleik Williams,DET,91,DT,ACT,75,325,2,Ohio State
mekhi-wingo,Mekhi Wingo,DET,94,DT,ACT,72,282,3,LSU
d-j-wonnum,D.J. Wonnum,DET,98,LB,ACT,77,262,7,South Carolina
brock-wright,Brock Wright,DET,89,TE,ACT,77,254,6,Notre Dame
rock-ya-sin,Rock Ya-Sin,DET,23,CB,ACT,71,195,8,Temple
johnathan-baldwin,Johnathan Baldwin,GB,37,SAF,RES,72,190,1,UNLV
aaron-banks,Aaron Banks,GB,65,G,ACT,77,325,6,Notre Dame
damon-bankston,Damon Bankston,GB,,RB,DEV,70,186,R,New Mexico
anthony-belton,Anthony Belton,GB,71,OT,ACT,78,336,2,N.C. State
warren-brinson,Warren Brinson,GB,91,DT,ACT,77,315,2,Georgia
christopher-brooks,Chris Brooks,GB,30,RB,ACT,73,219,4,BYU
karl-brooks,Karl Brooks,GB,94,DT,ACT,75,296,4,Bowling Green
javon-bullard,Javon Bullard,GB,7,SAF,ACT,70,198,3,Georgia
jager-burton,Jager Burton,GB,52,C,ACT,76,312,R,Kentucky
anthony-campbell,Anthony Campbell,GB,93,DT,ACT,78,307,1,Miami
mccallan-castles,McCallan Castles,GB,47,TE,RES,76,244,1,Tennessee
brandon-cisse,Brandon Cisse,GB,2,CB,ACT,72,189,R,South Carolina
dalton-cooper,Dalton Cooper,GB,78,OT,DEV,78,326,1,Oklahoma State
edgerrin-cooper,Edgerrin Cooper,GB,56,LB,ACT,74,229,3,Texas A&M
brenton-cox,Brenton Cox Jr.,GB,57,DE,ACT,76,250,4,Florida
drake-dabney,Drake Dabney,GB,49,TE,DEV,77,246,1,TCU
scott-daly,Scott Daly,GB,,LS,DEV,73,245,6,Notre Dame
trey-dean-iii,Trey Dean III,GB,35,SAF,RES,74,200,1,Florida
dani-dennis-sutton,Dani Dennis-Sutton,GB,51,LB,ACT,78,256,R,Penn State
jonathan-ford,Jonathan Ford,GB,96,DT,ACT,77,338,4,Miami
zaire-franklin,Zaire Franklin,GB,44,OLB,ACT,72,235,9,Syracuse
josh-gesky,Josh Gesky,GB,76,OT,DEV,77,308,R,Illinois
travis-glover,Travis Glover,GB,79,OT,ACT,78,317,3,Georgia State
matthew-golden,Matthew Golden,GB,,WR,ACT,71,191,2,Texas
kamal-hadden,Kamal Hadden,GB,36,CB,ACT,73,192,2,Tennessee
kahlef-hailassie,Kahlef Hailassie,GB,,DB,DEV,73,195,4,Western Kentucky
javon-hargrave,Javon Hargrave,GB,98,NT,ACT,74,307,11,South Carolina State
chris-hilton-jr,Chris Hilton Jr.,GB,37,WR,DEV,72,190,R,LSU
ty-ron-hopper,Ty'Ron Hopper,GB,59,LB,ACT,74,228,3,Missouri
domani-jackson,Domani Jackson,GB,20,CB,DEV,73,194,R,Alabama
josh-jacobs-x3315,Josh Jacobs,GB,8,RB,EXE,70,223,8,Alabama
donovan-jennings,Donovan Jennings,GB,67,OT,ACT,76,323,2,University of South Florida
kaleb-johnson-2,Kaleb Johnson,GB,26,RB,ACT,72,225,2,Iowa
marlon-jones-2,Marlon Jones,GB,46,DB,RES,72,190,R,Vanderbilt
nyjalik-kelly,Nyjalik Kelly,GB,47,DE,DEV,77,263,R,UCF
tucker-kraft,Tucker Kraft,GB,85,TE,ACT,77,259,4,South Dakota State
lenny-krieg,Lenny Krieg,GB,,K,DEV,74,214,1,
marshawn-lloyd,MarShawn Lloyd,GB,32,RB,ACT,69,220,3,USC
jordan-love,Jordan Love,GB,10,QB,ACT,76,219,7,Utah State
chris-mcclellan,Chris McClellan,GB,55,DT,ACT,76,313,R,Missouri
isaiah-mcduffie,Isaiah McDuffie,GB,58,LB,ACT,73,227,6,Boston College
xavier-mckinney,Xavier McKinney,GB,29,SAF,ACT,72,201,7,Alabama
jacob-monk,Jacob Monk,GB,62,C,ACT,75,308,3,Duke
skyy-moore,Skyy Moore,GB,23,WR,ACT,70,195,5,Western Michigan
jordan-morgan-2,Jordan Morgan,GB,77,OT,ACT,77,311,3,Arizona
arron-mosby,Arron Mosby,GB,53,DE,DEV,75,250,4,Fresno State
luke-musgrave,Luke Musgrave,GB,88,TE,PUP,78,253,4,Oregon State
isaiah-neyor,Isaiah Neyor,GB,80,WR,DEV,76,218,1,Nebraska
nick-niemann,Nick Niemann,GB,31,LB,ACT,75,234,6,Iowa
keisean-nixon,Keisean Nixon,GB,25,DB,ACT,70,200,8,South Carolina
kitan-oladapo,Kitan Oladapo,GB,27,SAF,ACT,74,216,3,Oregon State
collin-oliver,Collin Oliver,GB,45,LB,RSR,74,240,2,Oklahoma State
matthew-orzech,Matthew Orzech,GB,42,LS,ACT,75,245,7,Azusa Pacific
micah-parsons,Micah Parsons,GB,1,LB,PUP,75,250,6,Penn State
mark-redman,Mark Redman,GB,86,TE,ACT,77,258,1,Louisville
jayden-reed,Jayden Reed,GB,11,WR,ACT,71,187,4,Michigan State
sean-rhyan,Sean Rhyan,GB,75,OT,ACT,77,320,5,UCLA
jordon-riley,Jordon Riley,GB,97,DT,PUP,77,338,3,Oregon
kedon-slovis,Kedon Slovis,GB,,QB,DEV,74,223,2,BYU
trey-smack,Trey Smack,GB,28,K,ACT,73,188,R,Florida
jonnu-smith,Jonnu Smith,GB,18,TE,ACT,75,248,10,Florida International
barryn-sorrell,Barryn Sorrell,GB,99,DE,ACT,75,256,2,Texas
benjamin-st-juste,Benjamin St-Juste,GB,21,CB,ACT,75,200,6,Minnesota
pierre-strong,Pierre Strong,GB,22,RB,DEV,71,207,4,South Dakota State
j-michael-sturdivant,J. Michael Sturdivant,GB,87,WR,ACT,75,207,R,Florida
tyrod-taylor,Tyrod Taylor,GB,6,QB,ACT,73,217,16,Virginia Tech
zach-tom,Zach Bako-Bewele,GB,50,G,ACT,76,304,5,Wake Forest
carrington-valentine,Carrington Valentine,GB,24,DB,ACT,72,189,4,Kentucky
lukas-van-ness,Lukas Van Ness,GB,90,LB,ACT,77,272,4,Iowa
dillon-wade,Dillon Wade,GB,68,G,DEV,75,316,R,Auburn
christian-watson,Christian Watson,GB,9,WR,ACT,76,215,5,North Dakota State
kristian-welch,Kristian Welch,GB,54,LB,DEV,75,240,7,Iowa
daniel-whelan,Daniel Whelan,GB,19,P,ACT,77,216,4,UC Davis
josh-whyle,Josh Whyle,GB,81,TE,ACT,79,248,4,Cincinnati
evan-williams,Evan Williams,GB,33,SAF,ACT,71,200,3,Oregon
john-williams-5,John Williams,GB,73,G,ACT,76,322,2,Cincinnati
savion-williams,Savion Williams,GB,83,WR,RSR,76,222,2,TCU
devonte-wyatt,Devonte Wyatt,GB,95,DT,ACT,75,304,5,Georgia
thomas-yassmin,Thomas Yassmin,GB,84,TE,RES,77,245,1,Utah
jamal-adams,Jamal Adams,MIN,32,LB,RES,73,213,10,LSU
jordan-addison,Jordan Addison,MIN,3,WR,ACT,71,179,4,USC
da-veawn-armstead,Da'Veawn Armstead,MIN,38,CB,DEV,73,183,R,North Texas
caleb-banks,Caleb Banks,MIN,95,DT,ACT,78,329,R,Florida
gavin-bartholomew,Gavin Bartholomew,MIN,86,TE,ACT,77,249,2,Pittsburgh
tyler-batty,Tyler Batty,MIN,92,LB,RES,77,271,2,BYU
dillon-bell,Dillon Bell,MIN,89,WR,DEV,73,210,R,Georgia
blake-brandel,Blake Brandel,MIN,64,C,ACT,79,315,6,Oregon State
max-bredeson,Max Bredeson,MIN,45,RB,ACT,74,252,R,Michigan
michael-briscoe,Michael Briscoe,MIN,46,WR,DEV,74,209,R,Cal Poly (San Luis Obispo)
max-brosmer,Max Brosmer,MIN,12,QB,DEV,74,217,2,Minnesota
henry-byrd,Henry Byrd,MIN,68,G,DEV,77,314,1,Princeton
blake-cashman,Blake Cashman,MIN,51,LB,ACT,73,235,8,Minnesota
chaz-chambliss,Chaz Chambliss,MIN,40,LB,ACT,73,244,2,Georgia
tyreek-chappell,Tyreek Chappell,MIN,28,CB,RES,71,180,R,Texas A&M
demond-claiborne,Demond Claiborne,MIN,21,RB,ACT,70,188,R,Wake Forest
deejay-dallas,DeeJay Dallas,MIN,,RB,DEV,70,225,7,Miami
christian-darrisaw,Christian Darrisaw,MIN,71,OT,ACT,77,315,6,Virginia Tech
charles-demmings,Charles Demmings,MIN,20,CB,ACT,73,193,R,Stephen F. Austin State
andrew-depaola,Andrew DePaola,MIN,42,LS,ACT,73,227,12,Rutgers
tai-felton,Tai Felton,MIN,13,WR,ACT,73,186,2,Maryland
will-fries,Will Fries,MIN,76,G,ACT,78,321,6,Penn State
jake-golday,Jake Golday,MIN,41,LB,ACT,76,240,R,Cincinnati
cam-grandy-2,Cam Grandy,MIN,,TE,DEV,77,253,3,Illinois State
t-j-hockenson,T.J. Hockenson,MIN,87,TE,ACT,77,248,8,Iowa
joe-huber,Joe Huber,MIN,60,G,ACT,77,310,2,Wisconsin
tyrion-ingram-dawkins,Tyrion Ingram-Dawkins,MIN,90,DT,ACT,77,290,2,Georgia
donovan-jackson,Donovan Jackson,MIN,74,G,ACT,76,324,2,Ohio State
theo-jackson,Theo Jackson,MIN,26,DB,ACT,73,205,5,Tennessee
justin-jefferson,Justin Jefferson,MIN,18,WR,ACT,73,195,7,LSU
jauan-jennings,Jauan Jennings,MIN,14,WR,ACT,75,212,6,Tennessee
aaron-jones,Aaron Jones,MIN,33,RB,ACT,69,208,10,Texas-El Paso
jeshaun-jones,Jeshaun Jones,MIN,82,WR,SUS,73,188,1,Maryland
naquan-jones,Naquan Jones,MIN,,DT,DEV,75,313,6,Michigan State
michael-jurgens,Michael Jurgens,MIN,65,G,RSR,76,311,3,Wake Forest
bangally-kamara,Bangally Kamara,MIN,59,LB,DEV,74,235,R,Kansas
trevor-keegan,Trevor Keegan,MIN,,G,ACT,77,315,3,Michigan
jordan-mason,Jordan Mason,MIN,27,RB,ACT,71,230,5,Georgia Tech
j-j-mccarthy,J.J. McCarthy,MIN,9,QB,ACT,75,219,3,Michigan
josh-metellus,Josh Metellus,MIN,44,SAF,ACT,71,207,7,Michigan
byron-murphy,Byron Murphy,MIN,7,CB,ACT,71,190,8,Washington
kyler-murray,Kyler Murray,MIN,1,QB,ACT,70,207,8,Oklahoma
jack-nelson,Jack Nelson,MIN,,OT,DEV,79,314,2,Wisconsin
bryson-nesbit,Bryson Nesbit,MIN,83,TE,RES,77,228,1,North Carolina
josh-oliver,Josh Oliver,MIN,84,TE,ACT,77,264,8,San Jose State
brian-o-neill,Brian O'Neill,MIN,75,OT,ACT,79,310,9,Pittsburgh
domonique-orange,Domonique Orange,MIN,97,DT,ACT,74,322,R,Iowa State
ivan-pace-jr,Ivan Pace Jr.,MIN,,LB,ACT,70,236,4,Cincinnati
bryce-phillips,Bryce Phillips,MIN,40,CB,DEV,72,195,R,San Diego State
james-pierre,James Pierre,MIN,23,CB,ACT,74,185,7,Florida Atlantic
myles-price,Myles Price,MIN,4,WR,ACT,69,183,2,Indiana
jalen-redmond,Jalen Redmond,MIN,61,DL,ACT,75,305,3,Oklahoma
will-reichard,Will Reichard,MIN,16,K,ACT,73,190,3,Alabama
bo-richter,Bo Richter,MIN,98,LB,ACT,73,248,3,Air Force
jahvaree-ritzie,Jahvaree Ritzie,MIN,96,DT,DEV,76,290,1,North Carolina
isaiah-rodgers,Isaiah Rodgers,MIN,2,CB,ACT,70,180,6,UMass Amherst
levi-drake-rodriguez,Levi Drake Rodriguez,MIN,50,DL,ACT,74,307,3,East Texas A&M
trayvon-rudolph,Trayvon Rudolph,MIN,30,WR,DEV,70,187,R,Toledo
nick-samac,Nick Samac,MIN,,C,ACT,76,317,3,Michigan State
harrison-smith,Harrison Smith,MIN,,FS,ACT,74,211,15,Notre Dame
taki-taimani,Taki Taimani,MIN,94,DL,RES,73,324,2,Oregon
jacob-thomas,Jacob Thomas,MIN,39,SAF,ACT,73,212,R,James Madison
jakobe-thomas,Jakobe Thomas,MIN,8,SAF,ACT,73,211,R,Miami
tavierre-thomas,Tavierre Thomas,MIN,37,SAF,DEV,70,212,9,Ferris State
brett-thorson,Brett Thorson,MIN,47,P,ACT,73,237,R,Georgia
caleb-tiernan,Caleb Tiernan,MIN,78,OT,ACT,79,323,R,Northwestern
dallas-turner,Dallas Turner,MIN,15,LB,ACT,75,247,3,Alabama
ryan-van-demark,Ryan Van Demark,MIN,72,OT,ACT,78,307,4,Connecticut
andrew-van-ginkel,Andrew Van Ginkel,MIN,43,OLB,ACT,76,242,8,Wisconsin
kyle-van-noy,Kyle Van Noy,MIN,,MLB,DEV,75,255,13,BYU
zemaiah-vaughn,Zemaiah Vaughn,MIN,5,CB,ACT,75,180,1,Utah
jay-ward,Jay Ward,MIN,24,SAF,ACT,73,190,4,LSU
jihad-ward,Jihad Ward,MIN,,LB,DEV,77,285,11,Illinois
carson-wentz,Carson Wentz,MIN,11,QB,ACT,77,237,11,North Dakota State
elijah-williams-2,Elijah Williams,MIN,99,DE,ACT,75,298,2,Morgan State
eric-wilson,Eric Wilson,MIN,55,LB,ACT,73,230,10,Cincinnati
ben-yurosek,Ben Yurosek,MIN,85,TE,RES,76,251,2,Georgia
yasir-abdullah,Yasir Abdullah,ATL,22,LB,ACT,73,234,4,Louisville
vinny-anthony-ii,Vinny Anthony II,ATL,86,WR,DEV,72,190,R,Wisconsin
jake-bailey,Jake Bailey,ATL,16,P,ACT,74,212,8,Stanford
jessie-bates,Jessie Bates,ATL,3,FS,ACT,73,210,9,Wake Forest
matthew-bergeron,Matthew Bergeron,ATL,65,OL,ACT,77,315,4,Syracuse
jd-bertrand,JD Bertrand,ATL,40,LB,RES,73,230,3,Notre Dame
chris-blair,Chris Blair,ATL,19,WR,ACT,74,215,2,Alcorn State
billy-bowman-jr,Billy Bowman Jr.,ATL,33,CB,ACT,70,194,2,Oklahoma
zachariah-branch,Zachariah Branch,ATL,17,WR,ACT,70,180,R,Georgia
james-brockermeyer,James Brockermeyer,ATL,66,C,DEV,75,295,R,Miami
sydney-brown,Sydney Brown,ATL,29,SAF,ACT,70,211,4,Illinois
beaux-collins,Beaux Collins,ATL,88,WR,RSR,75,206,2,Notre Dame
kendal-daniels,Kendal Daniels,ATL,53,LB,ACT,77,242,R,Oklahoma
divine-deablo,Divine Deablo,ATL,,LB,ACT,75,223,6,Virginia Tech
malcolm-dewalt-iv,Malcolm DeWalt IV,ATL,36,CB,ACT,74,190,R,Akron
kam-dewberry,Kam Dewberry,ATL,61,G,DEV,76,332,R,Alabama
gervon-dexter,Gervon Dexter Sr.,ATL,95,DT,ACT,78,326,4,Florida
brandon-dorlus,Brandon Dorlus,ATL,54,DE,ACT,75,295,3,Oregon
jahan-dotson,Jahan Dotson,ATL,4,WR,ACT,71,184,5,Penn State
dylan-drummond,Dylan Drummond,ATL,80,WR,DEV,72,190,2,Eastern Michigan
samson-ebukam,Samson Ebukam,ATL,52,DE,ACT,75,245,10,Eastern Washington
nick-folk,Nick Folk,ATL,6,K,ACT,73,225,19,Arizona
mike-ford,Mike Ford,ATL,28,DB,ACT,72,199,9,Southeast Missouri State
tyler-goodson,Tyler Goodson,ATL,25,RB,DEV,69,197,4,Iowa
da-shawn-hand,Da'Shawn Hand,ATL,90,DE,ACT,75,302,9,Alabama
christian-harris,Christian Harris,ATL,45,LB,ACT,74,232,5,Alabama
zach-harrison,Zach Harrison,ATL,96,DE,DEV,77,270,4,Ohio State
demarcco-hellams,DeMarcco Hellams,ATL,23,SAF,ACT,73,203,4,Alabama
c-j-henderson,C.J. Henderson,ATL,26,CB,ACT,73,204,6,Florida
kyle-hinton,Kyle Hinton,ATL,68,G,ACT,74,315,4,Washburn
darnay-holmes,Darnay Holmes,ATL,30,CB,DEV,70,198,7,UCLA
austin-hooper,Austin Hooper,ATL,81,TE,ACT,76,254,11,Stanford
mike-hughes,Mike Hughes,ATL,21,CB,ACT,70,191,9,UCF
jared-ivey,Jared Ivey,ATL,51,LB,ACT,78,274,2,Mississippi
michael-jerrell,Michael Jerrell,ATL,72,OT,ACT,77,309,3,Findlay
cash-jones,Cash Jones,ATL,32,RB,DEV,71,195,R,Georgia
corey-levin,Corey Levin,ATL,62,G,ACT,76,307,8,Tennessee-Chattanooga
chris-lindstrom,Chris Lindstrom,ATL,63,G,ACT,76,310,8,Boston College
drake-london,Drake London,ATL,5,WR,ACT,76,215,5,USC
lacale-london,LaCale London,ATL,94,DE,ACT,75,297,3,Western Illinois
riley-mahlman,Riley Mahlman,ATL,76,OT,DEV,80,318,R,Wisconsin
deangelo-malone,DeAngelo Malone,ATL,50,LB,PUP,75,235,5,Western Kentucky
jake-matthews,Jake Matthews,ATL,70,OT,ACT,77,309,13,Texas A&M
liam-mccullough,Liam McCullough,ATL,49,LS,ACT,74,245,5,Ohio State
nick-muse,Nick Muse,ATL,87,TE,DEV,77,252,3,South Carolina
ryan-neuzil,Ryan Neuzil,ATL,64,G,ACT,75,305,5,Appalachian State
storm-norton,Storm Norton,ATL,77,OT,PUP,79,310,7,Toledo
ethan-onianwa,Ethan Onianwa,ATL,75,OT,ACT,79,333,R,Ohio State
james-pearce-jr,James Pearce Jr.,ATL,27,DE,SUS,77,242,2,Tennessee
michael-penix-jr,Michael Penix Jr.,ATL,9,QB,ACT,75,220,3,Washington
harold-perkins-jr,Harold Perkins Jr.,ATL,56,LB,ACT,72,222,R,LSU
zacch-pickens,Zacch Pickens,ATL,,DT,DEV,76,303,3,South Carolina
kyle-pitts,Kyle Pitts,ATL,8,TE,ACT,78,250,6,Florida
bijan-robinson,Bijan Robinson,ATL,7,RB,ACT,71,215,4,Texas
jammie-robinson,Jammie Robinson,ATL,34,SAF,DEV,71,195,4,Florida State
brian-robinson,Brian Robinson,ATL,15,RB,ACT,73,225,3,Alabama
cooper-rush,Cooper Rush,ATL,13,QB,ACT,75,225,9,Central Michigan
trey-sermon,Trey Sermon,ATL,,RB,RES,72,215,5,Ohio State
maason-smith,Maason Smith,ATL,92,DT,ACT,77,306,3,LSU
za-darius-smith,Za'Darius Smith,ATL,53,DE,ACT,76,270,11,Kentucky
jack-strand,Jack Strand,ATL,18,QB,ACT,77,240,R,Minnesota State
tua-tagovailoa,Tua Tagovailoa,ATL,1,QB,ACT,73,225,7,Alabama
jawaan-taylor,Jawaan Taylor,ATL,71,OT,ACT,77,312,8,Florida
a-j-terrell,A.J. Terrell,ATL,24,CB,ACT,73,200,7,Clemson
avieon-terrell,Avieon Terrell,ATL,12,CB,ACT,71,180,R,Clemson
cameron-thomas,Cameron Thomas,ATL,99,DE,ACT,76,265,5,San Diego State
anterio-thompson,Anterio Thompson,ATL,69,DT,RSN,76,310,R,Washington
josh-thompson-3,Josh Thompson,ATL,,G,DEV,76,315,R,LSU
bralen-trice,Bralen Trice,ATL,,LB,DEV,76,274,3,Washington
jack-velling,Jack Velling,ATL,84,TE,DEV,77,245,R,Michigan State
jalon-walker,Jalon Walker,ATL,11,LB,RES,74,245,2,Georgia
xavier-watts,Xavier Watts,ATL,31,SAF,ACT,72,203,2,Notre Dame
antwane-wells-jr,Antwane Wells Jr.,ATL,82,WR,DEV,72,205,1,Mississippi
cameron-williams,Cameron Williams,ATL,73,OT,ACT,78,317,2,Texas
charlie-woerner,Charlie Woerner,ATL,89,TE,ACT,77,250,7,Georgia
josh-woods,Josh Woods,ATL,46,LB,ACT,73,235,7,Maryland
olamide-zaccheaus-x1231,Olamide Zaccheaus,ATL,14,WR,ACT,68,194,8,Virginia
chris-brazzell-ii,Chris Brazzell II,CAR,19,WR,RES,76,198,R,Tennessee
jonathon-brooks,Jonathon Brooks,CAR,25,RB,ACT,72,207,3,Texas
derrick-brown,Derrick Brown,CAR,95,DT,ACT,77,320,7,Auburn
bobby-brown-iii,Bobby Brown III,CAR,97,DT,ACT,76,332,6,Texas A&M
corey-bullock,Corey Bullock,CAR,67,OT,ACT,75,314,2,Maryland
claudin-cherelus,Claudin Cherelus,CAR,53,LB,ACT,74,230,4,Alcorn State
zion-childress,Zion Childress,CAR,,DB,DEV,71,195,1,Kentucky
brady-christensen,Brady Christensen,CAR,70,OT,RES,78,300,6,BYU
jalen-coker,Jalen Coker,CAR,18,WR,ACT,75,213,3,Holy Cross
jake-curhan,Jake Curhan,CAR,74,OT,DEV,78,316,6,California
a-j-dillon,AJ Dillon,CAR,28,RB,ACT,72,247,7,Boston College
tyrel-dodson,Tyrel Dodson,CAR,,LB,DEV,72,237,7,Texas A&M
terah-edwards,TeRah Edwards,CAR,93,DT,ACT,74,305,1,Illinois
ikem-ekwonu,Ikem Ekwonu,CAR,79,OT,PUP,76,335,5,N.C. State
trevor-etienne,Trevor Etienne,CAR,23,RB,RSR,69,204,2,Georgia
akayleb-evans,Akayleb Evans,CAR,29,CB,ACT,74,198,5,Missouri
mitchell-evans,Mitchell Evans,CAR,84,TE,ACT,77,258,2,Notre Dame
ryan-fitzgerald,Ryan Fitzgerald,CAR,10,K,ACT,71,193,2,Florida State
stone-forsythe,Stone Forsythe,CAR,73,OT,ACT,80,307,6,Florida
luke-fortner,Luke Fortner,CAR,77,C,ACT,78,300,5,Kentucky
feleipe-franks,Feleipe Franks,CAR,81,TE,ACT,78,228,4,Arkansas
monroe-freeling,Monroe Freeling,CAR,57,OT,ACT,79,315,R,Georgia
trevis-gipson,Trevis Gipson,CAR,52,LB,ACT,76,255,7,Tulsa
anthony-goodlow,Anthony Goodlow,CAR,,DE,DEV,77,283,1,Oklahoma State
aaron-hall,Aaron Hall,CAR,94,DT,ACT,76,297,R,Duke
sam-hecht,Sam Hecht,CAR,75,C,ACT,76,305,R,Kansas State
jaycee-horn,Jaycee Horn,CAR,8,CB,ACT,73,200,6,South Carolina
jimmy-horn-jr,Jimmy Horn Jr.,CAR,15,WR,ACT,68,174,2,Colorado
chuba-hubbard,Chuba Hubbard,CAR,30,RB,ACT,73,210,6,Oklahoma State
robert-hunt-2,Robert Hunt,CAR,50,G,ACT,78,323,7,Louisiana-Lafayette
lee-hunter,Lee Hunter,CAR,92,DT,ACT,75,318,R,Texas Tech
thomas-incoom,Thomas Incoom,CAR,48,LB,ACT,74,265,4,Central Michigan
mike-jackson,Mike Jackson,CAR,2,CB,ACT,73,210,6,Miami
cam-jackson,Cam Jackson,CAR,99,DT,ACT,78,328,2,Florida
j-j-jansen,J.J. Jansen,CAR,44,LS,ACT,74,235,19,Notre Dame
patrick-jones-ii,Patrick Jones II,CAR,91,LB,ACT,76,264,6,Pittsburgh
haynes-king,Haynes King,CAR,16,QB,ACT,74,212,R,Georgia Tech
jackson-kuwatch,Jackson Kuwatch,CAR,46,LB,ACT,76,234,R,Miami (Ohio)
will-lee-iii,Will Lee III,CAR,24,CB,ACT,73,189,R,Texas A&M
xavier-legette,Xavier Legette,CAR,17,WR,ACT,75,227,3,South Carolina
damien-lewis,Damien Lewis,CAR,68,G,ACT,74,327,7,LSU
devin-lloyd,Devin Lloyd,CAR,55,LB,ACT,75,235,5,Utah
ahmani-marshall,Ahmani Marshall,CAR,,RB,DEV,73,225,1,Appalachian State
sam-martin,Sam Martin,CAR,6,P,ACT,73,207,14,Appalachian State
bam-martin-scott,Bam Martin-Scott,CAR,54,LB,RSR,74,235,2,South Carolina
tetairoa-mcmillan,Tetairoa McMillan,CAR,4,WR,ACT,77,212,2,Arizona
john-metchie,John Metchie III,CAR,13,WR,ACT,71,187,4,Alabama
trevon-moehrig,Tre'von Moehrig,CAR,7,SAF,ACT,74,202,6,TCU
jeremiah-moon,Jeremiah Moon,CAR,,LB,DEV,77,245,3,Florida
david-moore,David Moore,CAR,83,WR,DEV,72,220,8,East Central
taylor-moton,Taylor Moton,CAR,72,OT,RSN,77,325,10,Western Michigan
mapalo-mwansa,Mapalo Mwansa,CAR,42,LB,DEV,75,234,1,
bobby-okereke,Bobby Okereke,CAR,58,ILB,ACT,73,235,8,Stanford
parker-petersen,Parker Petersen,CAR,69,DT,DEV,76,314,R,Wisconsin
jaelan-phillips,Jaelan Phillips,CAR,5,LB,ACT,77,266,6,Miami
kenny-pickett,Kenny Pickett,CAR,12,QB,ACT,75,220,5,Pittsburgh
lathan-ransom,Lathan Ransom,CAR,22,SAF,ACT,72,206,2,Ohio State
ja-seem-reed,Ja'Seem Reed,CAR,86,WR,DEV,74,195,1,San Diego
albert-reese-2,Albert Reese,CAR,76,OT,ACT,79,330,R,Mississippi State
ja-tavion-sanders,Ja'Tavion Sanders,CAR,,TE,ACT,76,252,3,Texas
nick-scott,Nick Scott,CAR,21,SAF,ACT,71,200,8,Penn State
nic-scourton,Nic Scourton,CAR,11,LB,RES,74,257,2,Texas A&M
isaiah-simmons,Isaiah Simmons,CAR,27,SAF,DEV,76,232,6,Clemson
torricelli-simpkins-iii,Torricelli Simpkins III,CAR,,G,DEV,77,312,2,South Carolina
devonta-smith-2,Devonta Smith,CAR,43,CB,DEV,71,195,R,Notre Dame
chau-smith-wade,Chau Smith-Wade,CAR,26,CB,ACT,71,176,3,Washington State
corey-thornton,Corey Thornton,CAR,31,CB,DEV,73,204,2,Louisville
brycen-tremayne,Brycen Tremayne,CAR,87,WR,ACT,76,212,2,Stanford
tommy-tremble,Tommy Tremble,CAR,82,TE,ACT,76,250,6,Notre Dame
anthony-tyus-iii,Anthony Tyus III,CAR,34,RB,DEV,73,222,1,Ohio
princely-umanmielen,Princely Umanmielen,CAR,3,LB,ACT,76,244,2,Mississippi
rasheed-walker,Rasheed Walker,CAR,63,OT,ACT,78,325,5,Penn State
darren-waller,Darren Waller,CAR,88,TE,ACT,78,245,9,Georgia Tech
casey-washington,Casey Washington,CAR,80,WR,DEV,72,200,3,Illinois
tershawn-wharton,Tershawn Wharton,CAR,98,DE,PUP,73,280,7,Missouri-Rolla
zakee-wheatley,Zakee Wheatley,CAR,20,SAF,ACT,75,203,R,Penn State
bryce-young,Bryce Young,CAR,9,QB,ACT,70,204,4,Alabama
chandler-zavala,Chandler Zavala,CAR,62,G,DEV,77,330,4,N.C. State
kevin-austin-jr,Kevin Austin Jr.,NO,81,WR,DEV,74,200,3,Notre Dame
kelvin-banks-jr,Kelvin Banks Jr.,NO,71,OT,ACT,77,315,2,Texas
julian-blackmon,Julian Blackmon,NO,23,SAF,ACT,72,202,7,Utah
khristian-boyd,Khristian Boyd,NO,97,DT,ACT,74,320,3,Northern Iowa
bryan-bresee,Bryan Bresee,NO,90,DT,RES,77,305,4,Clemson
barion-brown,Barion Brown,NO,19,WR,ACT,71,177,R,LSU
vernon-broughton,Vernon Broughton,NO,91,DT,ACT,77,311,2,Texas
daniel-carlson,Daniel Carlson,NO,10,K,ACT,77,222,9,Auburn
ty-chandler,Ty Chandler,NO,32,RB,RES,71,204,5,North Carolina
jalen-moreno-cropper,Jalen Moreno-Cropper,NO,85,WR,DEV,72,172,1,Fresno State
oscar-delp,Oscar Delp,NO,88,TE,ACT,77,245,R,Georgia
fadil-diggs,Fadil Diggs,NO,40,DE,DEV,76,257,1,Syracuse
cj-donaldson,CJ Donaldson,NO,43,RB,DEV,73,230,R,Ohio State
david-edwards-x1290,David Edwards,NO,76,G,ACT,78,308,8,Wisconsin
kaden-elliss,Kaden Elliss,NO,55,LB,ACT,74,238,8,Idaho
martin-emerson,Martin Emerson,NO,22,CB,ACT,74,200,5,Mississippi State
audric-estime,Audric Estimé,NO,30,RB,ACT,71,227,3,Notre Dame
travis-etienne,Travis Etienne,NO,3,RB,ACT,70,215,6,Clemson
noah-fant-x4946,Noah Fant,NO,87,TE,ACT,76,249,8,Iowa
jaylan-ford,Jaylan Ford,NO,53,LB,RSR,74,240,3,Texas
taliese-fuaga,Taliese Fuaga,NO,75,OT,ACT,78,324,3,Oregon State
davon-godchaux,Davon Godchaux,NO,92,DT,ACT,75,330,10,LSU
carl-granderson,Carl Granderson,NO,96,DE,ACT,77,261,8,Wyoming
tj-hall,TJ Hall,NO,34,DB,DEV,72,190,R,Iowa
alan-herron,Alan Herron,NO,70,OT,DEV,75,308,R,Maryland
jordan-howden,Jordan Howden,NO,31,SAF,ACT,72,210,4,Minnesota
anfernee-jennings,Anfernee Jennings,NO,54,LB,ACT,75,255,7,Alabama
juwan-johnson,Juwan Johnson,NO,83,TE,ACT,76,245,7,Oregon
cameron-jordan,Cameron Jordan,NO,94,LB,ACT,76,287,16,California
alvin-kamara,Alvin Kamara,NO,41,RB,ACT,70,215,10,Tennessee
easton-kilty,Easton Kilty,NO,73,OT,DEV,78,307,1,Kansas State
bryce-lance,Bryce Lance,NO,18,WR,ACT,75,204,R,North Dakota State
david-long-2,David Long,NO,,DB,RES,71,196,7,Michigan
moliki-matavao,Moliki Matavao,NO,80,TE,RES,78,263,2,UCLA
erik-mccoy,Erik McCoy,NO,78,C,ACT,76,303,8,Texas A&M
kool-aid-mckinstry,Kool-Aid McKinstry,NO,1,CB,ACT,71,199,3,Alabama
christen-miller,Christen Miller,NO,52,DT,ACT,75,321,R,Georgia
kendre-miller,Kendre Miller,NO,5,RB,ACT,72,220,4,TCU
mason-murphy,Mason Murphy,NO,74,OT,ACT,77,315,R,Auburn
chris-olave,Chris Olave,NO,12,WR,ACT,72,187,5,Ohio State
trey-palmer,Trey Palmer,NO,10,WR,DEV,73,190,4,Nebraska
jayden-price,Jayden Price,NO,38,CB,ACT,71,185,1,North Dakota State
dillon-radunz,Dillon Radunz,NO,77,OT,RES,78,301,6,North Dakota State
spencer-rattler,Spencer Rattler,NO,2,QB,ACT,72,211,3,South Carolina
brock-rechsteiner,Brock Rechsteiner,NO,89,WR,SUS,74,225,R,Jacksonville State
justin-reid,Justin Reid,NO,21,S,ACT,73,207,9,Stanford
michael-reid-x5801,Michael Reid,NO,42,SAF,ACT,74,200,1,South Dakota
asim-richards,Asim Richards,NO,72,OT,ACT,76,307,4,North Carolina
decamerion-richardson,Decamerion Richardson,NO,,CB,ACT,74,188,3,Mississippi State
john-ridgeway,John Ridgeway,NO,95,DT,ACT,77,321,5,Arkansas
quincy-riley,Quincy Riley,NO,29,CB,ACT,71,195,2,Louisville
cesar-ruiz,Cesar Ruiz,NO,51,C,ACT,76,316,7,Michigan
chris-rumph-ii,Chris Rumph II,NO,58,LB,ACT,74,244,6,Duke
nick-saldiveri,Nick Saldiveri,NO,64,G,PUP,78,316,4,Old Dominion
jonas-sanker,Jonas Sanker,NO,7,SAF,ACT,73,210,2,Virginia
nathan-shepherd,Nathan Shepherd,NO,93,DE,ACT,76,315,9,Fort Hays
william-sherman,Will Sherman,NO,66,G,ACT,76,300,2,Colorado
tyler-shough,Tyler Shough,NO,6,QB,ACT,77,219,2,Louisville
jackson-sirmon,Jackson Sirmon,NO,47,LB,DEV,74,240,1,California
stone-smartt,Stone Smartt,NO,,TE,DEV,76,226,5,Old Dominion
charlie-smyth,Charlie Smyth,NO,39,K,DEV,76,210,2,
isaiah-stalbird,Isaiah Stalbird,NO,44,LB,ACT,73,215,2,South Dakota State
danny-stutsman,Danny Stutsman,NO,28,LB,ACT,75,233,2,Oklahoma
lorenzo-styles-jr,Lorenzo Styles Jr.,NO,36,SAF,RES,73,195,R,Ohio State
jay-viar-suggs,Jay'Viar Suggs,NO,62,DT,DEV,75,299,R,Wisconsin
cedric-tillman-2,Cedric Tillman,NO,,WR,DEV,75,215,4,Tennessee
mason-tipton,Mason Tipton,NO,15,WR,PUP,71,187,3,Yale
jordyn-tyson,Jordyn Tyson,NO,,WR,RSR,74,200,R,Arizona State
devaughn-vele,Devaughn Vele,NO,14,WR,ACT,77,210,3,Utah
treyton-welch,Treyton Welch,NO,82,TE,DEV,76,240,1,Wyoming
pete-werner,Pete Werner,NO,20,LB,ACT,75,242,6,Ohio State
zamir-white,Zamir White,NO,,RB,DEV,71,227,5,Georgia
tyree-wilson,Tyree Wilson,NO,98,DE,ACT,77,263,4,Texas Tech
zach-wilson,Zach Wilson,NO,4,QB,ACT,74,214,6,BYU
alex-wollschlaeger,Alex Wollschlaeger,NO,79,OT,DEV,79,310,R,Kentucky
zach-wood,Zach Wood,NO,49,LS,ACT,75,255,10,SMU
colby-wooden,Colby Wooden,NO,50,DE,ACT,76,273,4,Auburn
jeremiah-wright,Jeremiah Wright,NO,65,G,ACT,77,331,R,Auburn
rejzohn-wright,Rejzohn Wright,NO,25,DB,RES,74,193,3,Oregon State
ryan-wright,Ryan Wright,NO,17,P,ACT,75,245,5,Tulane
chase-young,Chase Young,NO,99,DE,ACT,77,265,7,Ohio State
alex-anzalone,Alex Anzalone,TB,34,MLB,ACT,75,234,10,Florida
rueben-bain-jr,Rueben Bain Jr.,TB,3,LB,ACT,75,270,R,Miami
graham-barton,Graham Barton,TB,62,C,ACT,77,314,3,Duke
ben-bredeson,Ben Bredeson,TB,68,G,ACT,77,315,7,Michigan
sean-murphy-bunting,Sean Murphy-Bunting,TB,26,CB,DEV,72,195,7,Central Michigan
demonte-capehart,DeMonte Capehart,TB,90,DT,ACT,77,315,R,Clemson
benjamin-chukwuma,Benjamin Chukwuma,TB,70,OT,ACT,78,310,2,Georgia State
jalon-daniels,Jalon Daniels,TB,10,QB,ACT,72,220,R,Kansas
evan-deckers,Evan Deckers,TB,86,LS,ACT,75,252,3,Duke
sirvocea-dennis,SirVocea Dennis,TB,8,LB,ACT,72,230,4,Pittsburgh
yaya-diaby,Yaya Diaby,TB,,LB,ACT,75,270,4,Louisville
cj-dippre,CJ Dippre,TB,,TE,DEV,77,256,2,Alabama
riley-dixon,Riley Dixon,TB,9,P,ACT,76,221,11,Syracuse
payne-durham,Payne Durham,TB,87,TE,ACT,77,255,4,Purdue
emeka-egbuka,Emeka Egbuka,TB,2,WR,ACT,73,205,2,Ohio State
dan-feeney,Dan Feeney,TB,65,G,ACT,76,310,10,Indiana
caden-fordham,Caden Fordham,TB,,LB,DEV,73,232,R,N.C. State
kenneth-gainwell,Kenny Gainwell,TB,1,RB,ACT,69,200,6,Memphis
ayden-garnes,Ayden Garnes,TB,24,CB,ACT,72,183,R,Arizona
chris-godwin,Chris Godwin Jr.,TB,14,WR,ACT,73,209,10,Penn State
luke-goedeke,Luke Goedeke,TB,67,OT,ACT,77,312,5,Central Michigan
garrett-greene,Garrett Greene,TB,85,WR,DEV,71,201,1,West Virginia
luke-haggard,Luke Haggard,TB,72,G,ACT,79,305,2,Indiana
josh-hayes,Josh Hayes,TB,32,DB,RSR,72,190,4,Kansas State
yasir-holmes,Yasir Holmes,TB,57,LB,DEV,76,240,R,Tarleton State
ted-hurst,Ted Hurst III,TB,17,WR,ACT,75,195,R,Georgia State
bucky-irving,Bucky Irving,TB,7,RB,ACT,70,194,3,Oregon
kameron-johnson,Kameron Johnson,TB,19,WR,ACT,70,170,3,Barton College
tez-johnson,Tez Johnson,TB,15,WR,ACT,70,165,2,Oregon
jayson-jones,Jayson Jones,TB,93,DT,DEV,78,345,1,Auburn
mohamed-kamara,Mohamed Kamara,TB,59,LB,RES,73,253,2,Colorado State
calijah-kancey,Calijah Kancey,TB,94,DT,ACT,72,280,4,Pittsburgh
ko-kieft,Ko Kieft,TB,41,TE,ACT,77,265,5,Minnesota
miles-killebrew,Miles Killebrew,TB,29,SAF,ACT,74,222,11,Southern Utah State
kevin-knowles,Kevin Knowles,TB,,DB,ACT,71,190,2,Florida State
henry-lutovsky,Henry Lutovsky,TB,61,G,DEV,78,320,R,Nebraska
cody-mauch,Cody Mauch,TB,69,G,ACT,78,303,4,North Dakota State
baker-mayfield,Baker Mayfield,TB,6,QB,ACT,73,215,9,Oklahoma
zyon-mccollum,Zyon McCollum,TB,27,CB,ACT,74,199,5,Sam Houston State
deshawn-mcknight,Deshawn McKnight,TB,73,DT,RES,73,283,R,Arizona
chase-mclaughlin,Chase McLaughlin,TB,4,K,ACT,72,190,8,Illinois
jalen-mcmillan,Jalen McMillan,TB,11,WR,ACT,73,192,3,Washington
ifeatu-melifonwu,Ifeatu Melifonwu,TB,5,SAF,DEV,75,210,6,Syracuse
benjamin-morrison,Benjamin Morrison,TB,21,CB,ACT,72,190,2,Notre Dame
al-quadin-muhammad,Al-Quadin Muhammad,TB,97,LB,ACT,76,250,9,Miami
anthony-nelson,Anthony Nelson,TB,98,LB,ACT,79,271,8,Iowa
rakeem-nunez-roches,Rakeem Nunez-Roches,TB,56,DT,ACT,74,305,12,Southern Mississippi
cade-otton,Cade Otton,TB,88,TE,ACT,77,247,5,Washington
jacob-parrish,Jacob Parrish,TB,25,CB,ACT,70,198,2,Kansas State
dean-patterson,Dean Patterson IV,TB,81,WR,DEV,74,200,R,Georgia Tech
eric-rivers,Eric Rivers Jr.,TB,83,WR,DEV,70,176,R,Georgia Tech
elijah-roberts,Elijah Roberts,TB,95,DE,ACT,76,295,2,SMU
jj-roberts,JJ Roberts,TB,36,DB,DEV,72,195,2,Marshall
a-shawn-robinson,A'Shawn Robinson,TB,91,DT,ACT,75,320,11,Alabama
christian-rozeboom,Christian Rozeboom,TB,52,LB,ACT,74,230,6,South Dakota State
paul-rubelt,Paul Rubelt,TB,76,OT,DEV,82,313,R,UCF
billy-schrauth,Billy Schrauth,TB,75,G,ACT,76,310,R,Notre Dame
ben-scott,Ben Scott,TB,66,G,DEV,77,310,1,Nebraska
keionte-scott,Keionte Scott,TB,22,CB,ACT,72,195,R,Miami
bauer-sharp,Bauer Sharp,TB,84,TE,ACT,77,246,R,LSU
david-sills,David Sills,TB,80,WR,RSR,75,211,4,West Virginia
elijah-simmons,Elijah Simmons,TB,92,DL,ACT,73,334,2,Tennessee
justin-skule,Justin Skule,TB,77,OT,ACT,78,315,7,Vanderbilt
tykee-smith,Tykee Smith,TB,23,SAF,ACT,70,202,3,Georgia
easton-stick,Easton Stick,TB,,QB,DEV,73,224,7,North Dakota State
josiah-trotter,Josiah Trotter,TB,45,LB,ACT,74,237,R,Missouri
sean-tucker,Sean Tucker,TB,44,RB,ACT,70,205,4,Syracuse
vita-vea,Vita Vea,TB,50,DT,ACT,76,347,9,Washington
david-walker,David Walker,TB,51,LB,ACT,74,260,2,Central Arkansas
silas-walters,Silas Walters,TB,,DB,DEV,73,194,R,Miami (Ohio)
josh-williams-3,Josh Williams,TB,18,RB,DEV,68,210,2,LSU
antoine-winfield-jr,Antoine Winfield Jr.,TB,31,SAF,ACT,69,203,7,Minnesota
tristan-wirfs,Tristan Wirfs,TB,78,OT,ACT,77,320,7,Iowa
javin-wright,Javin Wright,TB,48,LB,DEV,76,232,R,Nebraska
isaiah-adams,Isaiah Adams,ARI,74,G,ACT,76,316,3,Illinois
tyler-allgeier,Tyler Allgeier,ARI,22,RB,ACT,70,225,5,BYU
eugene-asante,Eugene Asante,ARI,61,LB,DEV,73,222,1,Auburn
budda-baker,Budda Baker,ARI,3,S,ACT,70,195,10,Washington
carson-beck,Carson Beck,ARI,19,QB,ACT,76,233,R,Miami
trey-benson,Trey Benson,ARI,33,RB,RES,72,225,3,Florida State
andrew-billings,Andrew Billings,ARI,95,DT,ACT,73,340,10,Baylor
chase-bisontis,Chase Bisontis,ARI,57,OT,RES,77,315,R,Texas A&M
joey-blount,Joey Blount,ARI,32,SAF,RES,73,195,5,Virginia
kendrick-bourne,Kendrick Bourne,ARI,17,WR,ACT,73,203,10,Eastern Washington
shawn-bowman,Shawn Bowman,ARI,44,TE,DEV,76,249,1,Rutgers
jacoby-brissett,Jacoby Brissett,ARI,7,QB,ACT,76,235,11,N.C. State
jalen-brooks,Jalen Brooks,ARI,86,WR,ACT,74,205,4,South Carolina
baron-browning,Baron Browning,ARI,5,LB,ACT,75,255,6,Ohio State
jordan-burch,Jordan Burch,ARI,52,LB,ACT,76,279,2,Oregon
denzel-burke,Denzel Burke,ARI,29,CB,ACT,71,190,2,Ohio State
zachary-carter-x9168,Zachary Carter,ARI,90,DT,RSR,76,301,4,Florida
kei-trel-clark,Kei'Trel Clark,ARI,13,CB,ACT,70,181,4,Louisville
l-j-collier,L.J. Collier,ARI,91,DE,ACT,74,300,8,TCU
zaven-collins,Zaven Collins,ARI,25,LB,ACT,76,270,6,Tulsa
hayden-conner,Hayden Conner,ARI,58,G,ACT,78,314,2,Texas
james-conner,James Conner,ARI,6,RB,RSR,73,233,10,Pittsburgh
kitan-crawford,Kitan Crawford,ARI,36,SAF,ACT,71,202,2,Nevada
devin-duvernay,Devin Duvernay,ARI,81,WR,ACT,71,200,6,Texas
simi-fehoko,Simi Fehoko,ARI,80,WR,ACT,76,225,6,Stanford
hjalte-froholdt,Hjalte Froholdt,ARI,72,G,ACT,77,310,8,Arkansas
josh-fryar,Josh Fryar,ARI,78,OT,ACT,77,320,2,Ohio State
jon-gaines-ii,Jon Gaines II,ARI,71,G,ACT,76,320,4,UCLA
jameson-geers,Jameson Geers,ARI,46,TE,RES,77,250,R,Minnesota
jack-gibbens,Jack Gibbens,ARI,50,LB,ACT,75,242,4,Minnesota
blake-gillikin,Blake Gillikin,ARI,12,P,ACT,74,196,7,Penn State
marvin-harrison-jr,Marvin Harrison Jr.,ARI,18,WR,ACT,75,220,3,Ohio State
jared-harrison-hunte,Jared Harrison-Hunte,ARI,,DT,DEV,76,310,2,SMU
elijah-higgins,Elijah Higgins,ARI,84,TE,ACT,75,245,4,Stanford
cam-horsley,Cam Horsley,ARI,93,DT,DEV,75,312,1,Boston College
evan-hull,Evan Hull,ARI,26,RB,DEV,70,209,1,Northwestern
demontrev-jacobs,Demontrey Jacobs,ARI,67,OT,DEV,78,325,3,South Florida Community College
d-shawn-jamison,D'Shawn Jamison,ARI,,DB,DEV,70,186,2,Texas
will-johnson-5,Will Johnson,ARI,2,CB,ACT,74,200,2,Michigan
paris-johnson-jr,Paris Johnson Jr.,ARI,70,OT,ACT,78,325,4,Ohio State
kalen-king,Kalen King,ARI,35,CB,DEV,71,190,1,Penn State
bam-knight,Bam Knight,ARI,20,RB,ACT,71,209,4,N.C. State
casey-kreiter,Casey Kreiter,ARI,59,LS,ACT,73,250,11,Iowa
vershon-lee,Vershon Lee,ARI,,C,DEV,76,318,1,South Carolina
eku-leota,Eku Leota,ARI,54,LB,ACT,76,257,2,Auburn
hunter-long,Hunter Long,ARI,89,TE,ACT,77,253,6,Boston College
roy-lopez,Roy Lopez,ARI,51,DT,ACT,74,312,6,Arizona
jeremiyah-love,Jeremiyah Love,ARI,4,RB,ACT,72,212,R,Notre Dame
trey-mcbride,Trey McBride,ARI,85,TE,ACT,76,246,5,Colorado State
max-melton,Max Melton,ARI,16,CB,ACT,71,190,3,Rutgers
gardner-minshew,Gardner Minshew,ARI,15,QB,ACT,73,225,8,Washington State
walter-nolen,Walter Nolen,ARI,97,DT,ACT,76,300,2,Mississippi
kaleb-proctor,Kaleb Proctor,ARI,94,DT,RES,74,291,R,Southeastern Louisiana
matt-pryor,Matt Pryor,ARI,76,OT,DEV,79,332,9,TCU
teagan-quitoriano,Teagan Quitoriano,ARI,47,TE,DEV,78,259,5,Oregon State
tip-reiman,Tip Reiman,ARI,87,TE,PUP,77,271,3,Illinois
cam-robertson,Cam Robertson,ARI,49,LB,DEV,76,260,R,SMU
darius-robinson-2,Darius Robinson,ARI,56,DL,ACT,77,290,3,Missouri
chad-ryland,Chad Ryland,ARI,38,K,ACT,72,195,4,Maryland
valentin-senn,Valentin Senn,ARI,69,OL,DEV,79,310,2,Connecticut
isaac-seumalo,Isaac Seumalo,ARI,73,G,ACT,76,310,11,Oregon State
karson-sharar,Karson Sharar,ARI,43,LB,ACT,73,231,R,Iowa
cody-simon,Cody Simon,ARI,,LB,ACT,74,229,2,Ohio State
ihmir-smith-marsette,Ihmir Smith-Marsette,ARI,83,WR,DEV,73,200,5,Iowa
dante-stills,Dante Stills,ARI,55,DT,ACT,76,300,4,West Virginia
josh-sweat,Josh Sweat,ARI,10,LB,ACT,77,265,9,Florida State
dadrion-taylor-demerson,Dadrion Taylor-Demerson,ARI,42,SAF,ACT,70,200,3,Texas Tech
starling-thomas-v,Starling Thomas V,ARI,24,CB,DEV,70,194,4,UAB
reggie-virgil,Reggie Virgil,ARI,82,WR,ACT,74,187,R,Texas Tech
harrison-wallace-iii,Harrison Wallace III,ARI,30,WR,DEV,71,192,R,Mississippi
elijah-wilkinson,Elijah Wilkinson,ARI,65,OT,ACT,78,315,10,UMass Amherst
damonic-williams,Damonic Williams,ARI,96,DT,DEV,73,305,R,Oklahoma
garrett-williams,Garrett Williams,ARI,21,CB,ACT,70,192,4,Syracuse
jayden-williams,Jayden Williams,ARI,66,OT,ACT,76,307,R,Mississippi
wydett-williams-jr,Wydett Williams Jr.,ARI,31,SAF,ACT,73,205,R,Mississippi
mack-wilson,Mack Wilson,ARI,1,LB,ACT,73,240,8,Alabama
michael-wilson,Michael Wilson,ARI,14,WR,ACT,74,213,4,Stanford
andrew-wingard,Andrew Wingard,ARI,28,SAF,ACT,72,205,8,Wyoming
davante-adams,Davante Adams,LAR,17,WR,ACT,73,204,13,Fresno State
davis-allen,Davis Allen,LAR,87,TE,ACT,78,253,4,Clemson
nick-andersen,Nick Andersen,LAR,45,SAF,DEV,71,197,R,Wake Forest
tutu-atwell,Tutu Atwell,LAR,8,WR,ACT,69,165,6,Louisville
steve-avila,Steve Avila,LAR,73,G,ACT,75,332,4,TCU
alex-bachman,Alex Bachman,LAR,5,WR,DEV,72,190,3,Wake Forest
wesley-bailey,Wesley Bailey,LAR,47,LB,ACT,77,265,R,Louisville
stetson-bennett,Stetson Bennett,LAR,13,QB,ACT,71,190,3,Georgia
austin-blaske,Austin Blaske,LAR,64,OT,DEV,77,310,R,North Carolina
jack-bouwmeester,Jack Bouwmeester,LAR,14,P,DEV,74,205,R,Texas
matthew-caldwell,Matthew Caldwell,LAR,2,QB,RES,76,209,R,Texas
joe-cardona,Joe Cardona,LAR,49,LS,ACT,74,245,12,Navy
dean-connors,Dean Connors,LAR,33,RB,DEV,71,206,R,Houston
blake-corum,Blake Corum,LAR,24,RB,ACT,68,202,3,Michigan
kamren-curl,Kam Curl,LAR,3,SAF,ACT,74,207,7,Arkansas
cj-daniels,CJ Daniels,LAR,6,WR,ACT,74,202,R,Miami
tyler-davis-4,Tyler Davis,LAR,90,DE,ACT,74,306,3,Clemson
justin-dedich,Justin Dedich,LAR,67,OL,RSR,74,296,3,USC
shaun-dolac,Shaun Dolac,LAR,56,LB,ACT,73,222,2,Buffalo
aaron-donald,Aaron Donald,LAR,99,DE,ACT,73,285,11,Pittsburgh
kevin-dotson,Kevin Dotson,LAR,69,G,ACT,76,328,7,Louisiana-Lafayette
ethan-evans,Ethan Evans,LAR,42,P,ACT,75,253,4,Wingate
terrance-ferguson-2,Terrance Ferguson,LAR,18,TE,ACT,77,252,2,Oregon
braden-fiske,Braden Fiske,LAR,55,DE,ACT,77,294,3,Florida State
emmanuel-forbes,Emmanuel Forbes,LAR,1,CB,ACT,72,173,4,Mississippi State
poona-ford,Poona Ford,LAR,97,DT,ACT,71,314,9,Texas
nyzier-fourqurean,Nyzier Fourqurean,LAR,25,CB,DEV,73,190,R,Wisconsin
myles-garrett,Myles Garrett,LAR,95,DE,ACT,76,272,10,Texas A&M
ty-hamilton,Ty Hamilton,LAR,57,DT,ACT,75,301,2,Ohio State
blake-hance,Blake Hance,LAR,72,G,DEV,77,310,6,Northwestern
tyler-higbee,Tyler Higbee,LAR,89,TE,ACT,78,253,11,Western Kentucky
tanner-ingle,Tanner Ingle,LAR,34,SAF,DEV,68,186,1,N.C. State
alaric-jackson,Alaric Jackson,LAR,77,OT,ACT,79,338,6,Iowa
desjuan-johnson,Desjuan Johnson,LAR,94,LB,ACT,75,278,4,Toledo
kamren-kinchens,Kamren Kinchens,LAR,5,SAF,ACT,72,201,3,Miami
max-klare,Max Klare,LAR,86,TE,ACT,76,246,R,Ohio State
quentin-lake,Quentin Lake,LAR,37,SAF,ACT,73,204,5,UCLA
cam-lampkin,Cam Lampkin,LAR,21,DB,DEV,71,176,1,Washington State
nate-landman,Nate Landman,LAR,53,LB,ACT,75,235,5,Colorado
beaux-limmer,Beaux Limmer,LAR,50,G,ACT,77,318,3,Arkansas
warren-mcclendon,Warren McClendon Jr.,LAR,71,OT,ACT,76,315,4,Georgia
jaylen-mccollough,Jaylen McCollough,LAR,2,SAF,ACT,72,211,3,Tennessee
trent-mcduffie,Trent McDuffie,LAR,22,CB,ACT,71,193,5,Washington
dylan-mcmahon,Dylan McMahon,LAR,63,C,ACT,75,290,2,N.C. State
harrison-mevis,Harrison Mevis,LAR,92,K,ACT,72,245,2,Missouri
konata-mumpfield,Konata Mumpfield,LAR,4,WR,ACT,73,188,2,Pittsburgh
larrell-murchison,Larrell Murchison,LAR,52,DT,DEV,74,295,7,N.C. State
bill-murray-3,Bill Murray,LAR,66,G,ACT,76,265,2,William & Mary
puka-nacua,Puka Nacua,LAR,12,WR,ACT,74,216,4,BYU
elias-neal,Elias Neal,LAR,58,LB,DEV,72,221,2,Marshall
bill-norton,Bill Norton,LAR,93,DE,DEV,78,335,1,Texas
colby-parkinson,Colby Parkinson,LAR,84,TE,ACT,79,265,7,Stanford
darryl-peterson-iii,Darryl Peterson III,LAR,59,OLB,DEV,73,260,R,Wisconsin
brennan-presley,Brennan Presley,LAR,81,WR,DEV,68,174,1,Oklahoma State
david-quessenberry,David Quessenberry,LAR,68,OT,ACT,77,310,9,San Jose State
daniel-rickert,Daniel Rickert,LAR,40,LB,RES,74,232,R,Virginia
ronnie-rivers,Ronnie Rivers,LAR,20,RB,ACT,69,198,5,Fresno State
coleman-shelton,Coleman Shelton,LAR,65,C,ACT,77,292,8,Washington
jamie-sheriff,Jamie Sheriff,LAR,,LB,DEV,73,254,1,South Alabama
ty-simpson,Ty Simpson,LAR,15,QB,ACT,73,211,R,Alabama
xavier-smith,Xavier Smith,LAR,19,WR,ACT,69,180,3,Florida A&M
omar-speights,Omar Speights,LAR,48,LB,ACT,73,234,3,LSU
matthew-stafford,Matthew Stafford,LAR,9,QB,ACT,75,214,18,Georgia
josaiah-stewart-2,Josaiah Stewart,LAR,10,LB,ACT,73,251,2,Michigan
grant-stuard,Grant Stuard,LAR,44,LB,ACT,71,230,6,Houston
keir-thomas,Keir Thomas,LAR,11,LB,RES,74,260,4,Florida State
keagen-trost,Keagen Trost,LAR,79,OT,RSR,76,315,R,Missouri
kobie-turner,Kobie Turner,LAR,91,DE,ACT,74,294,4,Wake Forest
dan-villari,Dan Villari,LAR,38,TE,DEV,76,243,R,Syracuse
josh-wallace,Josh Wallace,LAR,30,CB,ACT,72,190,3,Michigan
eddie-walls-iii,Eddie Walls III,LAR,,LB,RES,76,250,R,Houston
jordan-waters,Jordan Waters,LAR,32,RB,DEV,72,219,1,N.C. State
jaylen-watson,Jaylen Watson,LAR,35,CB,ACT,74,197,5,Washington State
jordan-whittington,Jordan Whittington,LAR,88,WR,ACT,73,202,3,Texas
kyren-williams,Kyren Williams,LAR,23,RB,ACT,69,207,5,Notre Dame
byron-young-2,Byron Young,LAR,,LB,ACT,74,260,4,Tennessee
brandon-aiyuk,Brandon Aiyuk,SF,11,WR,RLS,72,200,6,Arizona State
isaac-alarcon,Isaac Alarcon,SF,67,OT,DEV,79,320,1,
vincent-anthony-jr,Vincent Anthony Jr.,SF,,DE,DEV,78,250,R,Duke
tatum-bethune,Tatum Bethune,SF,48,LB,ACT,72,230,3,Florida State
kaelon-black,Kaelon Black,SF,26,RB,ACT,69,208,R,Indiana
nick-bosa,Nick Bosa,SF,97,DE,ACT,76,266,8,Ohio State
jake-brendel,Jake Brendel,SF,64,C,ACT,76,299,9,UCLA
ji-ayir-brown,Ji'Ayir Brown,SF,27,SAF,ACT,71,202,4,Penn State
brandon-codington,Brandon Codrington,SF,,DB,DEV,69,185,3,North Carolina Central
connor-colby,Connor Colby,SF,75,G,ACT,77,309,2,Iowa
alfred-collins,Alfred Collins,SF,95,DT,RES,77,332,2,Texas
jacob-cowing,Jacob Cowing,SF,4,WR,ACT,69,170,3,Arizona
enrique-cruz-jr,Enrique Cruz,SF,69,OT,ACT,77,313,R,Kansas
ashtyn-davis,Ashtyn Davis,SF,29,SAF,ACT,73,205,7,California
khalil-dinkins,Khalil Dinkins,SF,,TE,DEV,76,226,R,Penn State
jaden-dugger,Jaden Dugger,SF,53,LB,ACT,77,242,R,Louisiana
mike-evans,Mike Evans,SF,5,WR,ACT,77,231,13,Texas A&M
andrew-farmer,Andrew Farmer,SF,,LB,RES,76,250,2,Lane College
luke-farrell,Luke Farrell,SF,89,TE,ACT,77,250,6,Ohio State
darrick-forrest,Darrick Forrest,SF,29,SAF,RES,71,200,5,Cincinnati
luke-gifford,Luke Gifford,SF,51,LB,ACT,75,242,8,Nebraska
kevin-givens,Kevin Givens,SF,90,DT,DEV,73,285,7,Penn State
jalen-graham,Jalen Graham,SF,41,LB,DEV,75,220,3,Purdue
renardo-green,Renardo Green,SF,,CB,ACT,72,186,3,Florida State
dre-greenlaw-x9042,Dre Greenlaw,SF,57,LB,ACT,72,230,8,Arkansas
wesley-grimes,Wesley Grimes,SF,18,WR,DEV,74,193,R,N.C. State
isaac-guerendo,Isaac Guerendo,SF,31,RB,PUP,72,221,3,Louisville
gracen-halton,Gracen Halton,SF,93,DT,ACT,75,293,R,Oklahoma
romello-height,Romello Height,SF,94,DE,ACT,75,239,R,Texas Tech
nate-hobbs,Nate Hobbs,SF,22,CB,RES,73,195,6,Illinois
khadarel-hodge,KhaDarel Hodge,SF,,WR,DEV,74,210,9,Prairie View A&M
jordan-james,Jordan James,SF,29,RB,ACT,69,208,2,Oregon
jack-jones-2,Jack Jones,SF,25,CB,ACT,71,175,5,Arizona State
mac-jones,Mac Jones,SF,10,QB,ACT,75,220,6,Alabama
kyle-juszczyk,Kyle Juszczyk,SF,44,FB,ACT,74,235,14,Harvard
mikail-kamara,Mikail Kamara,SF,59,DE,RES,73,265,R,Indiana
khalid-kareem,Khalid Kareem,SF,,DE,ACT,76,255,4,Notre Dame
christian-kirk,Christian Kirk,SF,3,WR,RSR,71,200,9,Texas A&M
george-kittle,George Kittle,SF,85,TE,ACT,76,250,10,Iowa
deommodore-lenoir,Deommodore Lenoir,SF,2,CB,ACT,70,200,6,Oregon
vederian-lowe,Vederian Lowe,SF,76,OT,ACT,77,315,5,Illinois
nick-martin-2,Nick Martin,SF,45,LB,RES,71,221,2,Oklahoma State
christian-mccaffrey,Christian McCaffrey,SF,23,RB,ACT,71,210,10,Stanford
sincere-mccormick,Sincere McCormick,SF,35,RB,DEV,69,205,3,Texas-San Antonio
colton-mckivitz,Colton McKivitz,SF,68,OT,ACT,78,301,7,West Virginia
malik-mustapha,Malik Mustapha,SF,6,SAF,ACT,70,206,3,Wake Forest
siran-neal,Siran Neal,SF,33,DB,ACT,72,206,9,Jacksonville State
drake-nugent,Drake Nugent,SF,66,C,DEV,73,300,1,Michigan
osa-odighizuwa,Osa Odighizuwa,SF,92,DT,ACT,74,280,6,UCLA
ogbo-okoronkwo,Ogbo Okoronkwo,SF,59,LB,DEV,74,253,9,Oklahoma
sam-okuayinonu,Sam Okuayinonu,SF,91,DT,RES,73,269,4,Maryland
jarrett-patterson,Jarrett Patterson,SF,58,C,ACT,76,310,4,Notre Dame
will-pauling,Will Pauling,SF,84,WR,DEV,69,183,R,Notre Dame
ricky-pearsall,Ricky Pearsall,SF,1,WR,RES,73,189,3,Florida
eddy-pineiro,Eddy Pineiro,SF,18,K,ACT,71,190,9,Florida
austen-pleasants,Austen Pleasants,SF,62,OL,RSR,79,330,2,Ohio
ephesians-prysock,Ephesians Prysock,SF,35,CB,ACT,76,195,R,Washington
dominick-puni,Dominick Puni,SF,77,OT,ACT,77,313,3,Kansas
brock-purdy,Brock Purdy,SF,13,QB,ACT,73,220,5,Iowa State
demarcus-robinson,Demarcus Robinson,SF,11,WR,ACT,73,203,11,Florida
jakob-robinson,Jakob Robinson,SF,43,CB,DEV,70,181,2,BYU
kurtis-rourke,Kurtis Rourke,SF,14,QB,ACT,76,221,1,Indiana
deebo-samuel,Deebo Samuel Sr.,SF,19,WR,ACT,72,215,8,South Carolina
foster-sarell,Foster Sarell,SF,,OT,DEV,78,322,5,Stanford
marques-sigle,Marques Sigle,SF,36,SAF,ACT,71,199,2,Kansas State
upton-stout,Upton Stout,SF,20,CB,ACT,69,182,2,Western Kentucky
de-zhaun-stribling,De'Zhaun Stribling,SF,7,WR,ACT,74,207,R,Mississippi
jalen-stroman,Jalen Stroman,SF,38,SAF,DEV,72,203,R,Notre Dame
james-thompson-jr,James Thompson Jr.,SF,96,DT,ACT,78,308,R,Illinois
jake-tonges,Jake Tonges,SF,88,TE,ACT,76,240,4,California
brett-toth,Brett Toth,SF,78,G,RES,78,304,7,Army
sebastian-valdez,Sebastian Valdez,SF,55,DL,DEV,75,301,1,Washington
corliss-waitman,Corliss Waitman,SF,15,P,ACT,74,210,4,South Alabama
garret-wallow,Garret Wallow,SF,49,LB,ACT,74,230,6,TCU
fred-warner,Fred Warner,SF,54,MLB,ACT,75,230,9,BYU
jordan-watkins,Jordan Watkins,SF,17,WR,ACT,71,196,2,Mississippi
jon-weeks,Jon Weeks,SF,46,LS,ACT,70,242,17,Baylor
cj-west,CJ West,SF,99,DT,ACT,73,316,2,Indiana
keion-white,Keion White,SF,56,DE,ACT,77,285,4,Georgia Tech
mykel-williams,Mykel Williams,SF,98,DE,PUP,77,267,2,Georgia
trent-williams,Trent Williams,SF,71,OT,ACT,77,320,17,Oklahoma
brayden-willis,Brayden Willis,SF,,TE,DEV,76,240,3,Oklahoma
carver-willis,Carver Willis,SF,74,OT,ACT,77,303,R,Washington
nick-zakelj,Nick Zakelj,SF,,OT,RES,78,316,4,Fordham
terrion-arnold,Terrion Arnold,SEA,,CB,EXE,72,195,3,Alabama
elijah-arroyo,Elijah Arroyo,SEA,18,TE,ACT,77,254,2,Miami
aj-barner,AJ Barner,SEA,88,TE,ACT,78,251,3,Michigan
d-anthony-bell,D'Anthony Bell,SEA,34,DB,DEV,73,211,5,University of West Florida
jake-bobo,Jake Bobo,SEA,19,WR,RES,76,211,4,UCLA
anthony-bradford,Anthony Bradford,SEA,75,G,ACT,76,335,4,LSU
logan-brown,Logan Brown,SEA,73,OT,DEV,78,312,1,Kansas
zach-charbonnet,Zach Charbonnet,SEA,26,RB,PUP,73,220,4,UCLA
irvin-charles,Irvin Charles,SEA,85,WR,RSR,76,219,4,"Indiana PA, University of"
bud-clark,Bud Clark,SEA,9,SAF,RES,73,188,R,TCU
charles-cross-2,Charles Cross,SEA,67,OT,ACT,77,317,5,Mississippi State
michael-dansby,Michael Dansby,SEA,37,CB,DEV,71,185,R,Arizona
sam-darnold,Sam Darnold,SEA,14,QB,ACT,75,225,9,USC
michael-dickson,Michael Dickson,SEA,4,P,ACT,74,208,9,Texas
trevon-diggs,Trevon Diggs,SEA,16,CB,DEV,73,203,7,Alabama
deven-eastern,Deven Eastern,SEA,97,DT,DEV,78,320,R,Minnesota
nick-emmanwori,Nick Emmanwori,SEA,3,SAF,ACT,75,220,2,South Carolina
aj-finley,AJ Finley,SEA,30,SAF,ACT,74,202,4,Mississippi
montorie-foster-jr,Montorie Foster Jr,SEA,87,WR,ACT,71,188,1,Michigan State
dante-fowler,Dante Fowler Jr.,SEA,56,LB,ACT,75,264,12,Florida
andre-fuller,Andre Fuller,SEA,35,CB,DEV,73,200,R,Toledo
derick-hall,Derick Hall,SEA,58,LB,ACT,75,260,4,Auburn
bobby-hart,Bobby Hart,SEA,,OT,DEV,77,310,10,Florida State
christian-haynes,Christian Haynes,SEA,64,G,ACT,75,318,3,Connecticut
emmanuel-henderson-jr,Emmanuel Henderson Jr.,SEA,84,WR,DEV,73,185,R,Kansas
julian-hicks,Julian Hicks,SEA,82,WR,DEV,74,201,1,Albany
george-holani,George Holani,SEA,36,RB,ACT,70,210,3,Boise State
maxen-hook,Maxen Hook,SEA,43,SAF,DEV,72,205,1,Toledo
tory-horton,Tory Horton,SEA,15,WR,ACT,74,196,2,Colorado State
aidan-hubbard,Aidan Hubbard,SEA,93,LB,DEV,76,259,R,Northwestern
joshua-jobe,Josh Jobe,SEA,29,CB,ACT,71,190,5,Alabama
ernest-jones-2,Ernest Jones,SEA,13,LB,ACT,74,233,6,South Carolina
josh-jones-2,Josh Jones,SEA,74,OT,ACT,79,339,7,Houston
velus-jones,Velus Jones Jr.,SEA,33,WR,DEV,72,204,6,Tennessee
nick-kallerup,Nick Kallerup,SEA,89,TE,ACT,77,266,2,Minnesota
tyrice-knight,Tyrice Knight,SEA,48,LB,ACT,72,233,3,Texas-El Paso
cooper-kupp,Cooper Kupp,SEA,10,WR,ACT,74,205,10,Eastern Washington
demarcus-lawrence,DeMarcus Lawrence,SEA,,LB,ACT,75,254,13,Boise State
drew-lock,Drew Lock,SEA,2,QB,ACT,76,228,8,Missouri
julian-love,Julian Love,SEA,20,SAF,ACT,71,195,8,Notre Dame
abraham-lucas,Abraham Lucas,SEA,72,OT,ACT,78,322,5,Washington State
federico-maranges,Federico Maranges,SEA,62,C,DEV,75,302,1,Florida Atlantic
rylie-mills,Rylie Mills,SEA,98,DT,ACT,77,296,1,Notre Dame
jalen-milroe,Jalen Milroe,SEA,6,QB,ACT,74,216,2,Alabama
mike-morris-2,Mike Morris,SEA,94,DE,ACT,78,306,4,Michigan
byron-murphy-ii,Byron Murphy II,SEA,91,DT,ACT,72,306,3,Texas
jason-myers,Jason Myers,SEA,5,K,ACT,70,190,12,Marist
julian-neal,Julian Neal,SEA,1,CB,ACT,74,203,R,Arkansas
uchenna-nwosu,Uchenna Nwosu,SEA,7,LB,ACT,74,265,9,USC
patrick-o-connell,Patrick O'Connell,SEA,52,LB,ACT,73,231,3,Montana
ty-okada,Ty Okada,SEA,39,SAF,ACT,71,200,2,Montana State
olu-oluwatimi,Olu Oluwatimi,SEA,55,C,ACT,75,309,4,Michigan
connor-o-toole,Connor O'Toole,SEA,57,LB,ACT,75,248,2,Utah
robbie-ouzts,Robbie Ouzts,SEA,40,RB,RES,75,274,2,Alabama
brandon-pili,Brandon Pili,SEA,95,DT,ACT,75,334,4,USC
jadarian-price,Jadarian Price,SEA,8,RB,ACT,71,209,R,Notre Dame
nehemiah-pritchett,Nehemiah Pritchett,SEA,28,CB,ACT,72,190,3,Auburn
jarran-reed,Jarran Reed,SEA,90,DT,ACT,75,315,11,Alabama
mason-richman,Mason Richman,SEA,78,G,RES,77,307,2,Iowa
brady-russell,Brady Russell,SEA,38,RB,ACT,75,250,4,Colorado
eric-saubert,Eric Saubert,SEA,81,TE,ACT,77,248,9,Drake
rashid-shaheed,Rashid Shaheed,SEA,22,WR,ACT,72,180,5,Weber State
avery-smith,Avery Smith,SEA,27,CB,ACT,71,196,R,Toledo
jaxon-smith-njigba,Jaxon Smith-Njigba,SEA,11,WR,ACT,72,197,4,Ohio State
beau-stephens,Beau Stephens,SEA,70,G,ACT,77,315,R,Iowa
chris-stoll,Chris Stoll,SEA,41,LS,ACT,74,255,4,Penn State
jalen-sundell,Jalen Sundell,SEA,61,OT,ACT,77,300,3,North Dakota State
chazz-surratt,Chazz Surratt,SEA,44,LB,ACT,74,233,5,North Carolina
drake-thomas,Drake Thomas,SEA,32,LB,ACT,71,228,4,N.C. State
rodney-thomas-4,Rodney Thomas,SEA,24,SAF,DEV,73,196,5,Yale
ricky-white-iii,Ricky White III,SEA,86,WR,DEV,73,181,1,UNLV
leonard-williams,Leonard Williams,SEA,99,DE,ACT,77,310,12,USC
emanuel-wilson,Emanuel Wilson,SEA,23,RB,ACT,70,226,4,Fort Valley State College
devon-witherspoon,Devon Witherspoon,SEA,21,CB,ACT,72,185,4,Illinois
jacardia-wright,Jacardia Wright,SEA,31,RB,DEV,72,218,1,Missouri State
grey-zabel,Grey Zabel,SEA,76,G,ACT,78,316,2,North Dakota State
